subject,body,answer,type,queue,priority,language,tag_1,tag_2,tag_3,tag_4,tag_5,tag_6,tag_7,tag_8
Unvorhergesehener Absturz der Datenanalyse-Plattform,"Die Datenanalyse-Plattform brach unerwartet ab, da die Speicheroberfläche zu gering war. Ich habe versucht, Laravel 8 und meinen MacBook Pro neu zu starten, aber das Problem behält sich bei. Ich benötige Ihre Unterstützung, um diesen Fehler zu beheben.","Ich werde Ihnen bei der Lösung des Problems helfen, indem die Datenanalyse-Plattform neu gestartet wird. Bitte bereiten Sie spezifische Informationen zu Ihren Speichereinstellungen vor, damit wir die Ursache besser ermitteln können.",Incident,General Inquiry,low,de,Crash,Technical,Bug,Hardware,Resolution,Outage,Documentation,
Customer Support Inquiry,"Seeking information on digital strategies that can aid in brand growth and details on the available services. Looking forward to learning more to help our business grow. Thank you, and I look forward to hearing from you soon.","We offer a variety of digital strategies and services to boost brand growth, including social media management and marketing. Let's discuss further; you can reach me at <tel_num> to schedule a call.",Request,Customer Service,medium,en,Feedback,Sales,IT,Tech Support,,,,
Data Analytics for Investment,"I am contacting you to request information on data analytics tools that can be utilized with the Eclipse IDE for enhancing investment optimization. I am seeking suggestions for tools that can aid in making data-driven decisions. Particularly, I am interested in tools that can manage large datasets and offer advanced analytics features. These tools should be compatible with the Eclipse IDE and can smoothly integrate into my workflow. Key features I am interested in include data visualization, predictive modeling, and machine learning capabilities. I would greatly appreciate any recommendations or advice on how to begin with data analytics for investment optimization using the Eclipse IDE.","I am here to assist you with data analytics tools for investment optimization. Please provide more details on your requirements, and I will suggest appropriate options that are compatible with the Eclipse IDE.",Request,Customer Service,medium,en,Technical,Product,Guidance,Documentation,Performance,Feature,,
Krankenhaus-Dienstleistung-Problem,"Ein Medien-Daten-Sperrverhalten trat aufgrund unerlaubten Zugriffes auf. Eine schwache Passwortauswahl ist wahrscheinlich die Ursache. Nach dem Versuch, das Passwort zu ändern, behält das Problem leider anhaltend Bestand.","Zurück zur E-Mail-Beschwerde über den Sperrversuch auf Grund unerlaubten Zugriffes bei den Medien-Daten. Leider bleibt das Problem trotz des Passwort-Umbaus bestehen. Um die Angelegenheit weiter zu erkunden, erbeten Sie mir zusätzliche Informationen zur Sperrung, wie zum Beispiel den genauen Zeitpunkt, wann sie eintrat, und alle Fehlermeldungen, die Sie erhalten haben. Darüber hinaus würde ich einen Telefonanspruch mit Ihnen vereinbaren, um die Probleme zu besprechen und die notwendigen Maßnahmen zu ergreifen, um die Sicherheit Ihrer medizinischen Daten zu sichern. Wenn Sie Zeit für einen Telefonanspruch haben, lassen Sie mich bitte wissen, wann es Ihnen gelegen kommt.",Incident,Customer Service,high,de,Security,Breach,Login,Maintenance,Incident,Resolution,Feedback,
Security,"Dear Customer Support, I am reaching out to inquire about the security protocols you have in place to protect medical data. As a valued customer, I want to ensure that my sensitive health information is handled with the utmost care and confidentiality. Could you please provide me with information on the measures you take to safeguard medical data? Additionally, I would appreciate it if you could inform me about any certifications or compliances your company adheres to, such as HIPAA. I am also keen to know if you have any specific measures to prevent data breaches and unauthorized access. Thank you for your time and assistance. I look forward to your prompt response.","Dear [name], we take the security of medical data very seriously and have implemented strong security measures to protect sensitive information. Our company complies with HIPAA and has obtained the necessary certifications to ensure the confidentiality and integrity of medical data. To prevent data breaches and unauthorized access, we have protocols in place, including encryption and secure storage. If you require more detailed information, I would be happy to discuss this further with you, perhaps over a phone call at your convenience. Please let me know a suitable time to reach you at [tel_num] regarding your [acc_num].",Request,Customer Service,medium,en,Security,Customer,Compliance,Breach,Documentation,Guidance,,
Concerns About Securing Medical Data on 2-in-1 Convertible Laptop with Norton 360,Inquiring about best practices for securing medical data on a 2-in-1 Convertible Laptop. Currently have Norton 360 installed and need guidance on how to properly configure it to protect sensitive medical information. Would greatly appreciate any tips or recommendations you can offer.,"Thank you for your concern regarding securing medical data on your 2-in-1 Convertible Laptop. To properly configure Norton 360 for protecting sensitive medical information, I recommend enabling the firewall and ensuring all updates are installed. Additionally, consider setting up a virtual private network and enabling full disk encryption. It would be helpful to discuss this further. Please let me know a convenient time to call you at <tel_num> to provide personalized guidance and answer any questions you may have.",Request,Technical Support,medium,en,Security,Product,Feature,IT,Tech Support,,,
Ratung für Sicherung medizinischer Daten in HubSpot CRM PostgreSQL-Umgebungen,"Ratung, ob es möglich ist, Sicherung medizinischer Daten in HubSpot CRM PostgreSQL-Umgebungen durchzuführen? Danke.","Wir freuen uns, Ihnen zu raten, Sicherung medizinischer Daten in HubSpot CRM PostgreSQL-Umgebungen durchzuführen. Um mit den Vorschriften von HIPAA in Einklang zu bleiben, ist es wichtig, umfassende Sicherheitsmaßnahmen einzuführen, einschließlich Verschlüsselung, Zugriffskontrolle und regelmäßiger Backups. Wir bieten spezifische Empfehlungen zu Praktiken an, sobald wir mehr Details über das aktuelle Setup und Bedenken erhalten. Sollten Sie verfügbar sein, um weiterzudenken, lassen Sie uns wissen, wann ein geeigneter Zeitpunkt für Sie ist.",Request,Technical Support,medium,de,Backup,Security,IT,Tech Support,,,,
Problem with Integration,"The integration stopped working unexpectedly, causing synchronization errors between our platforms. This might be due to recent modifications to the API. Despite attempting to restart services and examining logs, the problem remains unresolved. I would be grateful for your help in addressing this issue.",I will look into the problem and call you at <tel_num> to discuss it further and arrange a convenient time for resolution.,Problem,IT Support,high,en,Technical,Integration,Bug,Resolution,Outage,Documentation,,
Assistance Request,"Dear Customer Support, I am writing in regards to a recently detected data blocker in our medical data sets. This issue might stem from outdated PHP versions. Despite updating the Elasticsearch and Terraform configurations, the problem persists. I would appreciate any assistance you can provide at your earliest convenience to resolve this matter. Kindly inform me of any additional information you require to continue the investigation and resolution. I look forward to hearing from you soon. Thank you for your time and support. Kind regards, [Your Name]","I have received your report about the data blocker in your medical datasets. To proceed with the investigation, I need more details about the outdated PHP version and the changes made to the Elasticsearch and Terraform configurations. I will contact you at <tel_num> to discuss further.",Problem,Product Support,high,de,Technical,Bug,Security,Maintenance,Documentation,Resolution,,
Support Request,The latest data analysis reports are inconsistent. Potential causes might be input errors due to recent software updates. Please check the input data and re-run the analysis. The issue persists.,Please provide additional details for further investigation and support.,Problem,Product Support,high,de,Bug,Performance,IT,Tech Support,,,,
Issue with Data Analytics Platform - Insufficient RAM Allocation,"I am reaching out to report an issue with our data analytics platform. The platform has crashed, and we believe it might be due to inadequate RAM allocation. We have already tried restarting the server and reviewing the logs, but the problem still exists. We kindly request your assistance in investigating this matter and providing a resolution at your earliest convenience. Please inform us if any additional information from our side is necessary to address this issue. The platform is currently unavailable, and we urgently need it to be operational. Thank you for your consideration and support.","Your email regarding the data analytics platform issue has been received. I regret the disruption caused by the platform's downtime. To better understand and resolve the situation, could you please share the server details and the log files you have examined thus far? Additionally, could you provide the current RAM allocation and the recommended amount for the platform? If scheduling a call would be helpful, I can arrange a time to discuss this matter in greater detail and develop a solution to restore the platform's functionality as swiftly as possible. Please suggest a convenient time for the call.",Problem,Technical Support,high,en,Technical,Outage,Crash,Resolution,Disruption,Guidance,Documentation,
Reported Issue with Project Sync Resulting in Data Loss,"Dear Customer Support,\n\nI am reporting an issue with our project sync, which has led to data loss. This sync failure occurred after recent software updates, possibly due to incompatibility issues. Despite restarting our systems and reviewing firewall settings, the problem remains unresolved.\n\nThe software updates were installed recently, and the sync failure happened shortly thereafter. Our team has attempted to troubleshoot the issue by restarting the systems and reviewing the firewall settings, but these efforts have been unsuccessful.\n\nI would greatly appreciate it if you could investigate this matter and provide a solution to resolve the sync issue and recover the lost data. If there is any additional information or logs you require from our side, please let me know.\n\nThank you for your time and assistance.\n\nBest regards,\n[Your Name]",We will look into the sync issue and contact you for any required information and to assist in finding a resolution.,Incident,Technical Support,high,en,Technical,Bug,DataLoss,SoftwareUpdate,SyncIssue,Resolution,,
Strategies for Brand Expansion,"Hello Customer Support Team, I am writing to seek advice on digital methods that can aid in expanding my brand. In the current digital era, a robust online footprint is essential for business success. I am keen to learn about the strategies you suggest for boosting brand visibility and attracting more customers. Particularly, I am interested in exploring social media marketing, search engine optimization, and content development. I think applying the appropriate digital strategies could significantly advance my brand. Would you be able to offer some insights on this? I look forward to your response. Thanks for your time and support.","Greetings [Name], thank you for contacting our support team to discuss brand expansion strategies. We appreciate your enthusiasm to enhance your online presence. To boost brand visibility and attract a broader customer base, we suggest investigating social media marketing, search engine optimization, and content development. These tactics can help elevate your brand and foster business growth. For more targeted advice, we are ready to delve into your objectives and aspirations. Would you be available for a consultation at your convenience, or should we arrange a call at [Phone Number] to explore these opportunities and develop a customized plan for your brand growth?",Request,Technical Support,medium,en,Customer,Strategy,Guidance,Documentation,Feedback,,,
Issue with Website Analytics Dashboard,"Dear Customer Support, I am encountering a problem with my website analytics dashboard that is not updating. I believe there might be an issue with the API connection. I have already restarted the dashboard and verified my credentials, yet the problem still exists. Could you please investigate and offer a solution at your earliest convenience? If you require any additional information from me, please let me know. Thank you for your assistance, and I look forward to your response.","Dear <name>, we regret the inconvenience you have experienced with your website analytics dashboard. We will look into the potential API connection issue. Could you please provide your <acc_num> and any specific error messages you are receiving so we can assist you further?",Incident,Technical Support,low,en,Technical,Bug,API,Documentation,Resolution,Customer,,
Urgent: Data Breach Identified in Hospital Network,"Data breach found, assistance required",Please handle this data breach with urgency. Kindly share the specifics of the issue at hand and an expert will be assigned to assist you promptly.,Incident,Technical Support,high,en,Security,Network,Outage,IT,,,,
Request for Assistance with Data Integration,"We are encountering data integration problems while optimizing investments using analytics tools. These issues might be due to unexpected software compatibility problems between various applications. Despite updating the software and checking for configuration errors, the problem continues. We would greatly appreciate your guidance in resolving this matter to ensure a smooth data flow and accurate analysis. Please inform us of the next steps to address this issue.",Please review the data integration issue and contact us at <tel_num> to discuss the next steps. We will provide guidance on resolving the software compatibility issues to ensure a smooth data flow and accurate analysis. Your account number is <acc_num>.,Problem,Customer Service,low,en,Bug,Performance,IT,Tech Support,,,,
Request for Updating Integration Features on Mobile,I am writing to request an update to the integration features in our mobile applications. The current features are outdated and not compatible with recent software versions. I would like to request enhancements to ensure seamless functionality with the latest software versions.,"Dear [Name], we appreciate your request to update the integration features in our mobile applications. We will review the compatibility issues and work on enhancements. Could you please provide details on the software versions you are using and contact us at [Tel Number] to discuss the necessary updates?",Change,Product Support,low,en,Feature,IT,Tech Support,,,,,
Problem with Data Analytics Software Frequent Crashes,"The data analytics software used by the financial firm is experiencing frequent crashes, likely due to RAM limitations and software conflicts.","Dear [Name], we apologize for the frequent crashes of your data analytics software. We will investigate potential causes, including RAM limitations and software conflicts. Please provide us with details of any error messages you are receiving and your system configuration. To better assist you, please schedule a call at <tel_num> and we can discuss a solution for your <acc_num> account. We will get back to you shortly with the next steps.",Problem,Technical Support,high,en,Bug,Crash,Performance,Hardware,IT,Tech Support,,
Urgent: Identification of a Data Breach within the Patient Records System,Breach in data identified,Commencing immediate investigation into the data breach,Incident,Customer Service,high,en,Breach,Security,Incident,Resolution,Investigation,,,
,"To Whom It May Concern, I am contacting you to report a possible data breach, which may be related to outdated software. Despite my attempts to update various programs, including Snagit, Ansible, and Firebase, the problem continues. I am worried about the security of my data and would appreciate your help in addressing this issue promptly. Could you advise on the next steps or suggest a solution to prevent future breaches? I value your swift response to this matter and eagerly await your guidance. Please inform me if you require any further information to assist me. I can be reached at your convenience to discuss this further. Thank you for your support in resolving this issue. Please provide any necessary reference number <ref_num> for my records, and I look forward to your prompt follow-up.","Dear <name>, We acknowledge your email regarding a suspected data breach possibly due to outdated software. We regret any concern this has caused and thank you for your proactive attempts to update your programs. To better assist you, we need additional information regarding the breach. Could you please share details on the updates you've installed and any error messages you've encountered? Additionally, it would be useful to know the specific data you believe has been compromised. I am available for a phone call if you prefer. Please let me know a convenient time for you. In the meantime, I have assigned a reference number <ref_num> to your case and will contact you within the next 24 hours. Thank you for bringing this matter to our attention, and we look forward to resolving it promptly for you.",Incident,Product Support,high,en,Security,Breach,Technical,Outdated Software,Follow-Up,Guidance,Documentation,Reference Number
Notwendige Technische Unterstützung,"Sehr geehrte Kundensupport, wir begegnen momentan unregelmäßigen Ladezeiten bei unserer Projektmanagement-Plattform. Möglicherweise ist dies auf erhöhte Nutzungsdaten zurückzuführen. Wir haben bereits den Cache geleert, die Serverleistung überprüft und die Anwendungsdiener neu gestartet. Trotz unserer Anstrengungen besteht das Problem weiterhin. Wir schätzen Ihre Unterstützung, um bald eine Lösung anzubieten. Bitte geben Sie uns, falls nötig, weitere Informationen zur Verfügung, um das Problem zu lösen.","Sehr geehrte [name], danke für Ihre Nachricht. Wir werden uns um das Problem bald kümmern und versuchen, eine Lösung zu finden. Könnten Sie uns bitte die detaillierte Fehlermeldung zu [acc_num] zur Verfügung stellen? Falls nötig, können wir auch telefonisch nach dem Problem suchen, um die beste Lösung zu ermitteln.",Problem,Technical Support,medium,de,Tech Support,Performance,IT,Network,,,,
Urgent: Update Encryption Protocols for JIRA and HubSpot CRM Systems,"Hello customer support, I am contacting you to highlight the urgent requirement to enhance encryption protocols on our JIRA and HubSpot CRM systems in order to secure medical data effectively. This update is vital for safeguarding sensitive information and ensuring adherence to regulatory standards. Could you please undertake these updates as soon as possible and notify me upon completion? If you need any more details from me, please let me know.","Thank you for bringing this to our attention, <name>. We recognize the urgency of updating encryption protocols on your JIRA and HubSpot CRM systems to protect medical data. We are committed to safeguarding sensitive information and maintaining compliance with regulatory requirements. For the update process, could you provide us with your <acc_num> and the current versions of JIRA and HubSpot CRM you are using? This will help us expedite the necessary updates. We will inform you once the updates are completed. If needed, we can arrange a call at <tel_num> to discuss further. Please specify a convenient time for the call if you prefer. We will prioritize this request and keep you updated on our progress.",Change,IT Support,medium,en,Technical,Security,Breach,Compliance,Urgent,Documentation,Update,Encryption
Guidelines for Securing Medical Data on macOS Systems with Symantec Endpoint Protection,Could you provide guidelines on securing medical data on macOS systems using Symantec Endpoint Protection? Thank you for your assistance.,I will provide guidelines on securing medical data on macOS systems using Symantec Endpoint Protection via email shortly.,Request,Billing and Payments,medium,en,Security,Documentation,IT,Tech Support,,,,
Problem with Software Update,Data analytics functions are disrupted following the latest software update. Efforts to restart and reinstall the software have been unsuccessful.,"We apologize for the disruption caused by the recent software update. We would like to investigate and resolve the issue with your data analytics. Could you please provide any error messages you are seeing? For your convenience, we are available to discuss possible solutions over a call at <tel_num>. ",Incident,Technical Support,medium,en,Bug,Performance,Feature,IT,Tech Support,,,
Slowness observed in the data analytics platform,"There has been a noticeable slowdown in the data analytics platform. It might be due to inadequate server resources. Despite restarting the servers and verifying the configurations, the problem continues.","Dear <name>, thank you for contacting us regarding the slowdown in the data analytics platform. We understand how this issue has affected you. We will delve into the root cause. As you have already attempted to restart the servers and reviewed the configurations, our next action will be to examine the server resource usage. Could you provide us with the current server load details and any recent modifications made to the platform? We will call you at <tel_num> to discuss this further if required.",Incident,Technical Support,medium,en,Technical,Performance,Outage,Resolution,Documentation,Maintenance,,
Verlust medizinischer Daten gemeldet,"Unverschlüsselte medizinische Daten auf ungeschützten Geräten wurden durch alte Software übernommen. Versuche, die Systems neu zu starten und Virenscans durchzuführen, wurden unternommen.","Wir nehmen den Datenverlust ernst.Bitte geben Sie Details zu den beteiligten Geräten und der verwendeten Software an. Ich werde Sie an <tel_num> kontaktieren, um weitere Maßnahmen zur Datenverschluesslung und zukuenftigen Verlustvermeidung zu besprechen.",Incident,Technical Support,high,de,Security,Breach,Crash,Hardware,Maintenance,Backup,Virus,Incident
Best Practices for Securing Medical Data with Snagit and KNIME,"I am contacting you to seek advice on the secure management of medical data when utilizing Snagit and KNIME. Given the sensitive nature of the data, I am keen to adhere to all necessary security protocols. Could you offer guidance on the secure storage and transmission of medical images and data through these tools? Additionally, I would be grateful for any suggestions on encryption, access control, and compliance with applicable regulations. I appreciate your consideration and anticipation of your prompt response. I am eager to hear from you soon.","Certainly, I am glad to assist you in securing medical data with Snagit and KNIME. To ensure compliance, I suggest encryption, access control, and the use of secure storage solutions. We can explore specific best practices suited to your needs. Could you please share details about your current setup and workflow? I am also available to speak further over a call; how about reaching out at <tel_num> as per your convenience?",Request,Customer Service,low,en,Security,Compliance,Guidance,Documentation,,,,
Guidance on Optimizing Investment Strategies Using Data Analytics,"Dear Customer Support, I am writing to request assistance in optimizing my investment strategies through the use of data analytics. The abundance of data available can be daunting, and I believe data analytics tools can aid in making more precise forecasts and maximizing returns. However, I need guidance on how to effectively use these tools. Could you provide me with some pointers on getting started? It would be greatly appreciated if you could recommend the most suitable data analytics tools for investment analysis, as well as offer tips on how to interpret the data and make informed decisions. Additionally, I would like to know if you have any resources or tutorials available that can help me learn more about data analytics and its application in investment strategies. I am very eager to learn more about this topic and appreciate your assistance in this matter. I look forward to your response. Best regards, [Your Name]",I am providing guidance on data analytics tools for investment analysis and recommending resources for further learning. Please allow me to contact you at your convenience.,Request,Product Support,high,en,Technical,Customer,Guidance,Documentation,Training,,,
Requirements for Wave Integration with Outlook 2021,"I am contacting you to seek information regarding the prerequisites for integrating Wave with Outlook 2021. Could you kindly furnish me with the essential details, including the minimum system specifications such as the operating system, processor speed, and memory capacity, to ensure a seamless integration process? Furthermore, are there any specific software or plugin prerequisites that need to be met? Additionally, it would be greatly appreciated if you could share any troubleshooting advice or typical issues that might occur during the integration. I am eagerly looking forward to your response and resolving this matter. Thank you for your time and support.","Hello <name>, to integrate Wave with Outlook 2021, make sure you have a 64-bit operating system, a minimum 2.0 GHz processor, and at least 4 GB of memory. You will also need to install the Wave plugin for Outlook. For troubleshooting, please refer to our website for common issues and solutions. If you require further assistance, I am available to schedule a call at <tel_num> to guide you through the process. Please let me know a suitable time for your <acc_num> account.",Request,Service Outages and Maintenance,high,en,Technical,Integration,Software,Guidelines,Troubleshooting,Plugin,SystemRequirements,CustomerSupport
Issue Regarding Encryption,"Dear Customer Support, I am writing to report a problem with our medical data encryption. This issue has appeared suddenly and might be related to a software update issue. We have already tried restarting the servers and checking the configurations, but the problem persists. The malfunction occurred without prior warning and we are concerned about the security of our data. We would greatly appreciate it if you could investigate this further and provide a solution as soon as possible. Please let us know if you require any additional information from us to resolve this issue.","Dear <name>, thank you for bringing the issue with your medical data encryption to our attention. I appreciate your concerns regarding the security of your data. To assist you further, could you please provide the version of the software update and the specific error report you received? Additionally, it would be helpful if you could indicate the time when the issue first appeared and any recent changes that were made to your system. I will review your request and find a solution as soon as possible. If necessary, I will schedule a call to discuss the case in more detail and resolve it.",Problem,Product Support,medium,de,Technical,Security,Breach,Documentation,Investigation,Resolution,,
Problem with Invoice,"I am encountering a problem with my invoice. The amount shown online is not accurate. I have attempted to resolve this by refreshing the page and signing out then back in, but the issue still exists. I believe it might be a technical error or a data synchronization issue. Can you please investigate this for me and give me a corrected invoice total?","In response to your email about the incorrect total on your invoice, I want to acknowledge the inconvenience this has caused you. To better assist you, could you provide your account number and the specific invoice number you are referring to? I will look into the matter and determine the reason for the discrepancy. If necessary, I may need to contact you to discuss further; please let me know your availability for a call at your convenience. We aim to provide you with the corrected invoice total as soon as possible. Please let me know if you have any additional information that can help resolve this issue.",Incident,Billing and Payments,low,en,Billing,Technical,Invoice,Payment,Account,Bug,,
Anfrage für technischen Support,"Es gibt plötzliche Verbindungsstörungen auf mehreren Plattformen und Geräten. Ich habe versucht, die Geräte neu zu starten und die Netzwerkeinstellungen zu überprüfen, aber das Problem tritt immer noch auf.","Wir stehen Ihnen zur Verfügung, um das Verbindungsproblem zu beheben. Geben Sie bitte mehr Details zur Fehlernachricht oder den Symptomen an, damit wir Ihnen weiterhelfen können.",Incident,Technical Support,high,de,Technical,Network,Outage,Crash,Hardware,,,
Enquiries on Shopware Integrations with Google Cloud and Microsoft Azure,"Hello Customer Support, I am writing to inquire about the integrations that are currently available for Shopware with Google Cloud Platform and Microsoft Azure services. I am currently using Shopware as my e-commerce platform and I am keen to explore the integration opportunities with Google Cloud Platform and Microsoft Azure services. Would you be able to provide me with a detailed list of the available integrations and their descriptions? Furthermore, I would be grateful for any assistance in understanding how to set up and configure these integrations. Specifically, I am interested in knowing more about the integration with Google Cloud Storage, Google Cloud Functions, and Microsoft Azure Storage. Could you also inform me about any future plans for new integrations? Lastly, I would appreciate any insights into the limitations or restrictions on the use of these integrations. I look forward to your response and hope to receive detailed guidance on this matter. Thank you for your time and support. Kind regards, [Your Name]","Hello [Your Name], we appreciate your interest in exploring integrations for Shopware with Google Cloud Platform and Microsoft Azure services. We can offer you a comprehensive list of available integrations and their descriptions, including Google Cloud Storage, Google Cloud Functions, and Microsoft Azure Storage. I would like to arrange a call with you at [tel_num] to discuss your specific requirements in more detail and provide tailored guidance. Please let me know a convenient time for the call.",Request,Technical Support,high,en,Technical,Integration,Guidance,Documentation,Customer,,,
Enhancing Security for Medical Data Transmission Systems,"Hello Customer Support, I am writing to inquire about enhancing security for the transmission and storage of medical data. Given the sensitive nature of medical information, it is crucial that it is protected with the highest level of security to safeguard patient details. Could you please share the current encryption methods used by your organization and the steps taken to ensure the secure handling of medical data? Additionally, are there plans to introduce further security enhancements, such as multi-factor authentication and encryption key management? Your insights on this matter would be greatly appreciated. Thank you for your time and cooperation. I eagerly await your response.","Hello <name>, thank you for contacting our customer support team concerning the enhancement of security for medical data transmission and storage systems. We understand the importance of securing such sensitive information and currently employ advanced encryption techniques to protect patient data. Our company utilizes strong encryption protocols to ensure the secure transmission and storage of medical information. We are continuously evaluating and improving our security measures to address potential threats. Regarding the implementation of multi-factor authentication and encryption key management, we are indeed considering these additional security measures to further strengthen the protection of medical data. I would be glad to discuss this further with you and provide more detailed information about our current security protocols and future plans. If you are available for a discussion at a convenient time, please let me know a suitable time and I will contact you at <tel_num>.",Change,Technical Support,high,en,Security,Customer,Medical,Encryption,MultiFactorAuthentication,KeyManagement,,
Expansion of Digital Brand,"Customer support, reaching out for inquiries about digital strategy services to aid in brand growth. Would appreciate detailed information and pricing for the services offered. Thank you for your assistance, and I look forward to hearing back soon.","<name>, thank you for reaching out regarding digital strategy services to support brand growth. We offer a range of services designed to help businesses enhance their online presence and reach their target audience. Our services include social media management, content creation, and search engine optimization. We would be happy to provide more information and pricing. To better understand your needs and provide a personalized solution, could you please provide us with more details?",Request,Customer Service,low,en,Feedback,Sales,Tech Support,,,,,
Support for Data Analytics Platform Crash,"The data analytics platform encountered issues while processing client investment reports due to high server load and software conflicts, despite restarting applications and checking for updates. The problem continues and requires your assistance.",We need your help to resolve the crash on the Data Analytics Platform. Please provide any error messages and assist with troubleshooting.,Incident,IT Support,medium,en,Crash,Performance,IT,Tech Support,,,,
Tech Support Inquiry,"I am contacting you to ask about the integration possibilities for ClickUp within my existing technology infrastructure. Could you send me a detailed list of tools that are compatible with ClickUp and a short explanation of their integration features? Additionally, I would be grateful for any instructions on setting up these integrations and any supplementary materials you can provide.","Dear <name>, we have noted your email concerning ClickUp's integration options. We offer several compatible tools that can integrate with ClickUp, such as Google Drive, Trello, and Slack. We can send you a list with brief descriptions of their integration processes. If you need setup instructions and further resources, we are available to call you at your convenience. Would you be free for a call at <tel_num> or do you prefer a different time?",Request,IT Support,medium,en,Technical,Integration,Tool,Guidance,Documentation,,,
Problems with SaaS-Tools Integration,System downtime affecting JIRA and Google Meet. Restarting services and clearing caches resolved the issue.,"Investigate the integration issues with SaaS-Tools, particularly JIRA and Google Meet. Could you please provide detailed error messages? Additionally, we need your account number and contact information to assist further. Once provided, we can arrange a call to discuss potential solutions.",Incident,Service Outages and Maintenance,high,de,Bug,Outage,Disruption,Performance,IT,Tech Support,,
Support for Expanding a Brand,Seeking information on digital marketing tactics for brand growth. Please provide specifics on the services you offer.,"Appreciate your inquiry. We provide a range of digital marketing services to support brand growth, including social media management and search engine optimization. Let's discuss the details further.",Request,Technical Support,low,en,Feedback,Sales,IT,Tech Support,,,,
Update Integration Settings for Compatibility,"Customer support, requesting an update to the integration settings for various software tools to enhance compatibility with our scalable SaaS platform. The current settings, although optimized, are causing issues with data synchronization. I would greatly appreciate your assistance in updating these settings as soon as possible. Please let me know the necessary information so we can proceed.","Hello [name], we are happy to assist with updating the integration settings for compatibility. Could you please provide us with the specific software tools you are currently using and any current settings? This information will guide our update process. Additionally, we can schedule a call at your convenient time at [tel_num] to discuss further. Please let us know a suitable time for you.",Change,IT Support,medium,en,Feature,IT,Tech Support,,,,,
Notwendige technische Unterstützung,"Viele Werkzeuge funktionierten zeitgleich aus, verursacht durch einen Netzwerkausfall.","Wir entschuldigen uns für die dadurch verursachten Unannehmlichkeiten. Unser Team beschäftigt sich bereits damit, den Fehler so schnell wie möglich zu beheben. Bitte starten Sie die Werkzeuge neu und überprüfen Sie, ob sich der Fehler lindert. Falls der Problemfall sich nicht verbessert, wird ein Techniker hinschicken, um Ihnen zu helfen. Wir bedanken uns für Ihr Verständnis und geben Ihnen bald eine Aktualisierung zum Status der Reparatur.",Problem,IT Support,high,de,Technical,Network,Outage,Bug,Crash,Disruption,,
Digital Campaign Synchronization Problem Noted,"Hello Customer Support, <br>A digital campaign synchronization issue has been observed by me and I am reporting it here. <br>The issue surfaced after the recent software updates and configuration alterations. <br>Steps taken to troubleshoot include restarting the devices and verifying internet connectivity, but unfortunately, the issue still exists. <br>I kindly request you to examine the situation and offer a resolution at the earliest. <br>Please inform me if you need any further details from me for the resolution. <br>I am eagerly awaiting your response. <br>Thanks a lot for your attention and help. <br>Best regards, [Your Name]","Hello [name], We have noted your email concerning the digital campaign synchronization problem. Could you please share the <acc_num> and elaborate on the software updates and configuration changes that were implemented? I will look into this and get back to you with a solution as soon as possible. If necessary, I will reach out to you at <tel_num> for additional discussions.",Incident,IT Support,low,en,Technical,Bug,Software,Configuration,Resolution,Feedback,,
,"During the last deployment, users encountered notable performance issues with the application. This might be due to unoptimized code introduced in the latest update. We have already restarted the servers and rolled back the update, but the problems continue. The team is currently actively investigating the cause and working on a solution to restore optimal performance.",We are aware of the issue and the team is actively investigating to resolve the application performance slowdown. We will provide an update soon as a possible solution is found.,Problem,IT Support,high,en,Performance,Bug,IT,Tech Support,,,,
Support Needed,"Customer Support, facing issues with unauthorized access attempts to medical data in my report. The problems might be due to outdated security protocols. Despite efforts to enhance encryption and update system settings, these measures have been unsuccessful. I would greatly appreciate some guidance to resolve the issue and prevent similar occurrences in the future. Please let me know the next steps to take. Thank you for your assistance, and I look forward to hearing from you soon.","<name>, thank you for reporting unauthorized access attempts to medical data. I understand your concern and would be happy to help. To better assist you, could you discuss the issue further and provide details on the current security protocols and the updates that have been attempted? I will be available to call at <tel_num> to guide you through the next steps to enhance the security of the system and prevent future occurrences. Please let me know a suitable time to call. I look forward to speaking with you soon.",Problem,Billing and Payments,high,en,Security,IT,Tech Support,Performance,,,,
Support Request for Data Breach Issue,"There has been an unexpected data breach that may have compromised sensitive medical data. This is likely due to insufficient security measures and outdated software. Actions taken include securing the system, updating passwords, and monitoring network activity. Assistance is needed to ensure the necessary steps are taken to protect sensitive information and prevent future breaches.",Please review the case and contact +1-800-123-4567 to discuss the necessary assistance.,Incident,Customer Service,low,en,Security,Virus,IT,Tech Support,,,,
Support Inquiry for Invoice Management,"Please contact us to obtain details about the invoice management options in our software, including subscription renewal services. Would you like more information on various pricing models and plans? I look forward to providing details on available discounts and promotions, including potential discounts for long-term contracts or bulk purchases. Additionally, I would be happy to discuss our security measures and the methods we use to protect customer data. Thank you for your patience and I look forward to your response soon.","Dear [Name], thank you for your inquiry regarding invoice management. The Service-Desk is currently handling your request. We appreciate your interest in our subscription renewal services and invoice management options. We offer various plans and pricing models, including monthly and annual subscriptions, with discounts available for long-term commitments and bulk orders. Current promotions include a 10% discount for new customers and a 5% discount for referrals. To provide more detailed information, I would like to arrange a call to discuss your specific needs and address any questions you may have. We look forward to your response.",Request,Billing and Payments,low,de,Billing,Payment,Refund,Sales,Feature,Documentation,,
Support for Digital Marketing,Request for enhancements in digital marketing tools integration to optimize software performance. Aim is to enable effective brand growth strategies and improve the overall customer experience. Appreciate if could look into this matter and provide a solution as soon as possible. Thank you for your time and assistance.,<name> received your request for enhancements in digital marketing tools integration to optimize software performance. The goal is to enable effective brand growth strategies and improve the overall customer experience. Would appreciate it if could gather more information to better understand your requirements. Could please provide specific details and information regarding the enhancements you are looking for and the current challenges you are facing. This will help in providing a suitable solution and proposing the next steps to achieve your goals and improve overall performance.,Change,IT Support,medium,en,Feature,Performance,Feedback,IT,Tech Support,,,
Technische Probleme,Die Data-Analytics-Plattform funktioniert nicht richtig und es werden unkorrekte Investment-Analyse-Fehlermeldungen generiert. Dies könnte auf einen Software-Fehler hindeuten.,"Wir untersuchen aktuell das Problem mit der Data-Analytics-Plattform. Um Ihnen besser zu helfen, bitten wir Sie, die genaue Uhrzeit der unkorrekten Investment-Analyse-Fehlermeldungen und eventuelle Fehlermeldungen, die Sie erhalten haben, mitzuteilen. Diese Informationen helfen uns, den möglichen Software-Fehler zu untersuchen und eine Lösung zu finden. Falls notwendig, können wir telefonisch mit Ihnen im vereinbarten Zeitpunkt diskutieren. Bitte geben Sie ein geeignetes Zeitfenster für den Anruf an <tel_num>.",Incident,Customer Service,medium,de,Bug,Performance,IT,Tech Support,,,,
Medical Support,"I am reaching out to inquire about solutions that can secure medical data and enhance hospital infrastructure. Could you provide details on the services you offer, including data encryption and network security? I would greatly appreciate any information that could help improve the overall efficiency of hospital operations. Thank you for your time and assistance. I look forward to hearing from you soon.","We offer data encryption and network security solutions to secure medical data and enhance hospital infrastructure, which can improve operational efficiency. Please call <tel_num> to discuss the details and provide information on our services.",Request,Product Support,high,en,Network,Security,Performance,IT,Tech Support,,,
Aid for Issues with Website Performance,"Dear Customer Support, the performance of the agency websites has significantly slowed down, causing delays in campaign management. Despite clearing caches and optimizing images, the issues persist. I suspect that this might be due to increased traffic or underlying infrastructure problems. Could you please investigate and offer a solution to improve website performance?","Dear [Name], we have taken note of your email regarding the issues with the agency website performance. We apologize for the inconvenience this has caused with the campaign management. To better assist you, we would appreciate any additional information about the website, such as the host platform and any recent changes. If possible, we would be happy to discuss potential solutions over the phone at [Phone Number], such as optimizing database queries or upgrading the hosting plan. Please inform us of a convenient time for the call.",Incident,Technical Support,low,de,Performance,Disruption,IT,Tech Support,,,,
Technical Help,"The scanner is not functioning correctly because of old drivers and recent macOS updates. Despite efforts to restart, update software, and reinstall drivers, the problem remains unresolved.","To resolve your scanner issue, could you kindly share your computer and scanner model along with the version of macOS you are running so that I can guide you on the appropriate drivers and updates?",Incident,IT Support,medium,en,Technical,Hardware,Software,Driver,Update,Resolution,,
Problem with SQL Server Downtime,"Faced an SQL Server outage that disrupted data analytics processing, impacting investment optimization. The outage might be due to high query loads on the server. Restarted the SQL Service and reviewed the server logs for any errors.","Noted the SQL Server outage issue affecting data analytics processing. To investigate further, could you please provide details on the high query loads that might have caused the outage? Additionally, I would like to review the server logs for any errors. If necessary, we can schedule a call to discuss the issue and explore possible solutions to prevent future outages. Please let me know a convenient time to contact you at <tel_num>.",Incident,Technical Support,medium,en,Outage,Performance,Network,Recovery,IT,Tech Support,,
Strategies for Enhancing Digital Brand Growth,I hope this message finds you well. I am interested in learning about effective digital strategies that can help boost brand growth and engagement for businesses. Could you share some insights or recommendations on this matter? Your input would be greatly appreciated.,"Hello <name>, thank you for reaching out with your inquiry regarding digital brand growth and engagement strategies for businesses. To enhance brand growth and engagement, we suggest developing a robust online presence through social media marketing, search engine optimization, and content creation. Let's delve deeper into these strategies and tailor recommendations to fit your specific requirements. Could you please provide more details about your business and goals? If you're available, I propose scheduling a call at <tel_num> to discuss these strategies in more detail and address any questions you may have about our services and how we can support you.",Request,Customer Service,medium,en,Digital,Strategy,Growth,Brand,Engagement,Business,Feedback,
Support for QuickBooks,"I am seeking information on billing options and the integration of the QuickBooks Online SaaS platform. Could you provide details on the available plans and pricing? I would appreciate it if you could explain the benefits of each plan and how they cater to different business needs. Additionally, I would like to know if there are any discounts available for long-term commitments and if a free trial period is offered. Please let me know the necessary information to assist with my inquiry.","Thank you for your interest in integrating the QuickBooks Online SaaS platform. We offer various plans with different pricing and benefits. To provide you with detailed information, could you please provide us with more details about your business needs? We are happy to discuss the plans and pricing and let you know if you are eligible for any discounts or if a free trial period is available.",Request,Billing and Payments,high,en,Billing,Payment,Refund,Sales,Feature,Documentation,,
Support Required,"Dear Customer Support, I am writing to report an issue with the data visualization dashboard. The dashboard is not loading, and I suspect it might be due to an outdated browser version. I have already tried restarting my browser and clearing the cache, but the problem still persists. I would greatly appreciate your assistance in resolving this matter. Please let me know if there are any additional steps I can take or if you require more information from me. I am available to provide further details if needed. Thank you for your time and support. I look forward to hearing from you soon. Sincerely, [Your Name]","Dear [Your Name], thank you for reporting the issue with the data visualization dashboard. We will investigate and contact you shortly. Could you please confirm your browser version and provide a screenshot of the error message for further assistance?",Incident,Technical Support,low,en,Technical,Customer,Outage,Bug,Browser,Resolution,,
Concerns with Data Analytics,The data analytics tool is yielding inconsistent results. It appears recent software updates might be the cause of data input errors. Efforts to revert to previous versions and validate input data have been unsuccessful.,"In response to your email regarding issues with the data analytics tool, I am sorry to hear that you are experiencing inconsistent output. I understand that your attempts to revert to previous versions and validate input data were unsuccessful. To help us investigate the issue, we would like to gather some information. Please provide the exact error message you are seeing and the steps you took to try and resolve the issue. It would also be helpful to know which version of the software you are currently using and the approximate time frame of the issue.",Incident,Human Resources,medium,en,Bug,Performance,Feature,IT,Tech Support,,,
,"Dear Customer Support, the critical data analytics report generation has failed due to software compatibility issues arising from recent updates. I have attempted to reinstall the affected software and restart the systems, but the issue still persists. I urgently need assistance to resolve this matter to avoid any delays.",We will assist with resolving the software compatibility issue. Please provide details on the updates and affected software so we can investigate further.,Incident,Technical Support,high,en,Bug,Performance,IT,Tech Support,,,,
Bericht über einen Fehler in der Datenaufbereitungsoberfläche,"Sehr geehrte Kundenservice, ich wende mich an Sie, um einen Fehler in unserer Datenaufbereitungsoberfläche zu melden. Die Oberfläche ist während der Nacht nicht aktualisiert worden, aufgrund eines Synchronisierungsfehlers. Ich bin der Meinung, dass dies ein Problem mit dem Smartsheet-API sein könnte. Bislang habe ich versucht, Smartsheet neu zu starten und unsere Netzwerkverbindung zu überprüfen, aber das Problem behält sich bestehen. Ich würde mich freuen, wenn Sie mir helfen könnten, dieses Problem zu lösen. Bitte geben Sie mir Bescheid, falls Sie weitere Informationen benötigen. Vielen Dank für Ihr Verständnis und Ihre Unterstützung. Ich freue mich darauf, Ihre Rückmeldung zu erhalten.","Sehr geehrte <name>, vielen Dank, dass Sie sich an unseren Kundenservice gewandt haben, um das Problem mit Ihrer Datenaufbereitungsoberfläche zu melden. Es tut mir leid, dass die Oberfläche sich während der Nacht aufgrund eines Synchronisierungsfehlers nicht aktualisieren konnte. Wir danken Ihnen für die Schritte, die Sie bisher unternommen haben, darunter das Neustart von Smartsheet und die Überprüfung Ihrer Netzwerkverbindung. Um dieses Problem weiter zu untersuchen, könnten Sie uns bitte mehr Details zu den Fehlern geben, die Sie sehen, und zu Änderungen, die Sie in letzter Zeit an Ihrem Smartsheet-Konfiguration vorgenommen haben. Darüber hinaus könnten wir es nötig haben, mit Ihnen zu sprechen, um dieses Problem weiter zu diskutieren. Wären Sie für eine Telefonkonferenz am geeigneten Zeitpunkt verfügbar? Bitte geben Sie uns eine passende Zeit für <tel_num>, oder wir vereinbaren eine Konferenz zu unserer frühesten Gelegenheit. Wir werden unser Bestes tun, um dieses Problem so schnell wie möglich zu lösen und Ihre Datenaufbereitungsoberfläche zu aktualisieren.",Problem,Product Support,medium,de,Technical,Bug,Crash,Feedback,Resolution,,,
Digital Strategies for Growth,"Dear Customer Service, I am interested in exploring digital strategies that can aid in the growth of our brand. I am particularly interested in understanding various digital channels and tools that can help our company promote itself and engage with customers. Could you please provide more information on digital marketing efforts, such as Social Media, E-Mail Marketing, and Search Engine Optimization (SEO)? I would greatly appreciate insights into how these strategies have contributed to market success. Thank you for your time.","Dear [Name], thank you for your email regarding digital strategies for growth. We utilize various digital channels including Social Media, E-Mail Marketing, and SEO to promote our brand and engage with customers. I would be happy to discuss this further. Please share a suitable time slot for a call at [Phone Number], so we can explore these digital marketing efforts together and see how they can support market growth.",Request,Technical Support,medium,de,Feedback,Sales,Marketing,Documentation,IT,Tech Support,,
Support Inquiry,"Digital campaign analysis has stopped, need to update, brand growth tracking is affected. Integration issues with various tools are to blame. API connections need to be checked, looking for software updates.","To resolve this, further information and solutions will be needed to contact us.",Incident,Technical Support,medium,de,IT,Tech Support,Performance,Bug,Feature,,,
System Requirements,I would like to know the system requirements for your project management SaaS platform to check compatibility.,"Dear Support Team, thank you for reaching out to us regarding the system requirements for our project management SaaS platform. The system requirements include at least 4GB of RAM, a processor running at 2.4 GHz, and a compatible web browser such as Google Chrome or Mozilla Firefox. For detailed information, I can provide you with a link to our website where you can find the full system requirements. Should you have any further questions or concerns, please let me know and I will be glad to assist you.",Request,Technical Support,medium,de,Technical,Software,Compatibility,Documentation,,,,
Inquiry on System Requirements for Project Management SaaS,"I am contacting you to seek details on the necessary system specifications for the optimal functioning of your project management software as a service. Could you furnish me with the minimum and recommended system configurations, including the processor speed, memory capacity, and the required operating system? This information is crucial for ensuring that our team's devices meet the requirements and can operate the software seamlessly.","I will provide you with the system requirements for our project management SaaS. You can find the details on our website, or I can call you at your convenience to discuss further.",Request,Customer Service,high,en,Technical,Product,Documentation,Guidance,,,,
Customer Support,"Our marketing agency has encountered software malfunctions that are affecting our brand growth strategies. Recent system updates have been conflicting with our existing applications, leading to these issues. Despite our efforts to troubleshoot by reinstalling the affected software and clearing caches, the problems continue. We need your assistance to resolve these issues and get our systems running smoothly again.","Dear [Name], we apologize for the inconvenience caused by the software malfunctions. We appreciate the troubleshooting steps you have taken so far. To better understand the issue, could you please provide details on the system updates and existing applications that are conflicting? Additionally, knowing the exact error messages you are receiving would be very helpful. We would like to schedule a call to discuss the issue and work on a resolution. We are available at your convenience. Please let us know a suitable time for us to arrange.",Incident,Technical Support,high,en,Bug,Performance,IT,Tech Support,,,,
Continuous Issues with Online Product Display,"Facing difficulties with online product display during customer engagement. Campaign budget adjustments, keyword refinement, and improvements are needed.",I apologize for the ongoing issues with the online product display. I would like to discuss this further. Please provide more details on the campaign and the steps taken so far. You can contact us at <tel_num> to assist with resolving the problem.,Incident,Returns and Exchanges,medium,de,Feature,Feedback,Performance,Documentation,,,,
Verbesserung des Projekt-Managements mit Ubuntu 20.04 LTS und Redis 6.2,"Sehr geehrte Kundenservice, ich schreibe in diesem Brief, um zu erkundigen, wie ich Ubuntu 20.04 LTS mit Redis 6.2 integrieren kann, um die Skalierbarkeit und Leistung des Projekt-Managements zu verbessern. Ich denke, dass diese Integration unser Team in der Lage setzen wird, größere Workloads zu verarbeiten und unseren Kunden bessere Dienstleistungen anzubieten. Könnten Sie mir bitte mehr Informationen dazu geben, wie ich diese Integration umsetzen kann? Ich würde jede von Ihnen bereitgestellte Ratgebersupport oder Ressourcen sehr schätzen. Zusätzlich würde ich gerne wissen, ob es bestimmte Systemanforderungen oder potenzielle Herausforderungen gibt, die ich beachten sollte. Ich freue mich darauf, von Ihrer Unterstützung zu hören. Vielen Dank für Ihre Zeit und Ihre Hilfe. Ich freue mich darauf, von Ihnen bald zu hören. Mit freundlichen Grüßen, [Ihr Name]","Sehr geehrte [name], wir bedanken uns für Ihr Interesse an der Integration von Ubuntu 20.04 LTS mit Redis 6.2 für die Verbesserung des Projekt-Management. Um Ihnen bei dieser Integration zu helfen, empfehlen wir Ihnen, unsere offiziellen Dokumentationen und Tutoriumsleitfäden auf unserer Website zu überprüfen. Bei spezifischen Systemanforderungen empfehlen wir eine Mindestmenge von 4 GB RAM und ein Dual-Core-Prozessor. Potenzielle Herausforderungen könnten die Kompatibilität mit anderen Software liefern. Wenn Sie weitere Beratung benötigen, geben Sie uns bitte ein geeignetes Zeitfenster an, um an der Telefonnummer <tel_num> anzurufen und Ihren Projekt zu besprechen und Ihnen spezifische Unterstützung anzubieten. Wir freuen uns darauf, Ihnen dabei zu helfen, Ihre Ziele zu erreichen.",Change,Technical Support,high,de,Customer,Product,Feature,Integration,Performance,Documentation,Guidance,
Problem bei der medizinischen Scanner-Bearbeitung,"Die medizinische Datenbearbeitung hat plötzlich ausgesetzt. Es könnte sein, dass der Scanner-Treiber überfällig ist. Nach dem Neustart des Scanners und der Aktualisierung des Treibers blieb das Problem bestehen.","Sehr geehrte(r) <name>, wir bestätigen den Fehler mit Ihrem medizinischen Scanner und die von Ihnen ausgeführten ersten Schritte. Um das Problem weiter zu untersuchen, bitten wir Sie, uns den genauen Fehlerbericht und den Namensbezeichner des Scanners zu melden. Wenn notwendig, können wir vereinbaren, dass ein Fachmann Sie kontaktiert, um das Problem genauer zu charakterisieren und mögliche Lösungen zu besprechen. Falls ein technisches Ticket erforderlich ist, ist <acc_num> für diesen Fall zuständig.",Incident,Customer Service,low,de,Technical,Product,Outage,Crash,Hardware,,,
Problem with Campaign Launch,"Hello customer support, I am contacting you to report that my digital marketing campaigns have not been able to start. This may be because of an incompatibility with the Express.js version I am using. Despite attempting to restart my Mac Mini and updating McAfee, the issue remains. I would be grateful if you could examine this situation and offer a remedy at your earliest convenience. Please inform me if you need further details from me to address this concern.",We regret the difficulties you are experiencing with your campaigns. We will look into the compatibility issues with Express.js. Could you please share your current Express.js version and any error messages you have encountered? We will strive to address and resolve this issue promptly and provide a solution or workaround to get your campaigns running.,Incident,Technical Support,low,en,Technical,Campaign,Compatibility,Bug,Software,Resolution,Support,Error
Problem with Project Management Dashboard,"There are occasional access problems with the project management dashboard. This might be related to recent server updates. I have cleared the cache and verified the user permissions, but the issue continues. We need your help to resolve this as soon as possible. We would greatly appreciate a quick response to this matter and are looking forward to your prompt attention. Thank you.",We will investigate the issue with the project management dashboard and can be reached at <tel_num>. Please call us to discuss and resolve the matter as soon as possible.,Incident,Product Support,medium,en,Bug,Performance,Network,IT,Tech Support,,,
Django ElasticSearch HIPAA Compliance Issue,Ensure that the security protocols comply with HIPAA regulations.,We will immediately review the security protocols of Django ElasticSearch to ensure compliance.,Request,Billing and Payments,medium,de,Technical,Security,Compliance,HIPAA,,,,
Support Request: Medical Data Encryption Issue,"Dear Customer Support, I am inquiring about a problem I encountered with the medical data encryption process. The encryption failed abruptly, and I suspect it might be a result of a software configuration error. Despite restarting the servers and updating the software, the issue remains unresolved. I would be highly grateful if you could offer any guidance to address this. Please inform me if there are specific actions I should undertake or if you need further information from me. I am ready to supply any necessary details or engage in further discussion. Thanks for your assistance. Best regards, [Your Name]","Dear [Name],<br><br>Thank you for contacting us about the encryption issue with your medical data. We apologize for the inconvenience. We are available to assist you. Could you please share more specifics about the software configuration and the precise error message you are getting? This will aid us in diagnosing the problem. Should a call be necessary, please let us know a suitable time to reach you at <tel_num>. We aim to resolve this matter promptly. Thank you for your patience and cooperation.",Problem,IT Support,medium,en,Technical,Security,Bug,Documentation,Guidance,,,
Security of Medical Data,Could you provide details on securing medical data using the Hub Smart-Thermometer products? Thank you.,Please contact us to discuss securing medical data with our products soon.,Request,Technical Support,medium,en,Security,Product,Feature,,,,,
Assistance Needed,Guidance Required for Integrating Microsoft SQL Server 2019 with SaaS Project Management Platforms?,"I am pleased to assist with the integration of Microsoft SQL Server 2019 with SaaS project management platforms. Detailed instructions will be provided, but I need more information about your current environment and requirements. Could you please provide additional details to better support the integration process and offer an appropriate solution?",Request,Technical Support,high,de,IT,Tech Support,Feature,,,,,
Fehler in den Investment-Modellierungs-Ausgaben,"Ein Missverständnis gibt es hier: Das Problem: Die Investment-Modellierungs-Ausgaben sind korrekt dargestellt, was zu ungenauen Prognosen führt. Warum es passieren könnte: Fehlende Daten oder veraltete Verfahren. Was bereits versucht wurde: Kubernetes wurde neu gestartet, die PostgreSQL-Verbindungen wurden geprüft, und Antiviren-Skannierungen wurden durchgeführt.","Sehr geehrte/r [Name], wir haben bemerkt, dass die Investment-Modellierungs-Ausgaben fehlerhaft sind und zu ungenauen Prognosen führen. Um das Problem weiter zu erkunden, würde ich gerne mehr über die möglichen Daten- und Verfahrensfehler erfahren. Könnten Sie bitte Details zu den Fehlern und den bereits durchgeführten Schritten geben? Ich werde auch Ihre [acc_num] benötigen, um diese Angelegenheit weiter zu untersuchen und könnte Sie bei [tel_num] anrufen, um die nächsten Schritte zu besprechen.",Incident,Technical Support,medium,de,Technical,Bug,Performance,Documentation,Feedback,,,
Request for Updating Product Details and Integration Options,"Dear Customer Support, I am writing to request an update to the product details and integration options. The current process is causing inconvenience to customers, and we would like to request that the product details be updated to reflect the correct information. Additionally, we would appreciate if the integration options could be updated to include more flexible options for customers, as this would greatly improve the overall customer experience and reduce the number of returns and exchanges. Thank you.","Thank you for reaching out to us regarding the update to product details and integration options. We understand that the current process is causing inconvenience to customers and appreciate your suggestions for improving the overall customer experience. Your request will be forwarded to the product development team for review and update as soon as possible. To better assist you, could you please provide specific information regarding the product details and the integration options you would like to see updated?",Change,Returns and Exchanges,low,en,Product,Feature,Update,Return,Exchange,Feedback,,
Benachrichtigung über unbefugten Zugriff auf Server,"Die Benachrichtigung über einen unbefugten Zugriff wurde auf dem Server ausgelöst, der medizinische Daten verwaltet. Mögliche Ursache: schwache Firewallregeln und veraltete Software. Versuche, das System sicherer zu gestalten, umfassten eine Durchführung des Antivirus-Scans und das Updaten der Software. Allerdings bestehen die Probleme nach wie vor.",wir untersuchen den Fall bald und werden Sie kontaktieren,Incident,Billing and Payments,low,de,Security,IT,Virus,Performance,,,,
Unterstützung bei digitale Kampagnen,"Aufgrund technischer Integrationsmängle konnten verschiedene Tools und Plattformen für die Ausführung der digitalen Kampagnen nicht verwendet werden. Die Wiederherstellung der Server, die Überprüfung der API-Verbindungen und die Aktualisierung der Software haben die Probleme nicht gelöst. Diese Misserfolge haben die Wachstumsrate der Marke erheblich beeinträchtigt.","Ich bin in Bezug auf Ihre technischen Integrationsprobleme bei den digitalen Kampagnen besorgt. Bitte geben Sie ausführliche Informationen über die spezifischen Tools und Plattformen, die nicht korrekt integriert sind, und bestätigen Sie mir die genauen Fehlermeldungen, die Sie erhalten haben. Diese Informationen werden mir helfen, das Problem weiter zu analysieren und eine angemessene Lösung anzubieten. Falls erforderlich, kann ich auch eine Anrufzeit mit Ihnen vereinbaren, um dies weiter zu besprechen. Geben Sie mir eine passende Zeit, um Sie anzurufen, <tel_num>.",Incident,Technical Support,high,de,Technical,Campaign,Integration,Server,API,Software,Performance,Feedback
Assistance Required,"Our medical data security system is facing vulnerabilities, possibly due to outdated software without proper encryption. Despite attempts to secure the system by updating applications and implementing firewall rules, the issues continue. Urgent assistance is needed to resolve this issue as soon as possible.",Please call <tel_num> to discuss resolving the medical data security vulnerabilities immediately.,Problem,Technical Support,high,en,Bug,Security,IT,Tech Support,,,,
Data Breach Incident,"We have encountered a significant data breach impacting our medical data systems. This may have occurred due to outdated security protocols. We have attempted to implement immediate patches and security updates across the affected products, but the issue persists. We require urgent assistance to resolve the matter and prevent further breaches.","We are responding to your urgent email regarding the data breach affecting your medical data systems. To assist you, we need information on the security updates that have been applied to address the current issues you are experiencing. Could you please provide details on any errors or symptoms you are seeing? We will schedule a call at your earliest convenience to discuss and provide a solution to prevent future breaches.",Problem,Technical Support,high,en,Security,Outage,Maintenance,IT,Tech Support,,,
Frage zur Anpassbaren Digitalen Strategie-Dienstleistung,"Ich möchte mehr über Ihre digitalen Strategie-Dienstleistungen erfahren und erfahren, wie sie die Markenwachstumsstrategie beeinflussen können. Könnten Sie bitte mehr Details zu den angebotenen Dienstleistungen geben, z.B. Sozialmedien-Management, Inhaltsanfertigung und Suchmaschinenoptimierung? Es wäre toll, wenn Sie einige Fallstudien oder Erfolgsgeschichten von früheren Kunden teilen könnten. Darüber hinaus interessiere ich mich für die Expertise und Erfahrung Ihres Teams in diesem Bereich. Ich suche nach einer umfassenden digitalen Strategie, die das volle Potenzial meiner Marke voll ausnutzen kann. Ich freue mich auf Ihre Rückmeldung und bin bereit, einen Anruf zu vereinbaren, um meine spezifischen Bedürfnisse zu besprechen.","Wir bieten anpassbare digitale Strategie-Dienstleistungen an. Sie können uns gerne anrufen, um mehr Informationen zu erhalten und unsere spezifischen Dienstleistungen für Ihre Bedürfnisse zu besprechen.",Request,Technical Support,medium,de,Feature,Feedback,Sales,Documentation,,,,
Investment Data Analytics Platform Crash,"The investment data analytics platform unexpectedly halted because of inadequate system resources or software conflicts. After restarting the systems and reviewing for available updates, the issue remains unresolved.","I am responding to your concerns about the investment data analytics platform crash, which appears to be due to insufficient system resources or software conflicts. I appreciate your proactive steps in restarting the systems and verifying updates. To effectively address the problem, I kindly request additional details on the error messages you encountered and the updates you applied. Should further assistance be required, I am available for a detailed discussion at a mutually convenient time. Please provide the requested information or suggest a time for a call so that I can assist you in fully resolving the issue with the investment data analytics platform.",Problem,IT Support,high,en,Crash,Hardware,Technical,Resolution,Incident,Performance,,
Boost Data Analytics Support,Requesting an enhancement in our data analytics capabilities. We are aiming to optimize our investment strategies using the appropriate software and hardware tools to improve our data-driven decision-making and stay ahead of the competition. We believe that the right tools can support us in achieving our goal and driving business growth. I would greatly appreciate your guidance and recommendations on the tools to use. Thank you for your time and assistance.,"I would be happy to help enhance your data analytics capabilities, <name>. To provide suitable recommendations for software and hardware tools, could you please share more information about your current setup and specific requirements? You can contact <tel_num> to discuss and receive guidance on the tools that can support your investment strategies.",Change,Sales and Pre-Sales,high,en,Feature,Documentation,Feedback,IT,Tech Support,,,
Request for Updated Hardware and Software Compatibility,"Dear Customer Support Team, I am contacting you to inquire about the integration of new hardware and software compatibility to enhance our project management experience. As a valued customer, I believe it is crucial to adopt the latest technologies in order to achieve efficient and effective project management. The current system has some limitations, and I am requesting an update to include the latest hardware and software compatibility, which would facilitate better project management. Could you please share with me the current status of this integration and provide an estimated timeline for its implementation? Furthermore, are there any plans to introduce new features or updates that would further improve the project management experience? I would be grateful if you could provide me with more information on these matters. Thank you for your time and assistance. I am looking forward to hearing back from you soon. Please notify me if you need any additional information from me.","Dear [Name], thank you for your email regarding the integration of new hardware and software compatibility to enhance the project management experience. We appreciate your feedback and consider your opinion valuable. Our team is currently in the process of updating the system to include the latest hardware and software compatibility. We will provide you with the current status and an estimated timeline for implementation. To assist you better, could you please provide us with your account number [acc_num] and a convenient time for us to call you at [tel_num] to discuss this matter further? We will be happy to address any questions you may have and update you on new features and releases.",Change,Product Support,high,en,Technical,Customer,Product,Hardware,Software,Integration,Feedback,Maintenance
,"Dear Customer Support, I am in need of your assistance as I have encountered a data breach through an insecure network. The root cause is due to insufficient encryption and out-of-date firmware. Despite my efforts to address the issue by restarting the router and reviewing the firewall settings, the problem continues to persist. I would greatly appreciate your help in securing my network and preventing future breaches. Could you kindly offer guidance on how to update the firmware and enhance encryption? Additionally, I would be grateful for any supplementary advice to strengthen the security of my network. Thank you for your attention and assistance. I eagerly await your response. Sincerely, [Your Name]",I will assist you in securing your network and guide you on updating the firmware and implementing sufficient encryption. Please allow me to call you at a convenient time to discuss further and provide additional recommendations to enhance your network security.,Problem,Billing and Payments,high,en,Security,Breach,Network,Guidance,Documentation,Incident,,
Security Measures for Medical Data in Hospital Infrastructure,Could you provide detailed solutions for securing medical data within our hospital's infrastructure?,"We take the security of medical data in our hospital infrastructure very seriously. Solutions include implementing robust firewalls, encrypting sensitive data, and conducting regular security audits to identify vulnerabilities. We also provide secure access controls and monitoring systems to prevent unauthorized access. For detailed information, we would be happy to schedule a call to discuss your specific needs and requirements. I am available for a call at your convenience; please let me know a suitable time to make the arrangement.",Request,Sales and Pre-Sales,medium,en,Security,IT,Tech Support,Documentation,,,,
Aktualisierung der Datenbank-Clusterverwaltungskonfiguration,"Aktualisieren Sie die Datenbank-Clusterverwaltungskonfiguration, um die Leistung und Zuverlässigkeit für die Projektmanagement-Softwareas-a-Service-Plattform zu verbessern.","Ich werde die Datenbank-Clusterverwaltungskonfiguration aktualisieren, um die Leistung und Zuverlässigkeit für die Projektmanagement-Softwareas-a-Service-Plattform wie verlangt zu verbessern.",Change,Service Outages and Maintenance,high,de,Technical,Performance,Maintenance,Upgrade,Software,Documentation,Resolution,Bug
Frage zum Einsatz von Elasticsearch in Xero und Microsoft-Produkten,"Sehr geehrte Kundensupport, ich schreibe hier, um zu erfahren, welche Zahlungsweisen für die Elasticsearch-Integration in Xero und Microsoft-Produkte zur Verfügung stehen. Könnten Sie mir dieselben Informationen zum Preispläne und eventuellen Rabatten wie möglichst schnell liefern? Es wäre mir auch wertvoll, wenn Sie mir die Prozedur und die Kosten für die Zahlungserledigung erklären und savoir si des frais supplémentaires sont associés à l'intégration. De plus, je suis curieux de savoir si il y a des limites ou des restrictions concernant le nombre d'utilisateurs ou les données à intégrer. Je suis en train de préparer mon entreprise pour l'utilisation d'Elasticsearch avec Xero et Microsoft-Produits, et je veux être sûr de prendre en compte tous les coûts engagés. Merci beaucoup pour votre temps et votre aide. J'attends votre retour avec impatience. Cordialement, [Veuillez remplacer par votre nom]","Ich werde Ihnen die erforderlichen Informationen zu den Preisplänen für die Elasticsearch-Integration und die Zahlungsablaufweisen bereitstellen. Ich werde Sie zu einem geeigneten Zeitpunkt kontaktieren, um Ihre Geschäftsbedürfnisse und die verfügbaren Optionen weiter zu besprechen.",Request,Billing and Payments,low,de,Billing,Product,Payment,Customer,,,,
Support for Security Concern,"A healthcare organization faced an unauthorized breach of medical data, which may be attributed to weak security measures. They have already implemented firewall enhancements and antivirus scans, but the issue continues. Assistance is required to identify the root cause and to implement a solution to prevent future occurrences.",Please investigate the security concern by contacting us at <tel_num>. We can discuss the necessary steps to resolve the problem.,Problem,Technical Support,low,en,Security,Virus,IT,Tech Support,Performance,Feedback,,
Verfügbare Integrationsoptionen für QuickBooks Online,"Kontaktieren Sie uns, um Informationen über die verfügbaren Integrationsoptionen für QuickBooks Online und unser SaaS-Projektmanagement-Tool zu erhalten. Bitte geben Sie uns Details zu den verfügbaren Integrationen an, z.B. API-Verbindungen und Drittanbieter-Connector. Wir schätzen Ihre bereitgestellten Informationen zum Thema und empfehlen Ihnen, die Website zu besuchen oder uns auf Tel. <tel_num> für weitere Unterstützung zu kontaktieren. Wir freuen uns darauf, die verfügbaren Optionen sowie eventuelle Einschränkungen in einer detaillierteren Diskussion vorzustellen.","Sehr geehrte <name>, wir bieten API-Verbindungen und Drittanbieter-Connector für die Integration von QuickBooks Online in unser SaaS-Projektmanagement-Tool an.Für weitere Informationen und Anleitungen zur Einrichtung empfehlen wir Ihnen, unsere Website zu besuchen oder uns telefonisch auf Tel. <tel_num> für Unterstützung zu kontaktieren. Wir freuen uns darauf, die verfügbaren Optionen sowie eventuelle Einschränkungen in einer detaillierteren Diskussion vorzustellen.",Request,Customer Service,low,de,Feature,Documentation,Tech Support,,,,,
Identifying Issues with Campaign Engagement,"Customer Support, <br>Our campaign metrics for Lynda.com Spiegellose Kamera indicate a notable drop in engagement. <br>Potential causes may include recent algorithm changes or ineffective targeting strategies. <br>We have made adjustments to ad spend and audience demographics, which have shown some improvement. <br>We would greatly appreciate your assistance in identifying the root cause of the issue and providing guidance to optimize our campaigns for better performance. <br>Please let us know if you need any additional information.","Upon reviewing the campaign metrics for Lynda.com Spiegellose Kamera, we would like to discuss and identify the root cause of the decline in engagement. Please provide details on any recent adjustments made to ad spend or audience demographics. You can contact us at <tel_num> to discuss the next steps.",Incident,Product Support,high,en,Feedback,Performance,Documentation,Sales,,,,
Support for Project Management SaaS Application Issues,"Our project management SaaS application is encountering functionality problems across multiple devices. It appears recent updates or integration conflicts might be the cause. We have already tried clearing the cache, reinstalling the application, and checking for updates, but the issue still persists. We need assistance to resolve this problem.","We are here to help with the functionality issues you are experiencing with your project management SaaS application. To better understand the issue, could you please provide more details about the errors you are encountering and any recent integrations or updates made? For your convenience, we would like to schedule a call to troubleshoot and resolve the issue. Please let us know a suitable time for the call at <tel_num>.",Incident,Technical Support,high,en,Bug,Performance,IT,Tech Support,,,,
Update project software dashboard,Optimize the layout of the project management software dashboard for a better user experience and easier navigation. The revised design will facilitate quicker access to project tools.,Your request to update the project software dashboard layout for enhanced user experience and navigation has been noted.,Change,IT Support,low,en,Technical,Product,Feedback,Documentation,UserExperience,Navigation,,
Securing Medical Data on a WordPress Healthcare Site,"We are reaching out for guidance on securing medical data within a WordPress healthcare site. Our healthcare organization needs to ensure that our website is compliant with relevant regulations as we handle sensitive patient information. Could you provide us with recommendations for plugins, themes, and security practices to secure our WordPress site? We would greatly appreciate advice on data encryption, access controls, and backup procedures. Additionally, we are interested in understanding specific WordPress features that can help maintain the confidentiality of patient data.","Thank you for your concern regarding the security of medical data on your WordPress site. To ensure compliance with regulations, we recommend using reputable plugins for data encryption and access controls, as well as implementing two-factor authentication. Regular backups are also crucial. We can discuss specific WordPress features and best practices for maintaining the confidentiality, integrity, and availability of patient data. For a detailed discussion, we are available for a call at <tel_num>; please let us know a convenient time for you.",Request,Customer Service,low,en,Security,Compliance,Documentation,IT,Tech Support,,,
Report on System Outage: Impact on Medical Data Security,"A system outage is impacting medical data security and hospital operations. The cause is unknown, but a recent software update or network failure is suspected. The team has restarted affected systems and reached out to vendors for assistance.","<name> has received the incident report concerning the system outage affecting medical data security and hospital operations. It is understood that the cause is unknown, with a recent software update or network failure being suspected. A discussion to determine the next steps would be appreciated. A call at the earliest convenience to gather information and work towards a resolution would be ideal. Please let us know a suitable time for the call at <tel_num> for account <acc_num>.",Incident,Service Outages and Maintenance,medium,en,Outage,Security,Network,IT,Performance,Tech Support,,
Jenkins Data Analytics Inquiry,"I am contacting you to request information on data analytics tools that can be integrated with Jenkins for the purpose of investment optimization. I would be very grateful for any details or suggestions you could provide. Particularly, I am interested in tools that can assist me with the analysis and optimization of my investments. Thank you for your time and help.","Hello <name>, we are grateful for your query regarding data analytics tools that can be integrated with Jenkins for investment optimization. We have several solutions that can aid you in analyzing and optimizing your investments. Notable among these are Jenkins plugins that offer insights and metrics on investment performance. I would like to discuss this further with you and provide more specific recommendations. To better assist you, could you please share more details about your current investment setup and the specific metrics you aim to track? Alternatively, you can reach me at <tel_num> for a phone call if you prefer to discuss this matter over the phone.",Request,Billing and Payments,low,en,Technical,Product,Feedback,Guidance,Documentation,,,
Request for DataRobot Integration,"Dear Customer Support Team, I am writing to inquire about the DataRobot SaaS Project Management Operating System integration. I am interested in leveraging DataRobot's capabilities to enhance project management functionalities. Could you please provide more information on the integration process, including necessary documentation, APIs, and developer resources? Additionally, it would be helpful if you could give advice on potential challenges that may arise during the integration process and provide information on the benefits of integrating the DataRobot operating system to improve project management workflows.","Dear [Name], thank you for reaching out to the Customer Support Team to request information on the DataRobot SaaS Project Management Operating System integration. I am pleased to offer further details, including necessary documentation, APIs, and developer resources. To begin the integration process, I recommend visiting the Developer Portal where you can find detailed guides and tutorials that will assist you in integrating the DataRobot operating system. If you have any specific questions that require further assistance, please let me know so we can connect. Alternatively, ",Request,Technical Support,medium,de,Feature,Documentation,Tech Support,,,,,
Invoicing Discrepancy Inquiry,"I am contacting you to address a recent billing irregularity. I was overbilled for goods I did not request. I believe this could be a result of a misconfigured account. I had previously reached out for assistance, but have not received a resolution. I kindly ask that you investigate and resolve this matter promptly. Please inform me if more details are needed from my side. I await your response.","We are examining the overcharge on your most recent invoice for goods that you did not request. To better assist you, could you please furnish your account number and the corresponding invoice number? After reviewing your case, we will get back to you to discuss a solution. Would you be available for a call to further discuss this? ",Problem,Billing and Payments,low,en,Billing,Account,Resolution,Inquiry,Discrepancy,Customer,,
Sicherheit,"Kontaktieren Sie anlässlich der Anfrage bezüglich Sicherheitsmaßnahmen und IT-Lösungen für Gesundheitsdienstleister. Können Sie Informationen über Art und Weise geben, wie Vertraulichkeit, Integrität und Verfugbarkeit medizinischer Daten gewährleistet werden? Protokolle und Datenverstärkungen zur Abfängen cyberbasierten Bedrohungen? Ich freue mich auf jegliche Informationen, die Sie zur Angelegenheit bereitstellen können.","Gehrter [Name], nehmen wir die Sicherheit von Gesundheitsdienstleistern ernst und implementieren robuste Maßnahmen, um medizinische Daten zu schützen. Unsere IT-Lösungen gewährleisten Vertraulichkeit, Integrität und Verfugbarkeit durch Verschlüsselung, sichere Authentifizierung und Zugriffskontrollen. Protokolle und Datenverstärkungen zur Erkennung und Abfangen von cyberbasierten Bedrohungen, einschließlich regelmäßiger Sicherheitsaktualisierungen und Überwachungen, sind Teil unseres Ansatzes. Ich freue mich auf detaillierte Informationen und bin bereit, einen passenden Zeitpunkt für eine Telefonbesprechung [Tel. Nummer] oder eine persönliche Besprechung zur Diskussion von Sicherheitsmaßnahmen zu organisieren, um spezifische Fragen [Acc. Nummer] zu beantworten.",Request,Customer Service,medium,de,Security,IT,Tech Support,Performance,,,,
,Assistance needed for data breach in hospital systems,"Please acknowledge the data breach issue with hospital systems. To better assist you, could you provide details on the issue you're experiencing, the nature of the breach, and any error messages received? I would like to schedule a call to discuss this further. I am available to talk at your earliest convenience. Please let me know a suitable time for a callback at <tel_num>.",Incident,Technical Support,high,en,Security,IT,Tech Support,,,,,
Integration von ESET NOD32,"Suchen Sie praxisorientierte Anweisungen zur Integrierung des ESET NOD32 Antiviruses in einen projektmanagement-basierten SaaS-Service und verstärkten Sicherheitsmaßnahmen? Prüfen Sie gerne detaillierte Anleitungen in der Kenntnisbank-Artikel-Auswahl. Bei Bedarf können relevante Dokumente und Ressourcen zur Verfügung gestellt werden, um den Integrationsprozess zu erleichtern.","Sehr geehrte [Name], ich freue mich, Ihnen bei der Integration des ESET NOD32 Antiviruses in einen projektmanagement-basierten SaaS-Service zu helfen. Ich empfehle Ihnen, die detaillierten Anleitungen in der Kenntnisbank-Artikel-Auswahl zu studieren. Falls Sie weitere Unterstützung benötigen, lassen Sie es mich wissen, wann es Ihnen am besten passt, um einen Rückruf abzusprechen und den Integrationsprozess fortzusetzen. Darüber hinaus werde ich relevante Dokumente zur Verfügung stellen, um Ihnen bei der Integration behilflich zu sein.",Request,Technical Support,high,de,Security,Documentation,IT,Tech Support,,,,
Rechnungsfehler,"Sehr geehrte Kundenservice, wir haben einen Rechnungsfehler festgestellt und möchten sicherstellen, dass Ihr Konto korrekt abgerechnet wird. Es könnte aufgrund neuester Softwareupgrades passiert sein. Wir haben die Zahlungsinformationen überprüft und versucht, das Problem durch Anpassung der Kontoeinstellungen zu lösen. Allerdings besteht weiterhin ein Problem. Wenn Sie uns bei der Suche nach einer Lösung unterstützen, würden wir uns sehr freuen. Könnten Sie bitte den Fall näher einordnen und eine schnelle Lösung bereitstellen? Dankeschön für Ihr Verständnis und Ihre Unterstützung bei der Verhinderung zukünftiger Fehler. Wir hoffen, dass Sie uns bald weitere Informationen zur Verfügung stellen können, um das Problem zu lösen.","Sehr geehrte [Name], vielen Dank für Ihre Aufmerksamkeit beim Feststellen des Rechnungsfehlers. Um das Problem zu bearbeiten, könnten Sie uns bitte die Kontonummer [acc_num] und eine detaillierte Beschreibung des Fehlers mitteilen. Wenn nötig, könnten Sie telefonisch unter [tel_num] zu diesem Thema sprechen. Wir werden uns bemühen, das Problem schnell zu untersuchen und eine Lösung bereitzustellen, um zukünftige Fehler zu vermeiden. Vielen Dank für Ihr Verständnis und die Zusammenarbeit. Wir freuen uns, bald Neuigkeiten zum Fortgang des Falles zu erhalten.",Problem,Billing and Payments,high,de,Billing,Account,Payment,Refund,Support,,,
Verschiedene Kampagnen-Metriken,"Sehr geehrte Kundensupport, ich melde mich an, um eine Verschiedenheit in unseren Kampagnen-Metriken zu melden. Der Fehler trat auf, als unkorrekte Daten aus unserem Analysewerkzeug extrahiert wurden. Wir denken, dass dies möglicherweise auf ein API-Integration-Fehler oder einen Abfragefehler zurückzuführen ist. Wir haben unsere API-Schlüssel und Abfrage-Syntax bereits überprüft, um sicherzustellen, dass sie korrekt sind. Dennoch beharrt der Fehler weiter. Es wäre sehr nett, wenn Sie uns bei der Lösung dieses Problems unterstützen könnten. Bitte informieren Sie uns, falls weitere Schritte notwendig sind, die wir befolgen können, um das Problem zu beheben, oder wenn Sie weitere Informationen benötigen. Vielen Dank für Ihre Unterstützung. Ihr ehrlichster, [Name]","Sehr geehrte <name>, danke, dass Sie sich bei uns gemeldet haben, da bei Ihren Kampagnen-Metriken Unterschiede aufgetreten sind. Wir entschuldigen uns für die entstandenen Unannehmlichkeiten und freuen uns, Ihnen bei der Lösung des Problems zu helfen. Wir haben festgestellt, dass Sie Ihre API-Schlüssel und Abfrage-Syntax bereits überprüft haben. Um den Fehler besser zu verstehen, können Sie uns bitte Details zu den unkorrekten Daten, die aus Ihrem Analysewerkzeug extrahiert wurden, wie beispielsweise die betroffenen Metriken und Zeitrahmen, mitteilen? Falls nötig, können wir eine Anruf-Termin vereinbaren, um das Problem weiter zu besprechen und die nächsten Schritte zu ermitteln, um mögliche API-Integration-Probleme oder Abfragefehler zu beheben. Bitte geben Sie uns eine fachgerechte Anruftermine an. Wir danken Ihnen für Ihre Zusammenarbeit und freuen uns darauf, das Problem für Sie zu lösen mit Bezug zu Ihrem <acc_num>.",Problem,Technical Support,medium,de,Technical,Customer,Bug,API,Integration,Query,Documentation,Resolution
,"Respected customer support, I am contacting you to report a problem with our digital campaign. It unexpectedly stopped working and we're uncertain of the reason. We believe it could be because of updated software that is not compatible. Despite restarting the systems and checking the configurations, the issue is still occurring. We would be grateful if you could look into this and provide a solution at the earliest. Please inform us if you need more information from us to address the issue. We look forward to your response. Thank you for your time and help.","Dear <name>, we regret the issues encountered with your digital campaign and thank you for bringing it to our notice. We will look into the cause of the crash and work to resolve it promptly. To assist in the investigation, could you please provide us with details about the recently installed software updates and the specific error message you are receiving. If needed, we may arrange a call; are you available for a call at <tel_num> or do you prefer another time? We will contact you shortly to update you on the status of the issue.",Incident,Technical Support,high,en,Crash,Outage,Bug,Technical,Resolution,Follow-Up,Documentation,
Enhancement Strategies,I require assistance with digital strategies for optimizing the Magento e-commerce platform. Could you share the optimal methods to enhance performance and user experience?,"I am ready to help with Magento optimizations. To offer the best advice, please give me your current platform version and any specific issues you are facing. Based on this, I can provide personalized recommendations to improve performance and user experience, or we can arrange a call at a time that suits you.",Request,Returns and Exchanges,high,en,Technical,Performance,Strategy,Guidance,Feedback,,,
Urgent Assistance Required,"An unexpected service outage has impacted several systems, causing disruptions to access medical data for hospital services. The issue might be due to misconfiguration in the Kubernetes deployment or a potential software vulnerability. We have rebooted the affected servers and checked for configuration errors, but the issue still persists.","Received an urgent assistance request regarding the service outage that has affected multiple systems and hospital services. To better assist you, could you please provide details on any error messages and the steps that have been taken so far? It would be helpful to know the exact configuration of the Kubernetes deployment and any recent software updates. I would like to schedule a call to discuss this further and am available at the earliest convenience. Please let me know a suitable time.",Incident,Service Outages and Maintenance,high,en,Outage,Disruption,Recovery,Maintenance,Virus,Security,IT,Tech Support
Investment Analytics Tools,Need to integrate investment analytics tools with data from multiple sources.,Could you provide more details on the issue with integrating investment analytics tools with data from multiple sources? This will help me assist you better.,Problem,Returns and Exchanges,medium,en,Feature,Documentation,Feedback,IT,,,,
Product Licenses Missing,"To the support team, I am contacting you to inform you of the absence of several product licenses, which might be a result of a potential database synchronization issue. After attempting to restart services and reviewing logs, the problem still exists. I kindly request you to investigate this and offer a resolution at your earliest convenience. Please inform me if you require any further details from me to address the situation. I am eagerly awaiting your response. Thanks for your assistance.","Dear [Name], thank you for reaching out to us regarding the missing product licenses, we regret the inconvenience this has caused you. We will look into the potential database synchronization issue and will work to resolve it promptly. Could you please share your [account_number] and additional information about the missing licenses, including the license numbers and associated products? Should we need to, we can schedule a call at [telephone_number] for further discussion. We appreciate your patience and cooperation, and we are looking forward to resolving the issue for you.",Problem,Billing and Payments,high,en,Product,Bug,Database,Resolution,Information,Account,Recovery,
Strategies for Expanding Online Presence with Magento 2.4,"Hello Customer Support, I am contacting you to learn more about digital strategies that are compatible with Magento 2.4 to aid in the growth of my brand. I am keen to explore the various strategies that can enhance our online presence and would greatly appreciate any insights or recommendations you can share. Could you inform me about the diverse strategies and their potential benefits? I would be grateful for any assistance you can provide. Thank you for your time and help. I anticipate a response from you soon.","Hello <name>, we are pleased to hear from you and thank you for your inquiry regarding digital strategies for growth with Magento 2.4. Our team can provide you with information on a range of methods to boost your online presence, such as SEO, social media integration, and email marketing. We would be delighted to delve into these strategies with you and offer tailored guidance based on your specific needs. Would it be convenient for you to schedule a call to discuss your requirements further?",Request,Technical Support,high,en,Customer,Strategy,Magento,DigitalMarketing,Growth,SEO,SocialMedia,EmailMarketing
Enhancing Investment Data Analytics,"Could you provide more details on optimizing investment data analytics products, similar to those found at Codecademy Elasticsearch? I'm interested in learning data analytics to better inform my investment decisions and improve returns. Specifically, I would like to know about the tools and techniques used to analyze data and make predictions about future market trends.","I would be happy to discuss optimizing investment data analytics. Please provide some information about your current investment goals, and we can discuss the tools and techniques used to analyze data and make predictions about future market trends during a convenient call.",Request,Returns and Exchanges,medium,en,Feature,Feedback,Product,Tech Support,,,,
Inquiry on System Requirements for SaaS Project Management Tool,"Hello Customer Support, I am writing to request information on the system requirements needed for the best performance of your SaaS project management tool. Could you kindly share the recommended browser, operating system, and hardware specifications? Additionally, any extra details on how to achieve the best user experience would be greatly appreciated. I look forward to your response and thank you in advance for your help.","Hello [name], for optimal performance of our SaaS project management tool, we recommend using the latest version of Google Chrome as the browser, Windows 10 as the operating system, and at least 8GB of RAM. Thank you.",Request,Technical Support,high,en,Technical,Customer,Product,Performance,Guidance,Documentation,,
Project Syncing Issue Encountered,"Dear Customer Support, I am writing to report a synchronization problem with project timelines that is affecting various teams. This issue may have arisen due to misconfiguration. I have already attempted to restart the server and check user permissions, but the issue persists. I would greatly appreciate your assistance in resolving this problem. Please let me know if you require additional information. I look forward to your response and thank you for your understanding and support.",I will take up this matter and will contact you soon at <tel_num> to further discuss the issue and find a solution for project synchronization.,Incident,Customer Service,medium,de,Technical,Bug,Synchronization,Resolution,Customer,,,
Needed: Support for Server Issues,"Unpredictable delays in data processing for investment analytics tools are happening because of server overload during peak usage times. Even after restarting servers and optimizing queries, the problems continue and require assistance to resolve the issue.","<name> has acknowledged receipt of your email regarding server overload issues impacting investment analytics tools. For better assistance, we would like to schedule a call to discuss the issue in detail. Please let us know when you would be available for the call, or offer alternative times. Additionally, knowing the current server configuration and any recent changes made to optimize queries will be helpful in investigating and providing a resolution.",Incident,Product Support,high,en,Performance,Network,IT,Tech Support,,,,
Issue with Overcharged Subscription Services,There was an overcharge by the marketing agency.,We are looking into the issue of overcharged subscription services by the marketing agency. Please provide your account number for an investigation and resolution.,Problem,Billing and Payments,medium,en,Billing,Refund,Payment,Account,,,,
Services in Data Analytics,Is it possible to receive data analytics services that optimize investment strategies? Thank you.,"We can offer data analytics services to optimize investment strategies, providing insights and recommendations to improve returns. I would be happy to discuss and provide more information. We are available to call at your convenience to explore these services and support your investment goals. Please let us know a suitable time to reach you.",Request,General Inquiry,medium,en,Feedback,Sales,Product,,,,,
,"Customer Support, seeking assistance with securing Kubernetes for medical data compliance in hospital environments. As hospitals handle sensitive patient data, strict security measures are required. I would like to know best practices for implementing Kubernetes in these environments to ensure the confidentiality, integrity, and availability of medical data. Specifically, I am interested in learning about network policies, access controls, and data encryption methods. Could you provide resources and documentation?","<name>, thank you for your inquiry regarding the securing of Kubernetes for medical data compliance. I recommend reviewing the documentation on network policies, access controls, and data encryption methods. We can schedule a call at <tel_num> to discuss this further. Please let us know a convenient time to reach you, so we can provide guidance tailored to your hospital environment <acc_num>.",Request,Technical Support,high,en,Security,Network,Compliance,Performance,IT,Tech Support,,
,"Dear Customer Support, I am encountering issues with the investment performance analytics report due to the recent software update. Despite my efforts to revert the update and restart the systems, the problem continues. I suspect there might be compatibility issues with my existing tools and analytics methods. I would greatly appreciate it if you could look into this matter urgently and provide a solution. Please inform me if you require any additional information; I am available to discuss and provide the necessary details. Thank you.","<name> acknowledges receipt of the email regarding the issue with investment performance analytics. Apologies for the inconvenience caused by the recent software update. We will investigate the matter and provide a solution as soon as possible. To better understand the issue, please provide details about the inconsistent results you are experiencing and the steps you have taken to revert the update. We would like to schedule a call at a convenient time for you. Please let us know a suitable time for the call, and we can contact you at <tel_num>.",Incident,Product Support,low,en,Performance,Bug,IT,Tech Support,,,,
Assistance Requested for Data Encryption Issue,"Hello Support Team, I need assistance with a data encryption error that has been occurring. The error message 'Data encryption failed' is shown, and it seems a misconfiguration might be the reason. After attempting to restart the servers and review the logs, the issue still exists. I would be very grateful if you could assist in solving this problem. Please inform me if you require more details from me to help resolve this. Thank you for your support and I look forward to your feedback.","Hello, we appreciate you reaching out to us regarding the data encryption issue. We are ready to help you solve this. For a better understanding, could you please share the details of the configuration update and the most recent log files? This will assist us in identifying the issue and providing a solution. If necessary, we can arrange a call using the number <tel_num> to discuss further, kindly provide a convenient time for your account <acc_num>.",Incident,Technical Support,high,en,Technical,Security,Bug,Documentation,Feedback,Resolution,,
Potential Data Breach in Healthcare IT,A possible data breach may have happened because of an old software vulnerability. We ran an antivirus scan and checked the firewall.,"We are taking this data breach very seriously and thank you for your immediate response. To help us investigate the suspected breach, could you provide additional information on the outdated software and the timing of your antivirus check? Additionally, I will arrange a call at your convenience to discuss the necessary steps to secure your hospital's IT system.",Problem,Technical Support,medium,en,Security,Breach,Outdated Software,Feedback,Incident,Resolution,Follow-Up,
Anfrage zur Behebung eines Verbindungsaufschluss-Fehlers bei der Website-Analytics-Platteform,"Sehr geehrte Kundenservice, ich möchte Ihnen mitteilen, dass ich Probleme mit der Website-Analytics-Platteform habe. Diese lädt nicht mehr und ich denke, dass es sich um einen Verbindungsaufschluss-Fehler handelt. Ich habe bereits versucht, die Platteform zu neustarten und die API-Benutzernamen zu überprüfen, aber leider ohne Erfolg. Ich würde es sehr schätzen, wenn Sie sich um das Problem bemühen und so bald wie möglich eine Lösung bereitstellen könnten. Bitte melden Sie sich, falls Sie zusätzliche Informationen benötigen, um das Problem zu beheben. Ich freue mich auf Ihre Rückmeldung und danke Ihnen im Voraus für Ihre Unterstützung.","Sehr geehrte <name>, vielen Dank für Ihre Rückmeldung zum Fehler in der Website-Analytics-Platteform. Wir werden uns den Verbindungsaufschluss-Fehler zuwenden. Könnten Sie uns bitte Ihre <acc_num> und den genauen Fehlermeldungstext mitteilen, den Sie sehen? Dies wird uns helfen, das Problem schneller zu beheben. Sobald wir damit beginnen, werden Sie benachrichtigt. Wenn erforderlich, können wir einen Anruf an <tel_num> planen, um Ihnen weiter zu helfen. Vielen Dank für Ihr Verständnis und Ihre Geduld.",Incident,Technical Support,high,de,Technical,Bug,Outage,Resolution,Customer,Documentation,Account,
Support Request for Encrypted Medical Data Issue,"I am writing to report a failure with the encryption of medical data. The encryption has suddenly ceased to function, which could possibly be due to recent software updates. I have tried restarting the systems and updating the endpoint protection, but the issue persists. It would be greatly appreciated if you could assist me in resolving this problem at your earliest convenience.",I will assist you with the issue concerning the encryption of medical data. Please provide the affected files and details about the software updates so I can further investigate and resolve the problem.,Problem,IT Support,high,de,Technical,Security,Bug,Medical,Resolution,Encryption,,
Advice on Securing Medical Data,"I am seeking guidance on securing medical data within a Mercurial environment on Google Cloud Platform in a hospital setting. Could you provide advice on data encryption, access control, and compliance with HIPAA regulations? I would greatly appreciate any recommendations or resources you can provide to ensure the security and integrity of sensitive medical information.","We can provide guidance on securing medical data in a Mercurial environment on Google Cloud Platform. Please allow us to call for your convenience to discuss the best practices for data encryption, access control, and HIPAA compliance.",Request,Customer Service,medium,en,Security,Compliance,IT,Tech Support,Feedback,,,
Probleme mit den Datenanalyse-Dashboards,"Sehr geehrte Kundenservice,\n\nich möchte Ihnen mitteilen, dass unsere Datenanalyse-Dashboards nicht erfolgreich geladen werden. Es könnte sein, dass das Problem auf mangelnde Serverressourcen schließen lässt, die wir zur Verfügung gestellt bekommen haben. Nous haben bereits versucht, die Server neu zu starten und die Netzwerkverbindungen zu überprüfen, aber das Problem ist bis jetzt nicht behoben. Es wäre sehr hilfreich, wenn Sie sich mit dieser Angelegenheit befassen könnten und uns so bald wie möglich einen Lösungsansatz anbieten könnten.\n\nVielen Dank für Ihre Unterstützung.\n\nMit freundlichen Grüßen,\n[Your Name]","Ich habe Ihre E-Mail zur Datenanalyse-Dashboardsache erhalten. Ich werde mich mit diesem Thema auseinandersetzen, einschließlich der Überprüfung der Serverressourcen. Bitte lassen Sie mich mich damit befassen und kontaktiere Sie bald mit einer Lösung oder einem Antrag auf zusätzliche Informationen, um das Problem so schnell wie möglich zu lösen.",Incident,Technical Support,high,de,Technical,Customer,Outage,Bug,Network,Resolution,Documentation,
Netzwerkverbindung fiel während der Datenanalyse aus,"Ich bin während der Datenanalyse von Netzwerkverbindungsabstürzen betroffen. Es könnte ein Konflikt zwischen meinem Google Nest Wifi Router und den Einstellungen von Ubuntu 20.04 LTS geben. Ich habe versucht, den Router neu zu starten, die Firewalleinstellungen zu prüfen und die Ubuntu-Treiber zu aktualisieren, aber das Problem behält sich trotzdem bei. Ich würde mich freuen, wenn Sie mir helfen könnten, um Datenverlust zu vermeiden und eine stabile Verbindung sicherzustellen. Bitte geben Sie mir die nächsten Schritte an. Ich stehe Ihnen zur Verfügung, falls Sie weitere Informationen benötigen.","Sehr geehrte/r [name], ich verstehe, dass Sie während der Datenanalyse von Netzwerkverbindungsabstürzen betroffen sind und bereits versucht haben, den Google Nest Wifi Router neu zu starten und die Firewalleinstellungen zu überprüfen. Um Ihnen weiter zu helfen, möchte ich mehr Informationen über Ihre Netzwerkeinstellungen und den Fehler sammeln, den Sie erleben. Könnten Sie bitte mehr Details über Ihre Netzwerkeinstellungen und die genauen Fehlermeldungen, die Sie sehen, wenn die Verbindung abstürzt, bereitstellen? Zudem wäre es hilfreich, zu erfahren, welche Art von Datenanalyse Sie durchführen und welche Anwendungen Sie verwenden. Ich möchte auch einen Anruf mit Ihnen vereinbaren, um diese Angelegenheit weiter zu besprechen und einige zusätzliche Troubleshooting-Schritte durchzuführen. Sie wären für einen Anruf am [tel_num] verfügbar oder für eine andere Zeit? Bitte geben Sie mir eine passende Zeit an, und ich werde mich dann mit Ihnen in Verbindung setzen, um Ihnen bei der Lösung dieses Problems zu helfen.",Incident,Technical Support,high,de,Network,Crash,Resolution,Documentation,Feedback,,,
Enhanced Security Protocols for Medical Data,It is imperative to draw attention to the need for implementing enhanced security measures for medical data across all affected systems. This is crucial to ensure compliance and data integrity. The current system has several vulnerabilities that need to be addressed immediately. We request that you take immediate action to rectify the situation and ensure the security of sensitive medical information. Please inform us of the steps you will take to address this issue.,We will investigate and implement the necessary security measures to protect medical data and ensure compliance with data integrity standards.,Change,IT Support,high,en,Security,Compliance,Vulnerability,Alert,IT,,,
Request for Overview of Scalable SaaS Features for Project Management,Is it possible to provide an overview of the scalable SaaS features that enhance project management?,"The scalable SaaS features for project management include task tracking and team collaboration tools, which offer benefits such as increased productivity and improved project visibility. Please send a detailed overview of the features and their benefits via email.",Request,Technical Support,high,en,Feature,IT,Tech Support,,,,,
Pilz auf Medizinische Datensicherheit,"Lieber Kundenservice, ich schreibe Ihnen, um auf die Notwendigkeit der Steigerung von Verschlüsselungsverfahren zur Erhöhung der Sicherheit sensibler medizinischer Informationen und IT-Systeme in Krankenhäusern aufmerksam zu machen. Im Zeitalter zunehmender Cyberangriffe und Datensperrungen ist es entscheidend, umfangreiche Maßnahmen zu ergreifen, um personenbezogene Daten vor unbefugtem Zugriff zu schützen. Die Verbesserung der Verschlüsselungsverfahren nicht nur die Vertraulichkeit und Integrität der medizinischen Daten zu sichern, sondern auch um finanzielle Verluste und Schädigungen der Reputation zu vermeiden. Ich schlage vor, fortschrittliche Verschlüsselungsverfahren wie end-to-end-Verschlüsselung und SSL-Verschlüsselung in Betracht zu ziehen. Zusätzlich empfehle ich regelmäßige Sicherheitsaudits und Penetrationstests, um Schwachstellen zu identifizieren und gezielt zu beheben. Durch das Fokussieren auf die Sicherheit medizinischer Daten und der IT-Systeme von Krankenhäusern kann die Vertrauenswürdigkeit und das Vertrauen von Patienten und Akteuren gewährleistet werden. Ich freue mich auf eine Rückmeldung. Vielen Dank für Ihre Beachtung. Ihr treuer, [Ihr Name]","Lieber [Ihr Name], vielen Dank für Ihre Nachricht über die medizinischen Datensicherheitsmaßnahmen. Wir nehmen die Sicherheit der Patientendaten ernst und arbeiten ständig an deren Verbesserung. Wir werden in Betracht ziehen, fortschrittliche Verschlüsselungsverfahren und regelmäßige Sicherheitsaudits einzuführen. Könnten Sie bitte zusätzliche Informationen zu Ihren Bedenken und eventuellen spezifischen Vorfällen bereitstellen? Es würde mir Freude machen, einen Anruf mit Ihnen zu vereinbaren, um diese Angelegenheit weiter zu besprechen, wenn das für Sie in Ordnung ist.",Change,Product Support,medium,de,Technical,Security,Breach,Incident,Feedback,Resolution,,
Support Request for Data Optimization and Investment Strategies,"Dear Customer Support, I am seeking advice on optimizing data analysis and investment strategies. Specifically, I am interested in learning more about how your products can help improve my investment decisions. Could you provide insights on how these products can assist in making more informed decisions? I look forward to receiving guidance on effectively using data analysis to enhance my investment success. Please let me know about any additional resources or support materials that could aid in my understanding.","Dear [Name], thank you for reaching out to Customer Support. Our team is pleased to assist with optimizing data analysis and investment strategies. We will contact you shortly at the provided phone number [Tel Number] to discuss how our products can help improve your investment decisions and provide additional resources to support your understanding. Best regards.",Request,Technical Support,high,de,Feedback,Documentation,IT,Tech Support,,,,
Support Enquiry for Medical Data Breach,"Hello Customer Support,\n\nI hope this message finds you well. I am contacting you to report a critical issue that has recently been brought to my attention. We have experienced a data breach that has exposed sensitive medical information, which is of great concern. Following an initial investigation, it seems that the breach might be due to the use of outdated Perl and Git versions in our system.\n\nI have already taken some measures, such as conducting security scans to find any vulnerabilities and updating our Magento platform to the latest version. Nevertheless, the problem still persists, and I need further assistance.\n\nI would greatly appreciate your help in identifying the root cause of the breach, recommending updates for our Perl and Git versions, and suggesting any additional preventive measures. Please let me know if you need any additional information from me to proceed with your investigation. I am available to discuss this matter further and provide any required details.\n\nI look forward to your prompt response.\nBest regards,\n[Your Name]","Hello [Your Name],\n\nThank you for your email regarding the medical data breach. I appreciate the steps you have already taken to address the issue. In order to provide the best assistance, could you please arrange a call at your convenience so we can go over the details of your system and the breach? I will require information about your system configuration, including the current versions of Perl and Git you are using, and any error messages you have encountered. Additionally, it would be helpful to know the results of the security scans you have conducted. Once we have this information, I can suggest how to update your Perl and Git versions and recommend further preventive measures to avoid similar incidents in the future.\n\nPlease let me know a suitable time for the call and I will make sure to contact you.\n\nThank you for your cooperation.\nBest regards,\n[Assistant Name]",Problem,Product Support,medium,en,Security,Breach,Technical,Incident,Maintenance,Feedback,,
Inquiry Regarding Necessary System Specifications for Peak Device Functionality,Could you please share the necessary system specifications for achieving peak device functionality?,"Dear customer, to achieve peak device functionality, the minimum system specifications required are a 2.5 GHz processor, 8 GB of RAM, and 256 GB of storage. However, for more detailed and specific requirements, please provide information about your device and operating system so we can offer more tailored advice. If needed, we can also arrange a convenient call to discuss this further.",Request,Customer Service,medium,en,Technical,Specifications,Device,Performance,,,,
Choices for HR Training,"Hello customer support, I am contacting you to seek information about the training programs available for new HR staff. Would you kindly share details on the types of programs, their duration, and any necessary prerequisites? Additionally, could you provide me with information on the costs involved and any potential discounts? I would greatly appreciate a call at <tel_num> to discuss further and find the most suitable training option for my needs. Thank you for your time and assistance. I am looking forward to your response.","Hello <name>, we provide various HR training programs with differing durations and prerequisites. Please allow me to call you at <tel_num> to provide you with detailed information on costs and discounts, and to discuss the best training option for your needs.",Request,Human Resources,low,en,HR,Training,Information,Cost,Discount,Call,,
,"geehrte Kundensupport, wir haben Probleme mit der Datensynchronisation im Projektmanagement, insbesondere auf mehreren Geräten. Es scheint, dass Kompatibilitätsprobleme und Überlastung des Servers die Ursache sein könnten. Wir haben bereits einigeTroubleshooting-Schritte durchgeführt, wie das Claren des Caches und das Zurücksetzen von Verbindungen, aber es gibt keinen Anzeichen für Verbesserung. Das Problem behält sich fort und führt zu Unstimmigkeiten und Verzögerungen bei den Projektterminen. Wir schätzen es, wenn Sie uns weiterenTroubleshooting-Schritten und möglichen Lösungen zur Verfügung stellen könnten, um das Problem zu lösen. Zusätzlich möchten wir wissen, ob die aktuelle Serverpflege oder Softwareupdates die Dienste beeinträchtigen könnten. Wir freuen uns auf Ihre Rückmeldung. <acc_num>","geehrte <name>, wir bedauern, dass Sie mit den Synchronisationsproblemen konfrontiert sind. Es könnte sich um Überlastung des Servers oder Kompatibilitätsprobleme durch Softwareupdates handeln. Bitte geben Sie uns mehr Details zu Ihren verwendeten Geräten und den Softwareversionen, damit wir weiterarbeiten können. Sie können uns auf <tel_num> anrufen, um weitereTroubleshooting-Schritte und mögliche Lösungen zu besprechen. Lassen Sie uns wissen, wann es Ihnen am besten passt, um anzurufen. Ihre Kontonummer ist <acc_num>.",Problem,Customer Service,low,de,Bug,Performance,Network,IT,Tech Support,Recovery,,
Modification Required,Adjust marketing campaigns promptly to align with the updated brand messaging for enhanced outcomes.,I will adjust the marketing campaigns to align with the updated brand messaging promptly.,Change,Returns and Exchanges,high,en,Sales,Marketing,Alignment,Campaign,Messaging,Outcome,,
Recurring Connection Problems with SaaS Application Across Various Devices,"I am reaching out to document the recurring connection issues I am experiencing with the SaaS application across multiple devices. Despite my efforts to resolve the issue by resetting the devices, updating the firmware, and reviewing network settings, the problems continue. It is possible that the issue is due to network configuration or compatibility problems with various products. After following the troubleshooting steps, the issue remains unresolved. I would greatly appreciate it if you could look into this matter and provide a solution at your earliest convenience. Please.",We have received your email regarding the connectivity issues with the SaaS application. We will investigate the matter and kindly request that you provide your account number so we can discuss further at your convenient time.,Problem,Product Support,high,en,Network,Performance,Disruption,IT,Tech Support,,,
Digital Mark Growth Strategy,Can you provide details on the digital strategy for brand growth? Information will help us better understand the approach and apply it to our business efforts. Thank you for your understanding and support. Looking forward to hearing back soon.,"I am pleased to provide details on the digital strategy for brand growth. Please let's arrange a call to discuss relevant customer success stories, and present them as soon as possible.",Request,Customer Service,medium,de,Feedback,Sales,Lead,IT,Tech Support,,,
Support for Investment Optimization and Data Analysis,"Could you provide detailed information on investment optimization, data analysis, specifically for SAP ERP and QuickBooks?","We would be glad to provide detailed information on investment optimization, data analysis, specifically for SAP ERP and QuickBooks. Please provide more context, such as your current status and specific goals, to give a more detailed response. We look forward to scheduling a telephone conference at <tel_num> for further discussions.",Request,IT Support,high,de,Feature,Documentation,IT,Tech Support,,,,
Verbessern Sie die Benutzeroberfläche für eine erweiterte Projektwerkflows-Visualisierung,Wir wollen die Benutzeroberfläche für eine erweiterte Projektwerkflows-Visualisierung verbessern. Können Sie uns dabei helfen?,Wir werden Ihre Vorschläge zur Verbesserung der Benutzeroberfläche für eine erweiterte Projektwerkflows-Visualisierung in Betracht ziehen und Sie über alle Entwicklungen oder Änderungen in dieser Angelegenheit informieren.,Change,Technical Support,medium,de,Product,Feedback,Feature,Improvement,User Interface,,,
Problem with Data Analytics Dashboard Performance,"Respected Customer Support, I am contacting you to report a problem with our data analytics dashboard. It has suddenly stopped updating and we have already attempted to restart the system and check the RAM. We believe the problem could be due to a RAM shortage or software conflict. The dashboard is crucial for our operations, and we require it to function without issues. Kindly investigate this matter and offer a solution or guidance on how to fix it. We would greatly appreciate any support you can provide to restore the dashboard. Thanks for your attention and assistance.","Dear <name>, we appreciate your communication regarding the malfunction of your data analytics dashboard. We regret the inconvenience this has caused to your operations. We are ready to assist you in resolving this issue. Could you please share details about your system setup, such as the operating system and software versions, as well as any changes made recently? This information will aid us in identifying the problem and providing a more precise solution. If necessary, we can arrange a call at <tel_num> to discuss further and provide guidance on resolving the issue related to <acc_num>. Thank you.",Incident,Technical Support,medium,en,Technical,Performance,Bug,Hardware,Software Conflict,,,
Probleme mit den Social-Media-Verfolgungsdaten,"Wir haben bemerkt, dass unsere Social-Media-Teilnahme-Metriken unerwartet zurückgegangen sind. Obwohl wir unsere Analysen überprüft und Veröffentlichungspläne anpasst, hält das Problem an. Mögliche Gründe könnten die Änderungen an den Algorithmen oder Uneinigkeit in der Inhaltspolitik sein. Wir benötigen Ihre Unterstützung, um dieses Problem zu lösen und die Beteiligungsmetriken wieder in den gewünschten Zustand zu versetzen.","Ich stehe Ihnen zur Verfügung, um das Social-Media-Problem zu unterstützen. Um das Problem besser zu verstehen, benötige ich ausführlichere Informationen über Ihre aktuellen Analysen und Ihren Veröffentlichungsplan. Könnten Sie mir mehr Details über die bislang durchgeführten Anpassungen geben? Darüber hinaus würde ich gerne eine Telefonkonferenz vereinbaren, um mögliche Lösungen und den nächsten Schritt zu besprechen, um Ihre Beteiligungsmetriken wiederherzustellen. Bitte geben Sie mir geeignete Zeiten an, um Sie zu kontaktieren, unter <tel_num>.",Incident,General Inquiry,low,de,Technical,Feedback,Documentation,Change,Analytics,,,
Update Integration Features,"Dear Customer Support, we are reaching out to request an update on our product integration options with Salesforce CRM. Our team, currently utilizing several tools to manage projects, believes that enhancing our integration capabilities would significantly improve our workflow. Specifically, we would like to integrate our project management software with Salesforce to enable seamless data transfer and synchronization. This would allow us to track progress, assign tasks, and collaborate more efficiently across different teams.","Thank you for reaching out regarding the update of integration features for Salesforce CRM. We appreciate your feedback and understanding of the benefits of integrating your project management software with Salesforce. To better assist you, could you please provide us with information on the project management software you are currently using and the specific integration capabilities you are looking for? This will help us provide a tailored solution. If needed, we can schedule a call at <tel_num> to discuss at your convenience. We look forward to assisting you.",Change,Sales and Pre-Sales,low,en,Feature,Product,Documentation,Feedback,IT,Tech Support,,
Technical Assistance,"experienced data synchronization problems between MongoDB and Zoho Books, impacting operations.",examine the data synchronization issue between MongoDB and Zoho Books and contact support for assistance in resolving it.,Problem,IT Support,high,en,Bug,Performance,IT,Tech Support,,,,
Assistance with Declining Website Traffic,"Hello, we have observed a significant reduction of 30% in our website traffic over the course of a single night. Potential causes could be recent algorithm modifications or software issues. After reviewing our analytics and updating our plugins and caching systems, the problem remains unresolved. We require your expertise to address and fix this situation.","Dear <name>, I apologize for the substantial drop in your website traffic over the last night. We appreciate your efforts in investigating the analytics, plugins, and caching. In order to delve deeper into this issue, could you provide some additional information about your website, including the platform it runs on and any recent modifications you have made? Additionally, have you encountered any error messages or experienced any delays in loading times? I would like to arrange a call to discuss this matter further. Please inform me of a convenient time, and I will ensure to contact you at <tel_num>.",Problem,Technical Support,high,en,Technical,Website,Outage,Performance,Feedback,,,
Guide for Integrating Joomla SaaS Project Management Solution,I am attempting to integrate the Joomla SaaS project management solution. Could you provide detailed documentation and guidance on the integration process? I would greatly appreciate any resources or support you can offer to help me successfully complete the process.,"<name>, thank you for your interest in integrating the Joomla SaaS project management solution. A detailed guide on our website outlines the integration process. We can provide personalized support; please provide us with <acc_num> so we can look into your specific setup. If you need further assistance, we can schedule a call at <tel_num> to walk you through the process at your convenience.",Request,Returns and Exchanges,high,en,Documentation,Feature,Feedback,IT,Tech Support,,,
Urgency in Enhancing Encryption for Medical Data Protection,"Dear Customer Support, I am contacting you to emphasize the urgency of strengthening encryption measures for medical data storage and transmission across all hospital IT infrastructure. Safeguarding confidential patient information is paramount in the face of escalating cyber threats. I urge you to swiftly implement comprehensive end-to-end encryption for medical data both during transmission and while at rest. This should encompass all devices, such as laptops, tablets, and mobile phones, and ensure that all network-transmitted data is encrypted. Kindly provide updates on the actions you will take and the timeline for these measures. Thanks for your prompt attention to this critical issue.","Dear [Name], we value your communication on the need to bolster encryption protocols for medical data. Protecting patient information is a top priority, and we are committed to enhancing our security systems. We are currently evaluating our encryption practices to ensure they align with the highest standards. To address your concerns, we will thoroughly examine our IT systems and devices to pinpoint areas for enhancement. We will update you on the steps we will undertake and provide a timeline for implementation. If you wish to discuss this further, please suggest a convenient time for us to contact you at [Tel Number]. We will keep you informed of our progress in strengthening medical data security.",Change,Customer Service,low,en,Technical,Security,Breach,Incident,Documentation,Guidance,Maintenance,
,"Dear Customer Support, I am inquiring about the API integration capabilities for our project management SaaS. Could you please provide details on the available APIs, their functionality, and any documentation or support resources you offer? It would be greatly appreciated if you could share examples of successful integrations that other customers have implemented. This information will help me better understand the platform and meet our project management needs. Thank you for your assistance. I look forward to hearing from you soon. Regards, [Your Name]",We offer various APIs for integration. Please visit our website for documentation and support resources. We can also send examples of successful integrations and discuss further by calling <tel_num>. ,Request,Technical Support,high,en,Documentation,Feature,Feedback,IT,Tech Support,,,
Handbuch,"Hallo, ich möchte mich erkundigen, wie wir unsere medizinischen Daten in ActiveCampaign und Firebase sicher für die Krankenhäuser integrieren können. Könnten Sie uns hierbei Rat geben? Ich würde mich freuen, wenn Sie uns Informationen zur Verfügung stellen könnten, die uns dabei helfen, Vorschriften bei der Sicherung unserer medizinischen Daten einzuhalten. Insbesondere benötige ich Rat, wie wir Systeme korrekt integrieren können, ohne dabei die Vertraulichkeit und Integrität sensibler Patientendaten gefährden zu können. Vielen Dank für Ihre Unterstützung und Ihre Zeit.",Wir können Ihnen Rat zur Sicherung Ihrer medizinischen Daten in ActiveCampaign und Firebase-Integrationen für Krankenhäuser geben. Bitte lassen Sie uns in der gegebenen Zeit kontaktieren.,Request,Billing and Payments,high,de,Documentation,Security,IT,Tech Support,,,,
Upgrade Medical Data Security Protocols,"Customer Support, please draft enhanced security measures for managing medical data in hospital systems. The current system has multiple vulnerabilities that could jeopardize the confidentiality, integrity, and availability of sensitive patient information. We recommend strengthening data protection by implementing advanced encryption techniques, secure data storage solutions, and robust access controls. Regular security audits and penetration testing should also be conducted to identify and address any potential weaknesses. Your assistance is appreciated.",We will review your request and provide a plan to enhance the medical data security protocols within the hospital systems.,Change,Customer Service,medium,en,Security,Performance,IT,Tech Support,,,,
,Probleme mit der Synchronisierung in der SaaS-Plattform verschiedener Produkte,"Sehr geehrter Kundende, wir sind Ihnen für das Mitteilen der Probleme mit der Synchronisierung in der SaaS-Plattform verschiedener Produkte dankbar. Wir würden es freuen, wenn Sie uns weitere Details zu Ihrem Problem bereitstellen könnten, wie beispielsweise Fehlermeldungen oder spezifische Symptome. Wir sind bereit, eine Fehlerdiagnose durchzuführen und eine Lösung zu finden. Sollten Sie uns am geeigneten Termin erreichen können, sind wir auch für eine Diskussion der weiteren Details zu Verfügung.",Problem,Technical Support,medium,de,Bug,Product,Feature,Tech Support,,,,
,"Customer Support, I am writing to request enhancements in security measures for managing medical data in a hospital setting. Ensuring compliance and data integrity are crucial in the healthcare industry. I would like to propose the implementation of advanced encryption methods, regular security audits, and staff training in data protection practices. Additionally, it would be beneficial to establish an incident response plan and conduct regular penetration testing to identify vulnerabilities. I believe these measures would significantly improve our security.","<name>, we appreciate your email regarding enhancements to security measures for managing medical data in a hospital setting. We understand the importance of ensuring compliance and data integrity within the healthcare industry. The proposed implementation of advanced encryption methods, regular security audits, and staff training in data protection practices are viable options. Establishing an incident response plan and conducting regular penetration testing are crucial steps in identifying vulnerabilities. We would like to discuss this further.",Change,Customer Service,medium,en,Security,Compliance,Documentation,Feedback,IT,,,
Investment Analysis Platform Data Output Issues,"The investment analysis platform is producing inconsistent data outputs, which may be due to potential software integration issues. Steps taken to resolve the issue, such as rebooting the system and updating applications, have not resolved the problem. Assistance is required.","Dear customer, \n\nI have received your email regarding the inconsistent data outputs from the investment analysis platform. It is noted that you have already attempted to resolve the issue by rebooting the system and updating applications, but the problem still persists. I would like to assist in resolving this issue. To better understand the problem, could you please provide details on the inconsistent data outputs you are experiencing, including any specific errors or discrepancies you are seeing? Additionally, I would like to schedule a call to further discuss this matter.",Problem,Technical Support,medium,en,Bug,Performance,IT,Tech Support,Documentation,,,
Support for SQL Server,Could you provide documentation on integrating SQL Server with data analytics tools? I am looking for guides and tutorials to begin the integration process.,"Certainly, we provide a range of guides and tutorials on our website for integrating SQL Server with data analytics tools. Please check our support page for further details and resources to kick-start your integration.",Request,Billing and Payments,medium,en,Technical,Documentation,Guidance,Product,SQL Server,Datum Analytics Tool,,
Concerns Regarding Engagement Metric Reduction,"Noticed a decline in brand engagement metrics. Recent modifications to our marketing strategies might be the reason. We have reviewed the updated campaigns and observed some positive changes, but further details are needed.","<name>, we are addressing the decline in engagement metrics. To better understand the situation, could you please provide details on the recent marketing strategy changes and the adjustments made to the campaigns? This will help us identify the root cause and provide a suitable solution. If you are available, we can schedule a call at a convenient time to discuss further. Please let me know a suitable time to reach you at <tel_num>. We are here to assist in resolving the issue with your engagement metrics <acc_num>.",Problem,Technical Support,medium,en,Feedback,Performance,Product,,,,,
Problem with Data Analytics,"The data analytics dashboard did not update during the night because of insufficient NAS storage or possible AWS connection problems. Restarted Ansible and Zapier connections, reviewed QNAP TS-453D logs.","Dear <name>, we appreciate you notifying us about the Data Analytics issue. We are examining the QNAP TS-453D logs and the Ansible and Zapier connections you restarted. For further investigation, could you confirm the current storage space available on your NAS and the status of your AWS connection? If necessary, we can schedule a call at <tel_num> to discuss further; please inform us of a convenient time. We will address the issue with your Data Analytics dashboard as soon as possible, concerning your <acc_num>.",Incident,Customer Service,low,en,Technical,Bug,Performance,Crash,Documentation,,,
Assistance with Technical Issue,"During the presentation, the connection to UniFi Dream Machines failed, which interrupted the presentation, data analysis, and network configuration issues. These disruptions caused problems.","Dear <name>, unfortunately, we have learned that the UniFi Dream Machine was disconnected during the presentation, which interrupted the presentation, data analysis, and caused issues with the network configuration. To resolve the problem, we would like to examine the network configuration and possible sources of interference. Please provide more details about your setup and the exact error message, as this will help us better understand the issue and offer an appropriate solution. If necessary, we can arrange a call at <tel_num> to discuss resolving the network issues.",Incident,Sales and Pre-Sales,high,de,Network,Disruption,IT,Tech Support,,,,
Assistance with Security Issues,We require assistance with suspicious activity on the hospital IT systems.,"Dear <name>, we are here to assist with the security issue on the hospital IT systems. Could you please provide more details about the suspicious activity, such as what you observed and when it began? It would be convenient if you could call at <tel_num> so we can discuss further details.<br><br>Sincerely, <br><name>",Problem,IT Support,medium,de,Security,IT,Tech Support,,,,,
Advice for Enhancing,"Customer Support, seeking advice to optimize investment analytics using Scikit-learn on macOS for a financial firm. Currently leveraging Scikit-learn for data analysis and machine learning tasks but facing performance challenges. Could you guide on how to optimize workflows and improve performance? I would greatly appreciate recommendations and best practices for Scikit-learn on macOS. Additionally, please share specific configuration settings that can be adjusted to enhance performance. Thank you for your assistance.","Guidance for optimizing Scikit-learn performance on macOS, please share details about your current workflow and the performance issues you are encountering. I will recommend best practices and configurations to improve performance.",Request,Technical Support,medium,en,Feedback,IT,Tech Support,,,,,
Problem with Software Updates Today,"The software unexpectedly crashed during project updates, impacting the linked tools. This might be due to recent updates causing compatibility issues. I have attempted to reboot the system and reinstall the affected applications, but the issue still persists.",Investigating the issue with the software updates. Please provide the version numbers of the affected applications and the exact error message you are seeing. Contact <tel_num> to discuss the next steps.,Incident,Technical Support,high,en,Bug,Performance,Maintenance,IT,Tech Support,,,
Concern About Project Schedule,"Greetings Customer Support, I am contacting you to address a serious problem with our project schedule. Lately, our project schedule has become dysfunctional, causing the loss of all team tasks. We suspect that this may be related to an incompatibility with Adobe Premiere Pro 2021. Despite restarting PostgreSQL and troubleshooting the Joystick settings, our efforts have not succeeded in fixing the issue. We would be extremely grateful if you could provide us with your assistance to resolve this as quickly as possible. Kindly inform us if there is any extra information you need from us to help with the solution. Thank you for your understanding and cooperation. Sincerely, [Your Name]","Hello [name], I regret to learn that you are facing difficulties with your project schedule. I am here to help you address this issue. To better comprehend the problem, could you provide detailed information about the integration with Adobe Premiere Pro 2021 and any error messages you are encountering? Also, it would be useful to know the version of PostgreSQL you are currently using. If possible, I can also contact you at <tel_num> to discuss this further. Please let me know a convenient time for the call. I will do everything I can to assist in recovering your project schedule and team assignments as swiftly as possible.",Incident,Technical Support,high,en,Technical,Bug,Software,Resolution,Documentation,Feedback,,
Projekt-Timeline-Problematik,"Sehr geehrte Kundensupport, ich denke es ist angebracht, mich an dieser Stelle über ein Problem mit den Projekt-Timelines zu melden, die sich nicht korrekt über Teams synchronisieren. Dies könnte aufgrund einer neueren Aktualisierung oder Integrationsschritte entstanden sein. Ich habe bereits Versuche unternommen, das Programm neu zu starten, die Einstellungen zu überprüfen und den Cache zu leeren, aber das Problem beharrt bestehen. Es wäre sehr wertvoll, wenn Sie sich dieser Angelegenheit annimmt und so schnell wie möglich eine Lösung bereitstellen könnten. Ich bedanke mich schon jetzt für Ihre Zeit und Ihre Unterstützung. Ich freue mich darauf, bald von Ihnen zu hören.","Sehr geehrte <name>, vielen Dank, dass Sie uns über das Projekt-Timeline-Problem, das Sie momentan begegnen, informiert haben. Entschuldigen Sie bitte die Unannehmlichkeiten und freuen wir uns, Ihnen in dieser Angelegenheit behilflich zu sein. Könnten Sie uns bitte zusätzliche Informationen über die recente Aktualisierung oder Integration geben, die Sie erwähnt haben, wie etwa die Implementierungstermine und Fehlernachrichten, die Sie erhalten haben? Zusätzlich, welches Gerät und welchen Browser verwenden Sie, um das Programm zu bedienen? Diese Informationen werden uns helfen, das Problem besser zu verstehen und eine Lösung vorzulegen. Falls es erforderlich ist, werde ich einen Anruf vereinbaren, um die Angelegenheit weiter zu besprechen. Bitte geben Sie mir ein gutes Zeitfenster, um Sie anzurufen, unter <tel_num>.",Problem,Product Support,high,de,Technical,Customer,Bug,Synchronization,Software,Resolution,,
Sicherheitslücke in Krankenhaus-System,Vertrauliche medizinische Informationen wurden freigegeben.,"Die Firma nimmt die Sicherheit medizinischer Daten sehr ernst und untersucht derzeit die Angelegenheit. Bitte geben Sie mehr Details zu den freigegebenen Daten und der Sicherheitslücke an. Wir werden uns in Kürze bei Ihnen melden, um diese Frage zu besprechen.",Problem,Returns and Exchanges,high,de,Security,Bug,IT,,,,,
Hilfe bei der MySQL-Integration für SaaS-Projektmanagement-Software,Suche nach detaillierter Dokumentation zur Integration von MySQL in unsere SaaS-Projektmanagement-Software. Bitte helfen Sie bei der Einrichtung der sequenziellen Datenbankverbindung. Ich freue mich auf die notwendigen Anleitungen und Leitlinien. Vielen Dank für Ihre Unterstützung und Ihre Zeit. Ihre Hilfe schätze ich sehr.,"Wir bieten detaillierte Dokumentation zur Integration von MySQL in unsere SaaS-Projektmanagement-Software an. Bitte geben Sie uns die Zeit, um eine detaillierte Anleitung oder Anweisungen zu erstellen. Wenn Sie besondere Anforderungen haben oder Fragen haben, teilen Sie uns bitte mit. Sobald das Dokumentation fertig ist, werden wir es Ihnen zukommen lassen. Sollten Sie eine Besprechung für die Einbeziehung der Dokumentation wünschen, lassen Sie uns es wissen.",Request,Technical Support,medium,de,Documentation,IT,Tech Support,Feature,,,,
Unintended Loss of Campaign Data Following Node.js Update,"Good day, Customer Service Team. I am inquiring about an anomaly with our campaign data. It vanished unexpectedly overnight. We believe the recent Node.js 14.17 upgrade might have led to compatibility problems. We have attempted to restart the server and examine the Airtable logs, yet the issue remains unresolved. Can you provide guidance on how to proceed? Please inform us if there are any further actions we can take to resolve this. Your prompt assistance is greatly appreciated. Sincerely, [Your Name]","Hello [Name], thank you for informing us about the campaign data issue. We regret the inconvenience. To better understand the compatibility issues with Node.js 14.17, could you furnish us with the Airtable logs and server specifics? We will review the provided data and offer additional troubleshooting steps. Should a deeper discussion be required, we can arrange a call at [Phone Number] to address the matter further. Kindly indicate a convenient time for the call. We are committed to resolving this issue swiftly for account [Account Number].",Incident,Technical Support,high,en,Technical,Bug,Documentation,Guidance,Resolution,Incident,Crash,Network
Investment Prognoseunterschied Problem,"Ich habe einen unerwarteten Unterschied in den Investitionsprognosen festgestellt. Das Problem könnte auf eine veraltete Datenanalyse-Modellierung zurückzuführen sein. Ich habe bereits manuelle Berechnungen durchgeführt und die Datenquellen geprüft, aber das Problem behält sich bestehen. Ich würde mich freuen, bei der Lösung dieses Problems behilflich zu sein.","Ich untersuche derzeit das Investment-Prognoseunterschied-Problem, das Sie gemeldet haben. Um Ihnen besser behilflich zu sein, bitte ich Sie, mehr Details zum Unterschied und den verwendeten Datenquellen zu geben. Ich werde Sie zu einem geeigneten Zeitpunkt kontaktieren, um weitere Diskussionen und die Lösung des Problems durchzuführen.",Incident,Customer Service,medium,de,Technical,Product,Feedback,Resolution,Investigation,,,
Technische Problematik,"Ich schreibe Ihnen, um ein unerwartetes Systemausfall während der Gipfelnutzungszeiten zu melden. Es könnte sich um einen Serveroverload oder andere technische Probleme handeln. Ich habe bereits die Server neu gestartet, die Systemprotokolle überprüft und die Leistungsmetriken beobachtet, um den Fehler zu identifizieren. Allerdings benötige ich die Unterstützung des Kundensupportteams, um die Lösung dieses Problems zu finden. Könnten Sie bitte auf diesen Punkt aufmerksam sein und mögliche Lösungen oder Anleitungen zur Verhüttung solcher Ereignisse in der Zukunft bereitstellen? Ich würde jede Hilfe oder Rat, der mir dabei zur Verfügung gestellt wird, um den flüssigen Betrieb unseres Systems zu gewährleisten, schätzen.","Wir haben Ihre E-Mail zur technischen Problematik Ihres Servers erhalten. Um Ihnen weiter zu helfen, benötigen wir zusätzliche Informationen über die Fehlern, die Sie beobachtet haben. Wir werden außerdem Ihre Kundeninformationen benötigen, um diesen Fall zu untersuchen. Könnten wir bitte telefonisch darüber sprechen, sobald es Ihnen gelegen ist, um eine schnelle Lösung zu finden?",Incident,Returns and Exchanges,medium,de,Technical,Outage,Resolution,Support,Documentation,,,
Strategien für Markenwachstum im Digitalland,"Lieber Kundenservice, ich kontaktiere Sie, um die verschiedenen Möglichkeiten von digitalen Marketingstrategien und Dienstleistungen, die für Markenwachstum wichtig sind, zu erkunden. Könnten Sie mir mehr über verschiedene Ansätze erzählen, die helfen, Unternehmen in ihrer Online-Präsenz zu stärken und neue Kunden zu gewinnen? Ich bin besonders an Sozialmedien-Management, Inhaltscreativitäts- und Suchmaschinenoptimierungsmethoden interessiert. Zudem würde ich gerne mehr über die verfügbaren Pakete und Promotionsmöglichkeiten erfahren. Ich freue mich darauf, mehr über die Dienstleistungen zu erfahren, die für mein Unternehmen von Vorteil sein könnten. Vielen Dank für Ihre Unterstützung. Mit freundlichen Grüßen, [Ihr Name]","Lieber [Ihr Name], vielen Dank für Ihre Nachricht. Wir bieten individuelle digitale Marketinglösungen an, einschließlich Sozialmedien-Management, Inhaltscreativitäts- und Suchmaschinenoptimierung, um das Online-Image eines Unternehmens zu verbessern. Bitte geben Sie uns Ihre Konto-Nr. [acc_num] und Telefonnummer [tel_num], damit wir die verfügbaren Pakete und Promotionsmöglichkeiten individuell Ihren Bedürfnissen anpassen können.",Request,Product Support,medium,de,Feedback,Sales,Product,Feature,Documentation,,,
Inquiry regarding available digital strategy packages,"Dear Customer Service, I am writing to inquire about the digital strategy packages offered by the company for business growth and enhancing online presence. I would appreciate detailed information on the services included in these packages, along with pricing details. Additionally, I would value more information on the digital strategy services provided. Thank you for your time, and I look forward to hearing more about how the company can assist in my business growth.","Dear <name>, thank you for reaching out to Customer Service regarding the digital strategy packages. We offer a variety of packages designed to support the expansion of your online presence and assist with business growth through market management. Each package includes services such as social media management, search engine optimization, and content creation. We would be happy to provide more detailed information about the packages, including pricing and content. Please let us know the specific goals your business has for its online presence so we can provide more precise information.",Request,Billing and Payments,medium,de,Sales,Feedback,Product,,,,,
,"Customer Support, I am reaching out to request enhancements to our security measures for managing medical data in our hospital systems. Currently, we use Airtable and Bitbucket for data management, and I believe additional security measures are necessary to ensure the confidentiality and integrity of sensitive medical information. I would like to propose the implementation of multi-factor authentication, regular security audits, and encryption for data in transit and at rest. I believe these measures will significantly improve the security of our systems and protect patient data.",We appreciate your proposal for enhanced security measures. Please contact us at <tel_num> to discuss the implementation options and schedule a meeting with our team.,Change,Product Support,medium,en,Security,Feedback,IT,Tech Support,,,,
Optimierung von Investitionen mit DataRobot,"Sehr geehrte Kundenservice, ich kontaktiere Sie in Bezug auf die Optimierung von Investitionen durch die Nutzung von DataRobot zur wirtschaftlichen Analyse. Könnten Sie detaillierte Informationen zur Verfügung stellen, die zeigen, wie DataRobots Fähigkeiten für datenbasierte Investitionsentscheidungen eingesetzt werden können? Ich würde gerne Anleitungen zu folgenden Themen erhalten: Datenbereitstellung, Modellauswahl und deren Implementierung. Darüber hinaus möchte ich mehr über die Vorteile von DataRobot in wirtschaftlichen Analysen erfahren, wie z.B. verbesserte Prognosen und das Risikomanagement. Bitte teilen Sie mir Erfolgsgeschichten und Fallstudien mit, um die Effektivität von DataRobot in diesem Bereich zu demonstrieren.","Sehr geehrte [name], vielen Dank für Ihre Nachricht. Wir wenden uns Ihnen in Kurzzeit an, um die Optimierung von Investitionen mit DataRobot zur wirtschaftlichen Analyse zu besprechen. Wir können detaillierte Informationen zur Verfügung stellen, die zeigen, wie DataRobots Fähigkeiten eingesetzt werden können, um datenbasierte Investitionsentscheidungen zu treffen. Bitte telefonieren Sie gerne mit unseren Experten, um Anleitungen zu Datenbereitstellung, Modellauswahl und deren Implementierung zu erhalten. Wir teilen Ihnen auch Erfolgsgeschichten und Fallstudien mit, um die Effektivität von DataRobot in diesem Bereich zu demonstrieren. Bitte teilen Sie uns ein geeignetes Zeitfenster für einen Anruf mit [tel_num]. Zwischenzeitlich können Sie die Website besuchen, um zusätzliche Ressourcen und Unterstützung für die Einrichtung von DataRobot zur wirtschaftlichen Analyse zu nutzen. Wir freuen uns auf Ihre Rückmeldung.",Request,Billing and Payments,medium,de,Feedback,Product,Feature,Documentation,IT,Tech Support,,
Strategien für den Markenwachstum,"Welche digitalen Strategien helfen dabei, das Markenwachstum für eure Markenagentur zu steigern? Ich würde mich freuen, mehr darüber zu erfahren.","Sehr geehrte [name], vielen Dank für Ihre Interesse an den Dienstleistungen unserer Markenagentur. Unsere digitalen Strategien umfassen das Social-Media-Management, das Content-Creation und die Suchmaschinenoptimierung. Wir bieten auch E-Mail-Marketing- und Influencer-Partnerschaftsdienstleistungen an. Um zu erfahren, wie diese Strategien Ihr Unternehmen unterstützen können, würde ich einen Anruf mit Ihnen vereinbaren mögen. Wären Sie bereit, einen Anruf zu vereinbaren, zu einem Zeitpunkt, der Ihnen bequem ist? Sie können mich unter [tel_num] erreichen, um eine mögliche Zeit zu vereinbaren.",Request,Returns and Exchanges,low,de,Customer,Strategy,Marketing,Sales,Engagement,Partnership,Communication,Follow-Up
Problem with Data Access,"There was an issue with accessing data, specifically medical records, which might be related to outdated security protocols. We have updated the antivirus software and performed a preliminary security review.",Please review the incident and contact +1-800-555-1234 to discuss potential solutions for the data access problem.,Incident,Technical Support,low,en,Bug,Security,Virus,IT,Tech Support,,,
Sachverhalt,Technisches Problem bei Funktionalitäten des digitalen Strategie-Systems aufgrund neuer Software-Updates.,Problem prüfen. Bald further details zur Lösung kontaktieren.,Incident,Technical Support,low,de,Bug,Performance,IT,Tech Support,Feature,Documentation,,
Enquire About Integrating Airtable with Cassandra,I would like to seek information on integrating Airtable with Cassandra to improve our data analytics and investment optimization tools. This integration could significantly benefit our business by offering more precise and efficient data analysis. I would greatly appreciate any advice or assistance you can provide for setting up this integration. Kindly inform me if there are specific prerequisites or steps I should follow. I am eagerly waiting for your response and excited to explore the potential of this integration. Thank you for your time and support.,"I am pleased to assist you with integrating Airtable with Cassandra. In order to move forward, I require additional details about your current infrastructure and needs. Could you please share information regarding your Airtable and Cassandra setups, including their versions and data structures? Based on this information, I can guide you through the integration process and offer any necessary support.",Change,General Inquiry,low,en,Technical,Integration,Product,Guidance,Documentation,,,
Problem with Metrics of Digital Campaign,"Hello Customer Support, I am contacting you to report a recent anomaly in the metrics of my digital campaign. This might be due to an integration issue. Although I have attempted to reset both my QuickBooks and Mailchimp integrations, the problem still exists. I hope you can look into this and offer a solution promptly. If there is any more information you need from me to resolve this, please let me know. Thank you for your time and help. I eagerly await your response.","Hello <name>, thank you for bringing the issue of the digital campaign metrics discrepancy to our attention. I apologize for the inconvenience this has caused despite your efforts to reset the QuickBooks and Mailchimp connections. To better understand the issue, could you provide further details about the metrics that are affected and any error messages you have received? Additionally, I would like to arrange a call with you to discuss this further. Could you be available for a call at <tel_num>, or do you prefer a different time?",Incident,Product Support,high,en,Technical,Customer,Integration,Metrics,QuickBooks,Mailchimp,Resolution,
Finanzfirma Datensynchronisationsprobleme bei Investitionsanalyse aufgrund Netzwerkunstabilität,"Versuche zur Lösung, wie Wiederverbinden von Geräten und Optimierung der Routerposition, haben das Problem nicht beheben können. Bitte teilen Sie weitere Details zum Netzwerksetup und Fehlermeldungen, damit wir weitere Unterstützung anbieten können.","Untersuchen Sie das Problem der Datensynchronisation aufgrund der Netzwerkunstabilität weiter. Bitte geben Sie mehr Details zum Netzwerksetup und Fehlermeldungen, um weitere Unterstützung anzubieten.",Problem,Technical Support,medium,de,Network,Performance,IT,Tech Support,,,,
Data Analytics Tools Inquiry,"Hello customer support, I am writing to seek details about the data analytics tools that can enhance investment strategies for financial firms. Could you furnish me with information regarding the tools available and their capabilities? It would be great if you could share any relevant case studies or success stories as well. Moreover, I am interested in learning about the pricing and the implementation process for these tools. I look forward to your response and exploring how these tools can benefit our financial firm. Thank you for your support. Best regards, [Your Name]","Dear [Your Name], we provide several data analytics tools designed to improve investment strategies for financial firms. I would be delighted to go into more detail about the features, pricing, and implementation process. Let's schedule a call at your earliest convenience to discuss these aspects in greater depth and address any questions you might have.",Request,Sales and Pre-Sales,low,en,Product,Sales,Feedback,Documentation,Guidance,,,
Frage zur Digitalisierung von Smart Home Produkten,"Ich interessiere mich für digitale Strategien, um das Wachstum der Smart Home Produkte meiner Marke zu fördern. Könnten Sie mir genaue Anhaltspunkte oder Vorschläge geben?","Ich kann Ihnen Ressourcen zu digitalen Strategien für das Wachstum von Smart Home Produkten bereitstellen. Bitte gestatten Sie mir, Sie anzurufen, um weitere Informationen zu besprechen.",Request,Returns and Exchanges,medium,de,Customer,Product,Sales,Strategy,Guidance,,,
Notwendige Unterstützung bei Sicherheitsverstoß,"Sehr geehrte Kundensupport, es wurde ein unbefugter Zugriff auf medizinische Daten gemeldet. Dies geschah aufgrund veralteter Sicherheitsprotokolle. Die Software wurde aktualisiert, Zugriffsprotokolle geprüft und die Passwörterpolitik verstärkt. Allerdings besteht das Problem weiterhin. Wir benötigen dringend technische Unterstützung, um die Daten zu schützen und weitere Verletzungen zu verhindern. Die IT-Infrastruktur des Krankenhauses steht unter Gefahr und benötigt sofortige Hilfe, um das Problem zu lösen. Bitte stellen Sie eine Lösung und Anleitung zur Verfügung, damit wir den Fall ermitteln und korrigieren können. In dieser Angelegenheit ist Zeit von großer Bedeutung.","Wir ordnen diesem Sicherheitsverstoß höchste Priorität und werden sofort eingreifen. Um Ihnen besser zu helfen, bitten wir Sie, das earliesten Kommando an <tel_num> zu rufen, um den Fall detaillierter zu besprechen und Anleitungen für den nächsten Schritt zu erhalten, um die medizinischen Daten zu schützen.",Problem,Technical Support,medium,de,Security,IT,Tech Support,Bug,,,,
Aid Required for Project,Users are facing delayed access to the project dashboard owing to higher traffic and inefficient database queries.,"We will look into this, optimize the queries, and enhance the loading times for the project dashboard. Please provide your account number <acc_num> so we can address this issue promptly.",Incident,Technical Support,medium,en,Performance,IT,Tech Support,Login,,,,
Investment Optimization Services Inquiry Today,"Dear Customer Support, I am contacting you to ask about the data analytics tools you provide for investment optimization services. Could you share a list of the tools and platforms you use to analyze investment data and optimize investment portfolios? Specifically, I am keen to learn about your risk management and portfolio optimization services. Additionally, I am interested in knowing if you have any machine learning or AI-based solutions for investment optimization. It would be great if you could also give me some case studies or examples of how your data analytics tools have helped clients meet their investment objectives. Thank you for your time and assistance. I look forward to your response. Best regards, [Your Name]","Dear [Your Name], thank you for your inquiry about our investment optimization services. We provide a variety of data analytics tools and platforms designed to analyze investment data and optimize portfolios. Our services encompass risk management and portfolio optimization, as well as machine learning-based solutions. I am happy to provide more details and case studies. Could you please let me know a convenient time for a call to discuss further? You can contact me at [tel_num].",Request,Sales and Pre-Sales,medium,en,Customer,Inquiry,Analytics,Investment,Portfolio,RiskManagement,MachineLearning,CaseStudies
Request for Enhancing Maintenance Schedule for Better Performance,"Hello Customer Support, I am writing to request an update to our maintenance schedule. During peak usage hours, the service experiences significant downtime, leading to lost productivity and revenue. I kindly request that the maintenance schedule be revised to minimize downtime during these hours, as this would greatly improve the overall service performance and user experience. I would appreciate it if this matter could be addressed as soon as possible. Please let me know if there is any additional information needed.","Dear [Name], we have received your request to update the maintenance schedule to minimize downtime during peak usage hours. We will investigate this matter and require any additional information you may have. Please allow us to review and propose a revised schedule as soon as possible.",Change,Service Outages and Maintenance,low,en,Maintenance,Performance,Disruption,Recovery,Feedback,,,
Hilfe bei der Integration von Microsoft Office 365,"Können Sie mehr Details zur Integration von Microsoft Office 365 in unsere Projektmanagement-Software-as-a-Service (SaaS)-Plattform liefern? Das würde uns bei der Verständnissteigerung unserer Anforderungen und der Bereitstellung einer exakten Lösung helfen. Vielen Dank, Produktteam hat die Anfrage betrachtet.","Um die Integrationsanforderungen zu besprechen, rufen Sie uns bitte unter <tel_num> an.",Request,Customer Service,medium,de,Feature,Product,Feedback,Tech Support,,,,
Technische Anomalie,"Viele Werkzeuge zeigten gleichzeitig Anzeichen von Fehlern, was möglicherweise auf einen Netzwerkfehler zurückzuführen ist. Der TP-Link 16-Port-Schalter wurde neugestartet.","Vielen Dank für den Versuch, das TP-Link 16-Port-Schaltgerät zu reaktivieren, um das Problem zu beheben. Wenn sich der Fehler weiterhin bestätigt, wären wir dankbar für zusätzliche Informationen zu den fehlerhaften Werkzeugen und der Netzwerkanordnung, um Ihnen besser zu helfen. Ich bin bereit, ein geeignetes Terminfenster für eine Telefonbesprechung zu vereinbaren, um diese Fragen weiter zu besprechen.",Incident,Product Support,low,de,Technical,Network,Crash,Hardware,,,,
Healthcare Access Concern,"I am encountering an undesired medical data access denial scenario. My login credentials have suddenly stopped working, which might be related to a change in password policies. Despite restarting my device, verifying my credentials, and referring to the user manual, the problem remains unresolved.","Dear <name>, I apologize for the inconvenience you are facing with your healthcare data access. It seems you have already taken steps such as restarting your device, checking your credentials, and reviewing the user manual. To better assist you, could you please share any specific error messages you are seeing? Also, I would like to schedule a time to discuss this further. Please let me know a convenient time for you to speak at <tel_num>. I aim to resolve the issue with your account <acc_num> as quickly as possible.",Incident,IT Support,medium,en,Login,Security,Account,Documentation,Guidance,Disruption,Follow-Up,
Issue Notification,"We are writing to report a recent service disruption that affected several digital tools and platforms, impacting crucial marketing operations. This event seems to have been triggered by the latest updates on the Google Cloud Platform. Our team is working to resolve the issue and has already restarted affected applications and reviewed system logs, but unfortunately, we have not yet found a solution. We would appreciate your assistance in identifying the cause of the problem and implementing a solution to prevent future disruptions. Could we discuss this further over a call at a convenient time? Please provide your preferred time slot for contacting us at <tel_num>.",Email us regarding the issue and the impact on marketing operations. We would like to discuss this further. Can we schedule a call to gather more information and develop a solution? Please provide a suitable time window for our call at <tel_num>.,Incident,Technical Support,high,de,Disruption,Outage,Performance,IT,Tech Support,,,
Guidance on Securing Medical Data with Snagit and KNIME,"Hello, I am inquiring about the best practices for securing medical data when utilizing Snagit and KNIME. Given that I handle sensitive medical data, I am keen on ensuring that all necessary steps are taken to protect patient information. Could you offer some guidance on securely storing and transmitting medical images and data using these tools? I would greatly appreciate any recommendations you have for data encryption, access control, and adherence to relevant regulations. I look forward to your response and am eager to hear from you soon.","Certainly, I can assist you with securing medical data when using Snagit and KNIME. For compliance with regulations, I suggest encrypting data, controlling access, and using secure storage solutions. We can delve into specific best practices and recommendations suited to your needs. Could you please share more details about your current setup and workflow? Additionally, I would like to arrange a call to further discuss this, are you available at <tel_num> at your convenience?",Request,Customer Service,low,en,Security,Medical,Guidance,Data,Encryption,,,
Enhancing Firm's Investment Portfolio Strategies,Could you recommend tools for optimizing investment portfolios?,"Dear [name], thank you for contacting us about optimizing investment portfolios for your firm. We provide various tools to assist in this process, such as our portfolio management software and investment analytics platform. These tools offer real-time data and insights to aid in making well-informed investment decisions. I am available to discuss these options further with you. Please let me know if you are interested in scheduling a call to explore how our tools can support your firm's investment objectives.",Request,Returns and Exchanges,low,en,Customer,Product,Feedback,Guidance,Documentation,,,
Concern Regarding Data Analytics Tools Performance,"We are encountering frequent outages with the data analytics tools, which are essential for investment optimization. Rebooting the servers and checking the network settings resolved the issue.","<name> has acknowledged the issue with the data analytics tools performance and frequent outages, which are affecting investment optimization. They understand that rebooting the servers and checking the network settings resolved the issue. They would like assistance in resolving the matter and request details on the frequency of outages and any exact error messages received. This information will help them better understand the issue and provide an accurate solution. They may require a call to discuss the matter further.",Incident,IT Support,high,en,Performance,Outage,Network,IT,Tech Support,,,
Technische Anliegen,"Die medizinische Datenbank des Gesundheitsdienstleisters wurde angegriffen. Möglicherweise sind veraltete Sicherheitsprotokolle die Ursache. Softwareaktualisierungen und verstärkte Firewall-Konfigurationen wurden durchgeführt, aber immer noch können Schwachstellen auftreten. Es ist dringend erforderlich, um die Patientendaten in der IT-Infrastruktur des Krankenhauses zu schützen.","Sehr geehrte [Name],\n\nich möchte mich bemühen, das technische Problem zu berücksichtigen, das Sie gemeldet haben, nämlich die Datenbank-Breite. Möglicherweise sind veraltete Sicherheitsprotokolle die Ursache. Ich verstehe die Bedeutung der Situation und die Notwendigkeit, um die Patientendaten in der IT-Infrastruktur des Krankenhauses zu schützen.\n\nUm Ihnen besser zu helfen, würde ich gerne weitere Informationen über den aktuellen Systemzustand und die durchgeführten Aktualisierungen sammeln. Könnten Sie bitte mehr Informationen über die Softwareaktualisierungen und Firewall-Konfigurationen geben, die bisher durchgeführt wurden? Darüber hinaus wäre es hilfreich, wenn Sie spezifische Informationen geben könnten,",Problem,Sales and Pre-Sales,high,de,Bug,Security,IT,Tech Support,Maintenance,,,
Guidelines for Securing Medical Data in OBS Studio Software,Seek information on securing medical data using OBS Studio 27 and Smart-Home-Kamera applications to maintain confidentiality and comply with regulations.,Offer general security guidelines for OBS Studio and Smart-Home-Kamera applications to ensure confidentiality and regulatory compliance for medical data.,Request,Technical Support,high,en,Security,Documentation,IT,,,,,
Inquiry on Digital Strategies for Brand Growth,"We are seeking information on digital strategies to enhance brand growth. Could you provide detailed methods to increase brand awareness and engagement? We would greatly appreciate any information shared on this topic, including specific tactics and techniques used by successful companies.","Hello, thank you for reaching out to us. We would be happy to discuss digital strategies for brand growth with you. We utilize various methods such as social media marketing, email campaigns, and content creation to increase brand awareness and engagement. Successful tactics include targeted advertising and influencer partnerships. Please let us know a convenient time to schedule a call with one of our experts.",Request,Billing and Payments,medium,en,Feedback,Sales,Feature,Documentation,,,,
Concern Regarding Data Encryption,"Hello Customer Support, I am reaching out to address an encryption incident on our server. It appears to be a software anomaly that has emerged. After executing several diagnostic measures, such as restarting the server and examining the configuration parameters, the issue continues to be unresolved. My efforts to pinpoint the cause of the problem have been unsuccessful. Due to this encryption problem, our operations are severely disrupted, and I would greatly appreciate your immediate assistance in addressing this situation. I need your help in tracing the origin of the issue and devising a solution to fix it. Kindly inform me if there are additional actions I should undertake or if you need further data from me. I have restarted the server multiple times, yet the issue still persists. Additionally, I have reviewed the configurations but did not find any errors. I am unsure of what to do next and am relying on your expertise to resolve this encryption issue. Any advice or support you can provide would be greatly appreciated. Thank you for your attention and assistance. I look forward to your prompt response and am available to offer any further information or to address any questions you might have. Thank you once again for your help.",We will assist you with the encryption problem. Please send us the server logs and configuration details to aid in our investigation and resolution.,Problem,Product Support,medium,en,Technical,Security,Incident,Disruption,Resolution,Documentation,Feedback,
 Urgent Assistance Required for Medical Data Breach Incident,"Dear Support Team, we encountered an incident involving a breach of medical data. Unauthorized access to patient records occurred due to inadequate encryption. Steps taken so far include restarting the KVM-Switch and reviewing Wi-Fi settings. Kindly provide further instructions on how to proceed.","Given the seriousness of the medical data breach, we are initiating an immediate investigation. For a smoother resolution, please share more details regarding the unauthorized access and your current network configuration. This information will help us take the necessary actions to secure patient records.",Incident,Product Support,high,en,Breach,Security,Incident,Resolution,Documentation,Network,Feedback,
Strategies for Digital Brand Growth with SQL Server 2019,Which digital tactics can boost brand growth when integrating with Microsoft SQL Server 2019?,"To enhance brand growth through integration with Microsoft SQL Server 2019, a variety of digital tactics can be utilized. For instance, data analytics and business intelligence tools can provide valuable insights into customer behavior and preferences. A well-structured e-commerce platform integrated with SQL Server 2019 can also improve customer experience and streamline transactions. Moreover, leveraging cloud services and artificial intelligence can optimize operations and increase scalability. I am ready to delve deeper into these tactics and tailor them to your specific requirements. Would you prefer a call at your convenience to discuss further?",Request,Customer Service,high,en,Digital,Strategy,Analytics,E-commerce,Cloud,AI,Integration,BusinessIntelligence
Growth,I am writing to explore digital strategies that can promote the growth of our brand. We are looking for innovative ways to boost our online presence and reach a broader audience.,I am pleased to discuss digital strategies for promoting the growth of your brand. Please share a convenient time for a call so we can explore further possibilities.,Request,Technical Support,medium,de,Growth,Strategy,OnlinePresence,AudienceReach,Innovation,Discussion,CallArrange,
Problem with Payment,"There has been an issue with processing payments for several software subscriptions. The payment gateway unexpectedly declined the transaction. Despite restarting my device and verifying my account balance, the problem remains unresolved. I believe it could be related to an expired credit card or overdrawn limit.","Dear <name>, we regret to inform you about the payment processing difficulties with your software subscriptions. To address this, please confirm the expiration date of your credit card and your current account balance. Should the issue continue, kindly provide your <acc_num> and a suitable time for us to contact you at <tel_num> to delve further into the matter. Alternatively, consider updating your payment method or contacting your bank to review any card limitations. We are here to assist you in resolving this issue.",Problem,Billing and Payments,medium,en,Billing,Payment,Account,Notification,Guidance,,,
Investment Support,"Investment-Optimierung Leistungsmetriken Abfall festgestellt, möglicherweise durch Datensatzuneinheitlichkeiten der neuesten Algorithmus-Upserts verursacht.","Investigation der Investment-Optimierung Leistungsmetriken Abfall durchgeführt, möglicherweise durch Datensatzuneinheitlichkeiten der neuesten Algorithmus-Upserts verursacht. Bitte mehr Details zum spezifischen Metrik, abgefallen ist, Zeitraum, und weitere Informationen zur Lösung anbieten können.",Incident,Human Resources,high,de,Feedback,IT,Tech Support,,,,,
Informationen über die Kostenstruktur für die Hemingway-Editor-Integration,"Ich möchte mich mit Ihnen über die Preisstruktur für die Integration des Hemingway-Editors in Ihre Software-as-a-Service-Lösung befassen. Könnten Sie mir bitte ausführliche Informationen zu den verschiedenen Tarifen und den zugehörigen Kosten liefern? Es wäre mir auch recht, wenn Sie mir informieren könnten, ob es Rabattmöglichkeiten für Verträge mit langerlaufender Fracht oder große Bestellungen gibt. Darüber hinaus würde ich gerne erfahren, ob es bei den Tarifen Einschränkungen oder Beschränkungen hinsichtlich des Anzahl der Benutzer oder der verfügbaren Funktionalitäten gibt. Ich freue mich auf Ihre Rückmeldung.",Ich werde Ihnen per E-Mail oder Telefon eine Übersicht über die Preisstruktur und Details zur Hemingway-Editor-Integration zur Verfügung stellen.,Request,Billing and Payments,medium,de,Billing,Product,Payment,,,,,
Incident of Data Breach in Hospital Systems,"We have encountered a data breach in our hospital systems, impacting patient privacy. This may have happened due to vulnerabilities in software integrations. Despite implementing enhanced security measures and updating software, the issue still persists. We kindly request your immediate assistance to resolve this matter as soon as possible to ensure the security of patient data.",review and contact us promptly to discuss the details of assistance,Problem,Technical Support,high,en,Security,Incident,Bug,IT,Tech Support,,,
Technische Unterstützung,"Unvorhergesehene Anwendungsfehler bei Projektmanagement-SaaS trafen den Benutzer. Konfigurationsprobleme in Kubernetes und Cassandra deuten darauf hin. Dienste wurden neu gestartet und Ressourcen erhöht, aber das Problem behält sich beständig. Antiviren-Einstellungen könnten das Infrastruktur-Setup stören. Bitte helfen Sie bei der Lösung des Problems.","Den Fall überprüfen und an Nummer <tel_num> rufen, um weitere Details zu besprechen. Bitte geben Sie detaillierte Informationen über Änderungen in den Antiviren-Einstellungen, Kubernetes und Cassandra, sodass wir gründlich untersuchen können.",Incident,Technical Support,medium,de,Bug,Tech Support,Performance,Hardware,Virus,IT,Documentation,
Request for Data Analytics Solutions to Optimize Investment Strategies,"I appreciate your interest in our data analytics solutions designed to optimize investment strategies. Our services encompass data analysis and reporting, predictive modeling, and portfolio optimization. We utilize advanced tools and techniques to assist clients in making informed investment decisions. To provide you with specific details, could you please let us know the type of investments you are interested in and any current challenges you are facing? This will allow us to tailor our services to better meet your needs.","Thank you for your interest in our data analytics solutions aimed at optimizing investment strategies. Our services include data analysis and reporting, predictive modeling, and portfolio optimization. We employ advanced tools and techniques to help clients make informed investment decisions. For more specific details, could you please inform us about the type of investments you are interested in and any current challenges you are facing? This will enable us to tailor our services to better suit your needs.",Request,Sales and Pre-Sales,medium,en,Feature,Feedback,IT,Tech Support,,,,
Support from Customer,"There have been unstable data flows that disrupted the investment analysis. This might indicate compatibility issues with antivirus software and our system. Attempts made: Restarting servers, updating antivirus software, and checking network connections.","Dear <name>, we apologize for the unstable data flows that disturbed your investment analysis. We appreciate the steps you have already taken to self-diagnose. To assist you further, we ask for more information about your antivirus software and the version you are using. If necessary, we can arrange a conference at <tel_num> to solve the problem as quickly as possible and secure the compatibility of our services for your <acc_num>. ",Incident,Technical Support,high,de,Customer,Disruption,Network,Security,Incident,Feedback,Resolution,Account
Support,"Is it possible to get more information on data analytics tools for optimizing investments? Particularly, I am interested in their features and integration capabilities.","I can provide details on data analytics tools for optimizing investments. These tools include features such as portfolio tracking, risk analysis, and performance metrics. They also offer integration capabilities with various financial platforms. For a detailed overview, please specify the specific integration capabilities you are interested in, and I would be happy to discuss scheduling a call for your convenience to address any questions you may have about the tools.",Request,IT Support,high,en,Feature,Feedback,Sales,Tech Support,,,,
Support for Corrupted USB-Stick,"Facing issues with a report writing task due to a corrupted USB-Stick that holds sensitive medical data. The corruption might have happened due to improper ejection or malware. Despite running antivirus scans and trying data recovery, the issue remains unresolved. Currently, troubleshooting storage devices like the Western Digital Book Duo to identify the cause and potential solution. Would greatly appreciate any assistance or guidance from your team to address this matter and recover the data.","Service Desk is assisting with the issue of a corrupted USB-Stick containing sensitive medical data. We understand that you have already run antivirus scans and attempted data recovery without success. To assist you better, could you please provide details of any error messages you have received and the troubleshooting steps you have taken so far? It would be helpful if we could discuss this further over the phone. Please let us know a suitable time for your call.",Problem,Product Support,medium,en,Bug,Hardware,Virus,Recovery,Tech Support,,,
Tools für Datenanalyse in QuickBooks Online,Welche Analysetools sind für eine optimierte Nutzung von QuickBooks Online und die Steuerung von Investitionen geeignet?,"Sehr geehrte/r [Name], bei Ihrer Anfrage zur Frage, welche Analysetools mit QuickBooks Online in Einklang stehen und zur Verbesserung der Verwaltung Ihrer Investitionen beitragen, möchten wir Sie gerne auf einige Optionen hinweisen: Fathom, LivePlan und Adaptive Insights. Diese Tools unterstützen Sie mit fortschrittlichen Analyse- und Berichtsfunktionen bei der Fassung und Nutzung von Daten, um wertvolle Einblicke in Ihre Investitionen zu gewinnen. Falls Sie weitere Informationen benötigen oder ein Gespräch wünschen, stehen wir Ihnen gerne zur Verfügung. Sie können sich telefonisch unter [Tel. Nummer] für eine detaillierte Diskussion oder eine Beratung einrichten.",Request,IT Support,medium,de,Technical,Product,Feedback,Performance,Optimization,Analytics,,
Seeking Recommendations for Data Analytics Tools for Investment Optimization,I am keen on learning about data analytics tools for improving investment decisions. Could you suggest any tools or resources? I would be grateful for any advice on how to begin with data analysis for investment purposes.,"Dear customer, <br>I am delighted to assist you with information on data analytics tools for investment optimization. Tools such as Excel, Tableau, and Power BI can aid in data analysis and help you make informed investment choices. Additionally, platforms like Coursera and edX provide courses on data analysis relevant to investments. To start, I suggest identifying your specific needs and goals, then exploring the available tools and resources. If you wish to delve deeper, I can call you at a convenient time to offer more personalized guidance. Please let me know a suitable time for a call or if you have specific questions or requirements. I look forward to assisting you with your query about data analytics tools for investment optimization.",Request,Product Support,low,en,Technical,Product,Feedback,Guidance,Documentation,,,
Support for Docker,"Looking to integrate Docker 20.10 into our project management SaaS solution. Could you provide details on the integration process, necessary configurations, and compatibility requirements? I would greatly appreciate any guidance or resources to help us get started.","We appreciate your interest in integrating Docker 20.10 into your project management SaaS solution. We will assist with the integration but need more information about your current setup and specific requirements. Please provide details about your existing infrastructure so our team can review and provide the necessary guidance on configurations and compatibility requirements. If needed, we can schedule a call at <tel_num> to discuss further. Alternatively, you can reply via email to provide the requested information and move forward with the next steps.",Request,Technical Support,medium,en,Feature,Documentation,Tech Support,,,,,
Available Digital Strategy Options for Brand Growth,"A variety of digital strategy solutions are available to enhance brand growth and development services. Our offerings encompass social media marketing, search engine optimization, pay-per-click advertising, and content creation. Additionally, we provide website design and development, email marketing, and analytics reporting to monitor the effectiveness of our initiatives. In order to identify the optimal strategy for your brand, we require details about your specific goals and objectives. Could you provide more information on your brand and your desired outcomes from our services? I am willing to schedule a call at a convenient time for you. Please indicate a suitable time and I will contact you at <tel_num> to discuss your digital strategy options.","We provide a diverse array of digital strategy solutions to promote brand growth and development services. These include social media marketing, search engine optimization, pay-per-click advertising, and content creation. We also supply website design and development, email marketing, and analytics reporting to assess the success of our campaigns. To tailor the best strategy for your brand, we need to know your specific goals and objectives. Please share more details about your brand and your aspirations for our services. I am available to discuss further by phone. Please suggest a time that works for you and I will contact you at <tel_num>",Request,Returns and Exchanges,low,en,Customer,Marketing,Strategy,Digital,Growth,Development,Communication,Feedback
Enquiry on Integrating Data Analytics Tools with Investment Software,"Dear Customer Support, I would like to seek assistance with integrating data analytics tools into investment software to enhance portfolio management and performance tracking. This integration would empower investors to make well-informed decisions based on real-time data and gain a deeper understanding of their portfolio's risk, asset allocation, and returns. By identifying areas for improvement, investors can refine their investment strategies. I am keen to receive your guidance and support in this endeavor and thank you in advance for your assistance.","Respected <name>, we value your interest in integrating data analytics tools with investment software. Our team is ready to offer guidance and support to optimize your portfolio management. Kindly share more information regarding your existing software and specific needs. We will arrange a call at your convenience to discuss further and explore suitable solutions. Thank you for your time and cooperation.",Change,Product Support,high,en,Technical,Integration,Guidance,Performance,PortfolioManagement,InvestmentSoftware,,
Bericht über Absturz des Crash-Issue-Tools,"Das verwendete Projektmanagement-Tool ist unerwartet abgestürzt. Es könnte mit der Integration von Google Cloud Platform zusammenhängen. Ich habe das Programm neu gestartet und nach möglichen Systemupdates gesucht, doch das Problem bleibt bestehen. Ich benötige Unterstützung, um dieses Problem zu beheben.","Ich habe Ihren Bericht erhalten und werde das Absturzproblem bei dem Projektmanagement-Tool untersuchen, insbesondere die Integration mit Google Cloud Platform, und komme Ihnen mit einer Lösung oder weiterer Hilfe zurück.",Incident,Sales and Pre-Sales,medium,de,Crash,Tool,Integration,Support,Resolution,,,
Enhancing Investment Portfolio Optimization,"Greetings Customer Support, I am contacting you to seek information on the analytics tools your organization leverages for optimizing investment portfolios for individual clients. Could you kindly share specifics about the tools and technologies utilized to analyze market movements and facilitate data-driven investment choices? I would greatly appreciate any insights provided on how these tools aid in tailoring investment plans for each investor. Thank you for your attention and assistance. I eagerly await your response.","Hello [name], thank you for your inquiry regarding our analytics tools for optimizing investment portfolios. We utilize a blend of proprietary and third-party tools to analyze market fluctuations and make informed investment decisions. I am ready to delve deeper into this topic with you. Could you please suggest a convenient time for a callback at [tel_num] so I can offer more detailed information on how we customize investment strategies for each client?",Request,Customer Service,medium,en,Technical,Customer,Product,Performance,Feedback,Guidance,,
Unvereinbare Kosten für Datenanalyse identifiziert,Die Kosten für Datenanalyse sind unvereinbar,Sie haben eine E-Mail über unvereinbare Datenanalyse-Kosten erhalten. Bitte geben Sie weitere Details für eine umfassendere Unterstützung an.,Problem,Product Support,high,de,Bug,Performance,Documentation,Feedback,,,,
Informationen über integrierbare Analysewerkzeuge mit SAP ERP,"Ich schreibe Ihnen, um zu erkunden, welche Analysewerkzeuge mit SAP ERP verknüpft werden können, um die Optimierung von Investitionen zu unterstützen. Könnten Sie mir bitte eine Liste der verträglichen Werkzeuge und ihre Fähigkeiten liefern? Es wäre mir sehr wertvoll, wenn Sie Anleitungen geben könnten, wie man das beste Werkzeug für die Bedürfnisse meiner Organisation auswählt.","Sehr geehrte <name>, wir haben Ihre Nachricht zum Thema Analysewerkzeuge für Investitionsoptimierung mit SAP ERP erhalten. Unsere Plattform bietet verschiedene verträgliche Werkzeuge mit unterschiedlichen Funktionen. Um eine passende Liste liefern zu können, müsste ich mehr Details über die spezifischen Bedürfnisse und Anforderungen Ihrer Organisation haben. Könnten Sie bitte mehr Informationen zu Ihren Zielen und Erwartungen bereitstellen? Ich freue mich, dies weiter zu besprechen und Ihnen Anleitungen geben zu können, um das beste Werkzeug für Ihre Organisation auszuwählen. Sollten Sie Zeit haben, würde ich gerne telefonisch mit Ihnen darüber sprechen.",Request,Technical Support,medium,de,Technical,Product,Documentation,Guidance,Feature,,,
Trouble with Project Management Application,"Facing problems with the project management tool. An error arose when trying to integrate with different software products, which has impacted the functionality. I suspect the issue is due to compatibility problems between the software versions and operating systems. Despite updating drivers and reinstalling applications, the problem continues. I would greatly appreciate your assistance in resolving this matter, as it is affecting my work. Please let me know if you need additional information or if scheduling a call at <tel_num> would be convenient to discuss known solutions and potential fixes.","<name> received your email regarding the issues with the project management application. To assist further, could you please provide details on the software versions and operating systems you are using? We would like to investigate the compatibility issues mentioned. If needed, we can schedule a call at <tel_num> to discuss the matter and explore possible solutions. Please let me know a convenient time for you. We aim to resolve the issue as soon as possible.",Incident,Product Support,high,en,Bug,Performance,IT,Tech Support,,,,
Problem with Data Analytics Software Setup,A team member has noted discrepancies in the data analytics. These might be due to software misconfiguration. Previous efforts to fix the issue involved restarting the analytics tool and recalibrating data inputs. We require your help to resolve this problem.,Please provide detailed assistance immediately.,Incident,Human Resources,medium,en,Bug,Performance,IT,Tech Support,Documentation,,,
,"geehrte Kundensupport, ich schreibe, um mehr Informationen zu erhalten über die Skalierbarkeitsfunktionen und Preismodelle für Projekte mit erhöhtem Traffic. Könnten Sie mir mehr Details geben, wie die Nutzung des Projekts auf erhöhten Traffic reagiert und welche Funktionen die verschiedenen Preismodelle beinhalten? Zudem wäre es hilfreich, wenn Sie mir detaillierte Dokumentationen und Ressourcen zur Verfügung stellen könnten. Vielen Dank für Ihre Unterstützung und ich freue mich auf Ihre baldige Rückmeldung.","geehrte <name>, vielen Dank, dass Sie sich an Kundensupport gewandt haben, um Ihr Interesse zu Projekt zu erläutern. Das Projekt ist speziell auf die Skalierung im Hinblick auf erhöhten Traffic ausgelegt und bietet Load Balancing-Funktionen, die in unserer Cloud-Infrastruktur integriert sind. Wir bieten mehrere Preismodelle an, die sich an verschiedene Anforderungen und Budgets anpassen. Diese Preismodelle enthalten grundlegende sowie vorteilhafte Unternehmensoptionen, je nachdem, welche Funktionalitäten wie Speicherplatz, Bandbreite und Unterstützung enthalten sind. Wir bieten Ihnen einen detaillierten Überblick über die Preismodelle und die zugehörigen Funktionalitäten sowie relevante Dokumentationen zur Verfügung.",Request,Customer Service,medium,de,Feature,Documentation,Feedback,IT,,,,
Problem with Website Loading Speed,"Greetings Customer Support, I am contacting you to report a slow loading issue with our website. The problem was encountered when I attempted to access the site, and it took an inordinately long time to load. Upon examination, I discovered that the problem is due to limited server resources. I have attempted to address the issue by restarting the server and clearing the cache, but the problem still persists. I would be grateful if you could look into this and offer a solution promptly. If there is additional information you require from me, please let me know. I am looking forward to your response and hope to hear from you soon. Thank you for your time and assistance. Despite my efforts to troubleshoot, the issue remains unresolved. With your help, I am confident that we can resolve this and ensure the website operates smoothly. I appreciate your attention to this matter and look forward to your response.","Hello <name>, We acknowledge your email regarding the slow loading of the website. Thank you for the detailed explanation of the issue and the troubleshooting steps you have already undertaken. Since restarting the server and clearing the cache have not resolved the issue, we need more information to investigate further. Could you please share your server configuration details and any error messages you are encountering? If necessary, I can arrange a call at <tel_num> to discuss this in more detail and provide a tailored solution. Kindly share a suitable time for the call. We will work to solve this issue and ensure the website runs smoothly as soon as possible.",Incident,Technical Support,low,en,Technical,Website,Performance,Server,Troubleshooting,Resolution,Speed,Bug
Modify My Profile,I require to update my payment details for my subscription. Could you provide me with instructions on how to proceed?,"To update your payment details, please log in to your account on our website and navigate to the settings section, where you can manage billing information, or contact us at <tel_num> for assistance. We will guide you through the process using your account <acc_num>.",Request,Billing and Payments,high,en,Billing,Payment,Account,Guidance,Documentation,,,
Problem mit der Docker-Aktualisierung,"Nach der Docker-Aktualisierung wurden die Projekt-Daten verloren. Es könnte sein, dass eine unkompatibele Docker-Version die Ursache ist. Ich habe versucht, Docker neu zu starten und die ClickUp-Einstellungen zu überprüfen.",Bitte geben Sie zusätzliche Informationen zum Problem für eine Unterstützung an.,Incident,Returns and Exchanges,high,de,Technical,Docker,Update,Compatibility,Resolution,,,
Sudden failure of Discord Moodle integration,The connection between Discord and Moodle has unexpectedly stopped working. I have restarted the servers and reviewed the logs.,"Hello <name>, we regret to inform you that there has been an issue with the Discord Moodle integration. Could you please provide more details regarding the error message you are encountering so we can investigate this further? Additional information may be needed, and we may need to contact you for more details. If it's convenient, could we discuss this issue over the phone? You can be reached at <tel_num> if that works for you.",Incident,Human Resources,medium,en,Technical,Integration,Crash,Bug,Documentation,,,
Inquiry About Scalability Features in Project Management SaaS,Could you provide details on the scalability features of your project management SaaS solution? I am particularly interested in learning how it supports large teams and projects. Are these features designed to ensure seamless scalability? Thank you for your time and assistance. I look forward to hearing from you soon.,"Dear [Name], thank you for your email regarding the project management SaaS solution. Our solution is designed to support large teams and projects, featuring automatic resource allocation and flexible workflow customization. We offer scalable storage and bandwidth to ensure seamless performance. I would be happy to discuss this further with you. Please let me know a convenient time to call at [Tel Number] to provide you with detailed information on the scalability features.",Request,IT Support,medium,en,Feature,Feedback,Sales,IT,,,,
Enhancing Security for Medical Data,Request to improve security measures in medical data management systems within a healthcare setting to protect sensitive patient information.,"<name>, we take security of medical data very seriously and are committed to protecting sensitive patient information. We recommend enhancing security measures in medical data management systems by implementing encryption, secure access controls, and regular software updates. We would be happy to discuss and provide a customized solution for your healthcare environment. I would be available to call at your convenience to discuss the next steps. Please let me know a suitable time to reach you at <tel_num>.",Change,Human Resources,low,en,Security,IT,Tech Support,Documentation,,,,
Request for Robust Encryption Implementation,"We need to ensure the security of medical data by implementing strong encryption measures across all hospital IT systems and devices. This is to guarantee the confidentiality, integrity, and availability of patient information. We propose using encryption methods like AES and SSL/TLS to secure data both in transit and at rest. Furthermore, we must establish secure authentication and access controls to prevent any unauthorized access.",We will review your request regarding the implementation of encryption for medical data security and will contact you at <tel_num> to go over the details of the implementation.,Change,General Inquiry,low,en,Security,Encryption,Authentication,AccessControls,MedicalData,Confidentiality,Integrity,Availability
Concerning Performance,"Experienced performance problems with the project management SaaS, which integrates multiple products. This might be due to high resource demands from software such as MATLAB and AutoCAD. Tried clearing the cache, restarting devices, and reinstalling the affected software, but the issue still persists. I would greatly appreciate your assistance in resolving this matter, which is affecting my productivity. Please inform me of any additional steps I can take if there is a known solution. I am looking forward to your response soon.","Acknowledging the performance issues with the project management SaaS. Appreciate the troubleshooting steps you have already taken. To assist you further, could you please provide details of your system configuration and any exact error messages you are experiencing? This will help us investigate the issue and provide a suitable solution. If needed, we can schedule a call at your convenience to discuss the matter further. Please let me know a suitable time for the call at <tel_num>.",Problem,Customer Service,medium,en,Performance,Tech Support,IT,Hardware,,,,
Support for Smart Tracker Investment Analytics,Is there detailed information on the data analytics features in Smart-Tracker that could optimize investments? I am keen to learn about the tools and insights that can assist in making informed decisions. Thank you for your time and assistance. I look forward to hearing back soon.,<name> would be happy to provide information on Smart Tracker's data analytics features that optimize investments. The tool offers various insights and portfolio tracking capabilities to help make informed decisions. Contact <tel_num> to discuss and answer any questions you may have regarding Smart Tracker's features and benefits.,Request,Product Support,medium,en,Feature,Feedback,IT,Tech Support,,,,
Enquiry on Tools for Optimizing Investment Portfolios for High Returns,I am seeking data analytics tools to optimize my investment portfolios for achieving high returns. Could you recommend any tools or services that could assist me in this endeavor?,"We provide data analytics tools for optimizing investment portfolios. I can recommend some options, but please provide more details about your requirements for a tailored suggestion.",Request,Customer Service,high,en,Technical,Product,Performance,Guidance,Documentation,,,
Hilfe bei digitalen Wachstumsstrategien erforderlich,"Sehr geehrte Kundensupport, <br> Einige unserer Produkte ranken sich auf den unteren Plätzen in digitalen Plattformen, was die Markenpräsenz und die Engagementraten beeinträchtigt. Dies könnte auf uneffektive Marketingstrategien oder mangelnde SEO-Praktiken zurückzuführen sein. Wir haben Social-Media-Campaigns umgesetzt und die Website-Content optimiert, aber die Verbesserungen sind noch nicht zufriedenstellend. Wir benötigen dringend Hilfe, um unsere digitale Wachstumsstrategie zu verbessern und die Onlinepräsenz zu optimieren. Der Team versucht verschiedene Ansätze, aber die gewünschten Ergebnisse werden nicht erreicht. Wir würden uns freuen, wenn Sie uns dabei unterstützen könnten.","Ich freue mich, Ihnen bei den digitalen Wachstumsstrategien zu helfen. Könnten Sie bitte eine geeignete Zeit mitteilen, bei der wir telefonisch weiterdiskutieren können? Ich möchte gerne die Details Ihrer aktuellen Strategien besprechen, Vorschläge machen, um die Onlinepräsenz zu verbessern und herauszufinden, wie wir den unter den digitalen Plattformen stehenden Produkten den Rücken stärken können.",Incident,Returns and Exchanges,high,de,Feedback,Product,Feature,Performance,Documentation,,,
Medical Data Security,Request to implement enhanced security measures for the handling of medical data in hospital systems. Ensure compliance with relevant regulations to protect sensitive patient information. Consider it essential for maintaining trust and preventing data breaches.,Review and implement enhanced security measures for medical data handling to ensure compliance and protect sensitive patient information.,Change,Technical Support,low,en,Security,Compliance,IT,Tech Support,,,,
Problem with Investment Analysis Dashboard,"The investment analysis dashboard encountered a crash, leading to the loss of data. It has also frozen and become unresponsive. Potential reasons for this issue may involve an overloaded PostgreSQL database. I have already attempted to restart Nuendo and checked the KVM-Switch, but the problem continues. I would greatly appreciate your help in addressing this concern and recovering my lost data.",I am examining the issue with your investment dashboard and suspect a possible overload on the PostgreSQL database. I will reach out to you at <tel_num> to discuss the next steps for resolving the issue and recovering your lost data. Could you please provide a suitable time for me to contact you?,Incident,Product Support,high,en,Crash,Dashboard,Bug,Performance,Issue,Datum,Database,Crash
Details zu Integrationsoptionen für Microsoft Teams in Projektmanagement-SaaS,"Unsere Projektmanagement-Software-as-a-Service (SaaS) bietet mehrere Integrationsoptionen mit Microsoft Teams, einschließlich Single Sign-On und Kanalbenachrichtigungen. Für weitere Details zu den Integrationen, können wir potenzielle Anpassungsoptionen besprechen. Möchten Sie, möchten Sie ein Anruf für weitere Diskussionen? Bitte geben Sie ein geeignetes Zeitfenster an: <tel_num>. Alternativ können Sie uns per E-Mail kontaktieren.","Wir bieten mehrere Integrationsoptionen zwischen Microsoft Teams und unserer Projektmanagement-Software-as-a-Service (SaaS), darunter Single Sign-On und Kanalbenachrichtigungen. Für eine detaillierte Diskussion über mögliche Anpassungen, lassen Sie uns eine Anfrage per Telefon oder E-Mail verabreden. Geben Sie bitte ein geeignetes Zeitfenster an: <tel_num>. E-Mail-Antworten sind ebenfalls willkommen.",Request,Product Support,low,de,Feature,Documentation,IT,Tech Support,,,,
Ensuring the Security of Medical Data,"Seeking advice on securing medical data within a Ubiquiti UniFi Dream Machine setup in a hospital environment. Would appreciate guidance on configuring the system to ensure the security and integrity of sensitive medical information. Recommendations on best practices for implementing robust security measures to protect against potential threats would be greatly appreciated. Additionally, would like to know about specific features and settings that can be configured to ensure compliance with relevant regulations and standards.","For securing medical data on a Ubiquiti UniFi Dream Machine, it is recommended to configure WPA2 encryption and implement a strong firewall policy. This will help ensure compliance with relevant regulations and standards. I am happy to discuss this further and provide detailed guidance at your convenient time.",Request,Billing and Payments,high,en,Security,IT,Tech Support,Documentation,,,,
Problem mit Scanner-Synchronisation,"Sehr geehrte Kundensupport,\n\nich möchte mich äußern, da mein Scanner nicht mit unserem SAP ERP-System synchronisiert werden kann. Der Fehler tritt auf, wenn ich versuche, eine Dokumentation zu scannen und sie dem System hochzuladen, aber eine Synchronisation erfolgt nicht. Ich denke, dass dies möglicherweise mit einer veralteten Git-Version zusammenhängt, die Kompatibilitätsprobleme verursacht.\n\nIch habe den Scanner und das SAP ERP-System neu gestartet, Malwarebytes aktualisiert, um sicherzustellen, dass kein Virenproblem vorliegt, und die VLC-Einstellungen überprüft, um nach Konfigurationsproblemen zu suchen. Diese Schritte haben jedoch das Problem nicht lösen können.\n\nIch würde mich freuen, wenn Sie das Problem untersuchen und eine Lösung oder Anleitung zur Problembehebung bereithalten könnten. Bitte geben Sie mir Anweisungen, ob es weitere Schritte für mich gibt oder ob Sie zusätzliche Informationen benötigen.\n\nVielen Dank für Ihre Zeit und Ihre Unterstützung.\n\nMit freundlichen Grüßen,\n[Your Name]","Sehr geehrte <name>,\n\nich habe Ihre E-Mail zum Problem mit der Scanner-Synchronisation mit Ihrem SAP ERP-System erhalten. Um das Problem weiterhin zu untersuchen, bitte ich Sie, mir den genauen Fehlerhinweis und die aktuellen Versionen des Git und des SAP ERP-Systems mitzuteilen. Es wäre ebenfalls hilfreich, zu erfahren, welcher Scanner Sie verwenden und dessen Softwareversion.\n\nSollte dies notwendig sein, werde ich einen Anruf vereinbaren, ohne weitere Informationen, und Sie bitten, ein passendes Zeitfenster anzugeben. Ich werde mein Bestes tun, um das Problem so schnell wie möglich zu lösen.",Incident,Technical Support,low,de,"Technical,Customer,Product,Feedback,Bug,Documentation,Resolution",,,,,,,
Probleme bei der Zugriffssteuerung auf Arztakte,"Heute Nacht ist der Zugriff auf Arztakte erheblich verlangsamt. Es könnte sein, dass es sich um ein Ressourcenproblem des Datenbank-Servers handelt. Nach Neustart des Servers und Überprüfung der Logs besteht das Problem jedoch weiterhin.","Sehr geehrte(n) <name>, ich untersuche das Problem mit dem Zugriff auf Arztakte, das Sie gemeldet haben. Sie haben die richtigen ersten Schritte unternommen, indem Sie den Server neu gestartet und die Logs überprüft haben. Um das Problem weiter zu analysieren, möchte ich die Serverkonfiguration sowie die neuesten Systemänderungen prüfen. Könnten Sie bitte mehr Details über die Ressourcenverwendung des Servers und über eventuelle neueste Updates oder Änderungen an dem System bereitstellen? Es könnte sein, dass ich Sie anrufen muss, um dies weiter zu besprechen. Wäre es Ihnen möglich, so bald wie möglich mit mir zu sprechen?",Incident,General Inquiry,low,de,Technical,Security,Crash,Documentation,Incident,Resolution,Follow-Up,
Technical Support,"Reporting intermittent performance issues on the SaaS platform while accessing project files. The issue might be related to insufficient RAM or network instability, especially with NAS wireless connections. Despite restarting networking equipment and optimizing storage settings, the problem persists. I would greatly appreciate assistance in troubleshooting and resolving this issue to ensure seamless access to project files. Please let me know the next steps to resolve this matter.","To assist with troubleshooting the performance issues on the SaaS platform, please provide details on your network setup and any error messages you are receiving. You can also contact us at <tel_num> for further discussion.",Problem,Customer Service,low,en,Performance,Network,Hardware,IT,Tech Support,,,
Assistance with SaaS Project Management Commands,"Dear Customer Support, I hope this message finds you well. I am writing to request an enhancement in the integration support for the SaaS project management command. The current integration features are limiting the ability of teams to efficiently manage projects. I would appreciate it if you could inform me of the possibilities for enhanced integration support and how it could be implemented in the timeline. This would significantly improve the overall experience with the command. Thank you for your consideration and understanding.","Dear [Name], thank you for your email regarding the integration support for the SaaS project management command. We are grateful for your feedback and look forward to discussing potential improvements. We will review your request and provide an update on the feasibility and timeline for implementation. Should further discussion be necessary, please feel free to contact us at [Phone Number].",Change,Product Support,medium,de,Feature,Feedback,Documentation,IT,Tech Support,,,
Google Cloud Support,"Sehr geehrte Kundenservice, ich wende mich an Sie, um zu erkunden, wie ich Google Cloud Platform mit DataRobot für unsere Marketingstrategien vereinen kann. Könnten Sie uns bei dieser Vereinigung Rat geben? Wir möchten die Fähigkeiten beider Plattformen nutzen, um unsere Marketingsätze zu verbessern. Insbesondere möchten wir wissen, welche Werkzeuge und Dienstleistungen zur Verfügung stehen, um diese Vereinigung zu erleichtern. Jede von Ihnen bereitgestellte Informationen oder Ressourcen würden uns sehr helfen. Vielen Dank für Ihre Zeit und Unterstützung. Ich freue mich darauf, von Ihnen bald zu hören.","Sehr geehrter <name>, vielen Dank, dass Sie sich an unseren Dienstschalter gewandt haben. Wir können Ihnen bei der Vereinigung von Google Cloud Platform und DataRobot helfen. Unser Team wird Ihnen Rat geben, welche Werkzeuge und Dienstleistungen zur Verfügung stehen, um diese Vereinigung zu erleichtern. Bitte geben Sie uns die Erlaubnis, Sie an der Nummer <tel_num> anzurufen, um weiterzudiskutieren und den besten Ansatz für Ihre Marketingstrategien mit der Nummer <acc_num> festzulegen.",Request,Product Support,low,de,Customer,Product,Guidance,Documentation,Training,,,
Bericht über Software-Arbeitsstörung,"Sehr geehrte Kundenservice, wir möchten uns auf ein Problem unserer Datenanalyse-Software beschweren. Das Programm hat kürzlich ein Fehlverhalten aufgegangen und nach einer Untersuchung des Problems wurde festgestellt, dass es durch unkompatibles Software-Update verursacht wurde. Versuche, das System zu neustarten und die Treiber zu überprüfen, haben das Problem nicht gelöst. Der Crash ist während eines kritischen Projekts aufgetreten und hat zu erheblichen Verzögerungen geführt. Sie würden es sehr schätzen, wenn Sie dieses dringend unternehmen und bald eine Lösung bereithalten könnten. Bitte legen Sie fest, ob Sie zusätzliche Schritte unternehmen können, um das Problem zu lösen. Wir sind bereit, Ihnen bei der Bereitstellung zusätzlicher Informationen oder Unterstützung zu helfen, die Sie benötigen. Vielen Dank für Ihre schnelle Unterstützung bei diesem Problem. Wir freuen uns darauf, bald von Ihnen zu hören.","Sehr geehrte <name>, vielen Dank für Ihre Meldung zum Software-Arbeitsstörung. Entschuldigung für die dadurch verursachten Unannehmlichkeiten und Verzögerungen. Um Ihnen besser behilflich zu sein, möchte ich mehr Informationen über das unkompatibele Software-Update sammeln, das Sie erwähnt haben. Könnten Sie bitte die Details der Updates und die Fehlernachrichten, die Sie erhalten haben, liefern? Ich werde außerdem Ihre <acc_num> benötigen, um dieses Problem dringend zu untersuchen. Wenn Sie verfügbar sind, kann ich Sie an einem geeigneten Zeitpunkt anrufen, um das Problem weiter zu besprechen. Bitte geben Sie mir einen geeigneten Zeitpunkt an, an dem ich Sie anrufen kann. <tel_num>",Incident,Technical Support,high,de,Technical,Crash,Bug,Outage,Resolution,Feedback,,
,"geehrte Kundenservice, ich kontaktiere Sie, um mehr über digitale Strategien zu erfahren, die zur Vergrößerung des Markenwerts beitragen. Könnten Sie bitte mehr Informationen zum Thema geben? Ich bin an den digitalen Markenmanagementansätzen unserer Firma interessiert und schätze jegliche Ratschläge und Ressourcen, die Sie bereithalten könnten. Ich schätze Ihr Engagement und freue mich darauf, bald von Ihnen zu hören.","geehrte <name>, vielen Dank, dass Sie Kundenservice kontaktiert haben, um mehr über digitale Strategien zur Vergrößerung des Markenwerts zu erfahren. Ich schätze Ihr Interesse an unserer Ansatzweise bei digitalen Marketingstrategien. Das Unternehmen nutzt eine Vielzahl von Taktiken, um den Marktanteil zu erhöhen und das Wachstum der Marke zu fördern. Die effektivsten Strategien umfassen Suchmaschinenoptimierung, Sozialmedienmarketing und zielführendes Online-Werbung. Wir legen großen Wert auf die Erstellung hochwertiger, spannender Inhalte, um Kunden anzuziehen und zu binden. Sie werden mehr über digitale Marketingstrategien erfahren.",Request,Customer Service,low,de,Feedback,Sales,Product,Documentation,,,,
Misleading Invoices,Incorrect invoices have been issued to clients because of erroneous data input. I have reviewed the client profiles and examined the invoice templates.,"Dear <name>, we are investigating the discrepancy with the erroneous invoices issued to clients due to incorrect data input. Your verification of client profiles and review of invoice templates is helpful. To proceed, could you provide information about the specific invoices and clients involved? Alternatively, we can discuss this further at your convenience by calling at <tel_num>.",Problem,Billing and Payments,medium,en,Billing,Customer,Investigation,Documentation,Feedback,,,
Unforeseen Costs on My Subscription Plan This Day,"Respected Customer Support Team, I am contacting you about a problem that has arisen with my subscription. There have been inexplicable charges on my account, which I suspect may be due to a potential issue with the billing system. After examining my account details and recent invoices, I have found no errors, but the problem still remains. I would be very grateful if you could thoroughly investigate the situation and offer a solution at your earliest convenience. Please notify me if you require any further details to help with this process. I trust your support will enable a swift resolution. I am eager to hear from you soon. Kind regards, [Your Name]","Honorable <name>, I am examining the unplanned charges against your subscription account <acc_num> as you have described. To assist you better, could you please specify the date and amount of the unexpected charges? Also, if you have any pertinent invoices or receipts, please forward them. I may need to contact you at <tel_num> to discuss this further; are you available to talk at a suitable time? I will strive to address this matter as quickly and effectively as possible. Please inform me if any additional information is required from you.",Incident,Billing and Payments,medium,en,Billing,Customer,Payment,Resolution,Investigation,,,
Request for Data Analytics Support,Is it possible to get details on data analytics services that can optimize investments? Thank you.,"Dear [Name], we appreciate your interest in our data analytics services for optimizing investments. Our team offers tailored solutions to help clients make informed decisions. For further discussion, please contact us at [Tel Num].",Request,Customer Service,medium,en,Feedback,IT,Tech Support,,,,,
Boosting Brand Expansion Through Digital Tactics,In need of assistance,"Certainly, we can assist you in crafting a digital strategy to enhance brand growth. Let's explore your goals and budget to form a customized plan that aligns with your requirements. Please share more information about your brand and your desired outcomes.",Request,Customer Service,medium,en,Customer,Strategy,DigitalMarketing,Growth,Assistance,Collaboration,BrandExpansion,
Support Request for Data Analytics Tools Integration with QuickBooks Online,"I am contacting you to seek information about data analytics tools that are compatible with QuickBooks Online to enhance investment optimization. I currently use QuickBooks for my business accounting and wish to elevate my investment strategy. Could you kindly provide a list of compatible tools and a brief description of each? Furthermore, I would appreciate any guidance on how to start integrating these tools and optimizing my investments. Also, I would like to know about any specific system requirements or limitations associated with these tools. I am eagerly awaiting your response and am open to discussing the possibilities of investment optimization with QuickBooks Online. Thank you for your support.","Certainly, I would be glad to assist you in finding data analytics tools that integrate with QuickBooks Online for investment optimization. Our platform supports multiple compatible tools for this purpose. However, to give you a more tailored recommendation, it would be helpful to know more about your current setup and specific needs. Would it be possible for us to schedule a call at a time convenient for you to discuss this further and explore the best options for investment optimization with QuickBooks Online?",Request,Product Support,medium,en,Technical,Product,Integration,Guidance,Documentation,Investment,Optimization,QuickBooks
Support for DataRobot Integration Documentation,Could you provide detailed documentation for the integration of DataRobot in project management for SaaS companies? Thank you in advance for your help and support with this matter. I look forward to hearing back soon.,"Dear [name], thank you for your interest in the integration of DataRobot for project management in SaaS companies. We can provide detailed documentation for the integration. Please note that the documentation includes step-by-step instructions for setup and configuration, as well as tips for troubleshooting. If you have any specific requirements or need further assistance, we are happy to discuss this over the phone at a suitable time. Please provide an appropriate time to call us at (+123) 456-7890, and we will get back to you soon.",Request,Customer Service,high,de,Documentation,Tech Support,,,,,,
,"Customer Support, I am inquiring about data analytics services that could optimize investment strategies. Could you provide details on the types of services you offer to assist in making informed investment decisions? I am particularly interested in understanding your approach to data analysis and how it can help clients achieve their investment goals. Additionally, I would appreciate information on the cost and implementation process for your services. I look forward to hearing back from you regarding the services that could help optimize my investments.",We can provide information on our data analytics services. Please allow us to contact you at <tel_num> to discuss further.,Request,Human Resources,medium,en,Feedback,Sales,Tech Support,,,,,
Problem with Data Visualization Feature,"I am encountering difficulties with the data visualization function. Particularly, the investment trends are not showing up. I have already restarted my device and verified if there were any updates, but the issue still exists. I believe the problem could be related to outdated software or incorrect settings. Could you please help resolve this matter? Your advice or troubleshooting steps would be greatly appreciated. Please inform me if you require additional details from me.",I can help you with the data visualization issue. Could you please share your account number and the version of the software you are using? I will guide you through the troubleshooting steps or provide an update as needed to address the problem with the investment trends display.,Incident,Returns and Exchanges,low,en,Feature,Bug,Documentation,Guidance,Troubleshooting,Software,Update,
Enhancing Investment Decisions Through Data Analytics,Could you recommend data analytics tools for investment optimization that are compatible with macOS Monterey? These tools should aid in making well-informed investment choices. Please list any tools that you think are suitable for this purpose.,"Dear <name>, we provide a range of data analytics tools for investment optimization on macOS Monterey. Our available options include spreadsheets, statistical software, and specialized investment apps. To offer a more personalized solution, could you please share more details about your specific investment requirements and objectives? I'm keen to discuss this further with you and would appreciate it if you could suggest a suitable time for a call at <tel_num> regarding your <acc_num>. Looking forward to your response.",Request,IT Support,medium,en,Technical,Product,Feedback,Guidance,Documentation,,,
Problem with Data Processing,The company encountered delays in data processing for investment analytics reports due to a software update.,"We apologize for the delay in data processing. Please provide details about the software update, and we will look into resolving the issue as soon as possible.",Incident,Product Support,low,en,Bug,Performance,Outage,IT,Tech Support,,,
Concerns About Medical Data Security,Discrepancies in billing have been identified,"Dear [name], I am writing to acknowledge the issue regarding medical data security and the billing discrepancies found. To better understand the situation, could you please provide details of the discrepancies and relevant account information, [acc_num]? This will assist in our investigation. Additionally, a call at your convenience on [tel_num] would be helpful to discuss the matter further. Please let me know a suitable time for the call.",Problem,Billing and Payments,medium,en,Security,Billing,Feedback,,,,,
Problem with Analytics Dashboard,The analytics dashboard on the website is not showing any data.,"Hello <name>,\n\nWe have received your email concerning the issue with the analytics dashboard on your website not displaying data. We apologize for any inconvenience this has caused and are here to help resolve the matter. Could you please provide more details about the specific dashboard and the time frame that is affected? Also, could you confirm your account number <acc_num> so we can investigate further? If necessary, we can schedule a call at a convenient time for a more detailed discussion. Please let us know a suitable time to contact you at <tel_num>. We will aim to provide a timely resolution to this issue.\n\nThank you.",Incident,Technical Support,medium,en,Technical,Analytics,Dashboard,Bug,Resolution,Customer,Feedback,
Request for Updating Marketing Campaign,"Hello Customer Support, I am contacting you to request an urgent update of the marketing campaign for Smart-Rauchmelder on Android and macOS. The current campaign is not effectively targeting our intended audience, and we need to adjust it to enhance its effectiveness. Could you please inform me about the procedures required to update the campaign? I would greatly appreciate a quick response to this issue.","Hello <name>, we have noted your request to update the marketing campaign for Smart-Rauchmelder on Android and macOS. In order to proceed with the update, we need further details on the changes you intend to make. Could you please provide specific information on the modifications you wish to implement? I will then guide you through the subsequent steps for updating the campaign effectively. If you prefer, we can schedule a call at your convenience to discuss this further.",Change,Customer Service,medium,en,Marketing,Campaign,Update,Customer,Guidance,Documentation,,
Fehler in der Datenverschlüsselung,"Geachte Kundensupport, ich melde mich, um einen Fehler in unserem Datenverschlüsselungsprozess zu melden. Das Verschlüsselungssoftware hat einen Fehler entdeckt, was zu einer Versorgungsstörung geführt hat. Ich vermute, dass dies auf eine veraltete Bibliothek zurückzuführen sein könnte. Ich habe versucht, das Problem durch Neustart des Servers und Aktualisierung von PHP zu beheben, aber das Problem beharrt noch. Ich würde es sehr schätzen, wenn Sie sich um diese Angelegenheit kümmern und eine schnelle Lösung anbieten könnten. Bitte teilen Sie mich mit, falls Sie weitere Informationen benötigen, um das Problem zu lösen. Ich danke Ihnen für Ihr Engagement und die Unterstützung. Ich freue mich darauf, bald von Ihnen zu hören. Der Datenverschlüsselungsfehler führt zu wichtigen Unterbrechungen in unseren Betriebsabläufen, und ich freue mich darauf, einen Lösungsansatz zu finden. Ich bin sicher, dass wir zusammen ein Problem lösen und unseren Datenverschlüsselungsprozess wieder auf den richtigen Weg bringen können.","Ich werde mich um das Datenverschlüsselungsproblem kümmern und Sie bitten um die Verschlüsselungssoftware-Version und die Serverprotokolle, um eine weitere Analyse und eine Lösung vorzunehmen.",Problem,Technical Support,low,de,Technical,Security,Outage,Bug,Maintenance,Resolution,Crash,
Consent for Data Utilization,"Could you confirm if consents for the utilization of medical data, the use of Microsoft Translator, and participation in Cisco Webex Meetings can be ensured to maintain confidentiality and compliance? Thank you for your assistance.","To confirm consents for data utilization, Microsoft Translator use, and participation in Cisco Webex Meetings while ensuring confidentiality and compliance, please feel free to call for further details.",Request,Product Support,medium,de,Compliance,Documentation,Feedback,IT,,,,
Langsame Leistung bei Projektmanagement-SaaS,Die Projektmanagement-Software-as-a-Service (SaaS) zeigt während peaknutzung langsame Leistung aufgrund von begrenzten Serverressourcen.,"Empfohlen wird, eine E-Mail über die langsame Leistung bei Projektmanagement-SaaS aufgrund von begrenzten Serverressourcen zu senden. Falls erforderlich, übertragen Sie den Fall an das technische Team, um die Serverressourcen zu erhöhen. Bitte wenden Sie sich erneut an uns, sobald eine Lösung gefunden wurde, oder wenn zusätzliche Informationen benötigt werden.",Problem,Technical Support,high,de,Performance,Outage,IT,Tech Support,,,,
Problem with the Home Page of the Website,"The home page of the website has started to malfunction unexpectedly. It might be due to a plugin that is out of date or a coding mistake. I have restarted the server and reviewed the logs, but the problem still exists. I would really appreciate your help to fix this.",I will look into the issue with the website's home page. Could you please share the website URL and more specifics about the error for better assistance?,Incident,Technical Support,high,en,Technical,Website,Bug,Maintenance,Resolution,Documentation,,
Enquiry on Data Analytics Services for Investment Strategies,"Hello Customer Support, I am inquiring about the data analytics services you offer, particularly those that can help optimize investment strategies. Could you provide information on the tools and techniques available for analyzing market trends and predicting investment outcomes? I am interested in learning more about your services to assist me in making informed investment decisions. Additionally, I would appreciate any information you can provide on the costs associated with your services, along with any case studies or testimonials from previous clients. Thank you for your time and assistance. I look forward to your response.","Dear [Name], thank you for your inquiry regarding our data analytics services. We use advanced tools and techniques to analyze market trends and predict investment outcomes. We would be happy to discuss the costs and provide case studies. We are available to call you at [Tel Num], or you can choose a later time that is convenient for you.",Request,Customer Service,low,en,Feedback,Sales,Lead,IT,Tech Support,,,
Versicherung medizinischer Daten in Scrivener Shopware,"Können Sie Anleitungen zur Sicherstellung medizinischer Daten innerhalb von Scrivener Shopware und gesundheitswirtschaftlicher Compliance bereitstellen? Bitte stellen Sie sicher, dass die Daten geschützt sind.","Wir bieten allgemeine Anleitungen zur Sicherstellung medizinischer Daten an. Für spezifische Konfigurationen in Scrivener Shopware empfehlen wir, mehr Details über Ihr aktuelles Setup zu geben, um personalisierte Ratschläge zu erhalten.",Request,Customer Service,high,de,Security,Documentation,IT,,,,,
Sicherung medizinischer Daten in Krankenhäusern,"Kontaktieren Sie uns, um Informationen über die Sicherung medizinischer Daten in RapidMiner-Krankenhaus-IT-Umgebungen zu erhalten. Könnten Sie uns Informationen über die besten Praktiken, Protokolle zur Gewährleistung der Vertraulichkeit, Integrität und Verfügbarkeit sensibler medizinischer Daten liefern? Wir freuen uns auf jegliche Anleitungen, um robuste Sicherheitsmaßnahmen umzusetzen und Patientendaten vor unbefugtem Zugriff zu schützen. Zudem interessiert uns, ob spezielle Funktionen und Tools von RapidMiner, wie Verschlüsselung, Zugriffskontrolle und Überwachung, verwendet werden können. Wir freuen uns darauf, Sie zu hören und einen geeigneten Zeitpunkt für eine Besprechung auszunehmen.","Wir liefern Ihnen Informationen über die besten Praktiken zur Sicherung medizinischer Daten in RapidMiner, einschließlich Verschlüsselungsfunktionen, Zugriffskontrollen und Maßnahmen zur Vertraulichkeit, Integrität und Verfügbarkeit von Patientendaten. Bitte lassen Sie uns wissen, wann es Ihnen am besten passt, um diese Themen zu besprechen.",Request,Sales and Pre-Sales,high,de,Security,Backup,Virus,Documentation,IT,,,
Support Request Submited,"Critical outage of project management tools identified. After the recent system update, unexpected compatibility issues arose. Possible causes could be software conflicts or recently applied security patches. Already tried rolling back updates and clearing caches, but the issues persist. The team is currently working to make important project data accessible, which significantly hampers productivity. Urgent support is requested to resolve the issue. Could please provide a quick solution approach to guide the error resolution process?",Investigate compatibility issues with project management tools and provide a solution approach to guide the error resolution process. Please call at a convenient time to discuss further details.,Incident,IT Support,high,de,Outage,Disruption,Recovery,Software,Security,Performance,IT,Tech Support
Report on Compatibility Issues with ClickUp,Regular crashes are experienced while updating projects on ClickUp using a MacBook Air.,Immediate information needed,Incident,Technical Support,low,en,Bug,Crash,Performance,IT,Tech Support,,,
Skalierbare Funktionalitäten für Projektmanagement,Bieten Sie Einblicke in die Vorteile der Skalierung,"Sehr geehrter Kund/in, wir bieten skalbare Projektmanagementlösungen mit Funktionalitäten wie dynamische Ressourcenausstattung, anpassbare Workflows und eine glatte Wachstumsprozedur, die Erweiterungen ermöglicht. Ich freue mich, die Angelegenheit in gegebener Gelegenheit zu besprechen.",Request,Product Support,high,de,Feedback,Feature,Documentation,,,,,
Sicherheitsmaßnahmen für medizinische Datenlagerungen,"Ich möchte mich an Sie wenden, um die empfohlenen Sicherheitsmaßnahmen für die Verwendung von Mercurial in der medizinischen Datenlagerung zu erkunden. Gibt es spezielle Protokolle oder Leitlinien, die ich einhalten sollte, um die Vertraulichkeit und Integrität sensibler medizinischer Informationen zu gewährleisten? Ich würde mich freuen, wenn Sie mir Ratschläge oder Ressourcen geben könnten, die Sie zu diesem Thema haben. Vielen Dank für Ihre Unterstützung und Ihre Zeit.",Kontaktieren Sie mich für Details,Request,Billing and Payments,medium,de,Security,Breach,Documentation,Guidance,Integrity,Medical,Privacy,
Verbessern der digitalen Marketingstrategie bitte,"Ich möchte eine Anforderung stellen, um die Nutzung der Datenanalyse in unserer digitalen Marketingstrategie zu erweitern. Ziel ist es, das Markenwachstum und die Kundenbindung zu verbessern, um die Zielgruppe besser zu verstehen und effektivere Marketingkampannen zu erstellen. Durch den Einsatz von Datenanalyse können Bereiche identifiziert und verbessert werden, um datagetriebene Entscheidungen zu treffen und das Geschäftswachstum sowie die Kundenzufriedenheit zu erhöhen.","Wir werden Ihren Antrag zur Erweiterung Ihrer digitalen Marketingstrategie prüfen. Bitte geben Sie uns Ihre Kontonummer und eine angemessene Zeit, an die wir Sie anrufen können, um weitere Details zu besprechen und mögliche Lösungen zu diskutieren.",Change,Product Support,high,de,Feedback,Sales,Feature,Documentation,,,,
Probleme bei der Synchronisation des Scanners mit SAP ERP-System,"Sehr geehrte Kundensupport,\n\nich möchte mich mit Ihnen über ein Synchronisationsproblem zwischen meinem Scanner und unserem SAP ERP-System in Kontakt setzen. Dieses Problem tritt auf, wenn ich versuche, ein Dokument zu scannen und es in unserem System hochzuladen. Das Synchronisieren scheitert nach dem Versuch. Ich glaube nicht, dass es sich dabei um ein Kompatibilitätsproblem mit einer veralteten Git-Version handelt, die möglicherweise zu Problemen führen könnte.\n\nIch habe bereits versucht, das Scanner- und SAP ERP-System neu zu starten, Malwarebytes zu aktualisieren, um sicherzustellen, dass es keine malwarebasierten Probleme gibt, und die VLC-Einstellungen zu überprüfen, um mögliche Konfigurationsprobleme zu identifizieren. Diese Maßnahmen haben das Problem jedoch nicht gelöst.\n\nIch schätze, es wäre sehr hilfreich, wenn Sie sich mit diesem Problem befasst und mögliche Lösungen oder Anweisungen zur Problembehebung bereithalten könnten. Bitte lassen Sie mich wissen, wenn Sie weitere Schritte beibehalten oder zusätzliche Informationen benötigen.\n\nVielen Dank für Ihre Unterstützung.\n\nMit freundlichen Grüßen,\n[Dein Name]","Sehr geehrte [Dein Name],\n\nich habe Ihren Bericht über das Problem mit der Scanner-Synchronisation mit Ihrem SAP ERP-System erhalten. Um das Problem weiterhin zu untersuchen, würde ich Sie bitten, mir den genauen Fehlerhinweis und die aktuellen Versionen von Git und SAP ERP-System sowie die Scanner-Software sowie den genutzten Scanner zu übermitteln. Ein weiterer Schritt wäre es auch, mit mir telefonisch über diese Probleme zu sprechen. Ich werde gerne einen Anruf an [Tel Nummer] vereinbaren, um detaillierter das Problem zu besprechen und eine Lösung zu finden. Bitte weisen Sie mir eine bequeme Zeit für diesen Anruf zu. Ich werde mich bemühen, das Problem so schnell wie möglich zu lösen.",Incident,Technical Support,low,de,Technical,Customer,Product,Bug,Scan,SAP,ERP,Software
Concerning Systems Security,An unauthorized access attempt was detected on our hospital systems due to outdated software vulnerabilities. We have since updated the software and ensured that the firewalls are properly configured.,We appreciate the update and the steps taken to prevent future occurrences. Please let us know if you need any further assistance regarding the systems security issue.,Incident,Product Support,low,en,Security,Bug,Network,Performance,IT,Tech Support,,
Support Needed for Application Crashes,The application tends to crash during peak hours because of high server load.,"<name> apologizes for the issues you are experiencing with the application crashing during peak hours due to high server load. To better assist, we need the error message and the steps you took before the application crashed. Please provide us with these details so we can investigate further. If you prefer, we can discuss the issue over the phone. Please let us know a convenient time to call at <tel_num>. We are happy to assist with this matter.",Incident,Customer Service,low,en,Bug,Crash,Performance,Network,IT,Tech Support,,
Reported Medical Data Breach Incident,"Dear Customer Support, I am writing to inform you of an unexpected data breach related to my medical information. It seems the issue might be due to an outdated CPU cooler causing a system failure. After investigating, I restarted the WLAN router and updated PyTorch, but the problem still persists. It is essential to address this urgently as it involves sensitive medical data. I would greatly appreciate your immediate assistance in investigating and resolving this. Could you provide guidance on the next steps and any preventive measures to avoid similar incidents in the future? Your support is highly valued, and I look forward to your prompt response. Please let me know if you need any additional information to proceed. Kindly respond as soon as possible. Best regards, [Your Name]","Dear [Your Name], we take the reported medical data breach very seriously and thank you for bringing this to our attention. To aid in the investigation, could you provide more details about the system failure and the outdated CPU cooler? We will arrange a call at [tel_num] to discuss further steps and preventive measures. Please let us know a convenient time for you to take the call.",Problem,IT Support,medium,en,Security,Breach,Incident,Guidance,Documentation,Resolution,Follow-Up,
SAP ERP Central Component 6.0 Integration Inquiry,"Hello Customer Support, I am contacting you to seek information on the SaaS project management functionalities that facilitate integration with SAP ERP Central Component 6.0. Our organization is currently utilizing SAP ERP Central Component 6.0 and we are interested in integrating it with a SaaS project management system. Could you kindly furnish me with a list of features that support this integration? Moreover, I would appreciate any available documentation or guides related to setting up this integration. Additionally, I would like to know about any specific prerequisites or constraints that I should be aware of when integrating SAP ERP Central Component 6.0 with your SaaS project management solution. I look forward to your prompt response and assistance. I am eager to hear from you soon. If you require any additional information from my side, please let me know.","Hello <name>, thank you for contacting our support team concerning the integration of SAP ERP Central Component 6.0 with your SaaS project management tool. We can offer you a list of features and relevant documentation to assist with this integration. To better accommodate your needs, could you please provide more details about your current setup and which specific integration features you are interested in? I also plan to arrange a call with you to discuss further; please let me know a convenient time for you.",Request,Customer Service,medium,en,Technical,Integration,Documentation,Guidance,Feature,Customer,,
Issue with Financial Tool Processing Data Analytics,"The investment optimization tool used by the financial firm accurately processes data analytics. The problem might have arisen due to a recent software update configuration issue. Steps such as restarting affected applications and verifying network connectivity via the VPN-router have been taken, but the issue persists. Your prompt assistance in resolving this issue would be greatly appreciated to minimize any potential losses.","We apologize for the issue you are experiencing with the financial tool's processing of data analytics. We understand the urgency of the matter and appreciate the troubleshooting steps you have already taken. We would like to investigate the issue in more detail. Could you please provide us with information regarding the recent software update and configuration changes made? Additionally, knowing the exact error message you are receiving would be very helpful. We will schedule a call at your convenience to discuss the issue further.",Incident,Product Support,medium,en,Bug,Performance,Network,IT,Tech Support,,,
Project Dashboard Loading Issue,"Hello Support Team, I hope this message finds you well. I am experiencing difficulties with the project dashboard not loading. I suspect a potential MySQL database connection problem. Having already restarted the server and reviewed the Ruby on Rails logs for any errors, the issue still exists. I would be very grateful if you could provide guidance on how to resolve this. Please instruct me on any further actions I should take or any additional details you might need to investigate the problem. Your assistance is greatly appreciated. Kind regards.","Hello, I understand the challenge you're encountering with the project dashboard not loading. We appreciate the troubleshooting steps you've already performed. For better assistance, could you share the precise error message from the Ruby on Rails logs? Additionally, could you provide your account number <acc_num> and I might need to contact you at <tel_num> for a detailed discussion.",Incident,Customer Service,low,en,Technical,Bug,Documentation,Guidance,Maintenance,Resolution,Performance,
,"Customer Support, we are inquiring about optimizing brand growth through the use of digital strategies and tech products. We would appreciate insights on how to effectively leverage your services to increase our online presence and reach a wider audience. We are interested in learning about a tailored approach that can meet our specific needs. Thank you for your time and assistance. We look forward to hearing back from you soon. Your guidance is invaluable in helping us make informed decisions for our digital marketing efforts.","<name>, thank you for reaching out. We would be happy to help optimize your brand growth. Our team can provide a tailored approach to increase your online presence. Please contact <tel_num> to discuss any questions you may have. Let us know a convenient time to call.",Request,Product Support,low,en,Feedback,Sales,IT,Tech Support,Product,Feature,Documentation,
Fehler beim Projekt-Sync heute vollständig misslungen,Das Projekt-Sync ist misslungen und aufgrund der Aktualisierung wurden Daten verloren.,"Sehr geehrte(r) <name>, wir entschuldigen uns für die Unannehmlichkeiten, die durch den Fehler im Projekt-Sync entstanden sind. Könnten Sie bitte mehr Details zu der Aktualisierung geben, die zu dem Fehler geführt hat, sowie zu den verlorenen Daten? Ich werde mich um diese Angelegenheit bemühen und eine Lösung finden, um Ihre Daten wiederherzustellen. Falls erforderlich, werde ich Sie unter <tel_num> anrufen, um weitere Diskussionen zu führen. Bitte geben Sie mir ein geeignetes Zeitfenster für eine Rückmeldung. Ich werde mich bemühen, so schnell wie möglich Ihren Account <acc_num> zu beheben.",Incident,Customer Service,high,de,Technical,Bug,Outage,Resolution,Account,Recovery,,
Problem with Data Accuracy in Investment Analytics Dashboard,We have noticed some inconsistencies in the data displayed on the investment analytics dashboard.,Could you please furnish detailed information to assist in the investigation of these discrepancies?,Problem,IT Support,medium,en,Bug,Performance,Feature,Documentation,,,,
Fehlerbericht,Das System zeigt einen Absturz an,"Ich habe Ihre Nachricht zur Systemabsturzlage erhalten. Für eine gründlichere Untersuchung dieses Problems wäre es nützlich, wenn Sie zusätzliche Informationen bereitstellten, wie etwa potenzielle Fehlernachrichten, die Sie erhalten haben, und die spezifischen Schritte, die Sie vor dem Absturz durchgeführt haben. Ich freue mich, Ihnen bei der Lösung dieses Problems behilflich zu sein. Könnten Sie mir sagen, wann es Ihnen am besten passt, um eine weitere Diskussion anzufangen?",Incident,Service Outages and Maintenance,high,de,Crash,Bug,Technical,Resolution,Outage,Follow-Up,,
Guide for Integrating SendGrid SaaS,"Hi there, we're reaching out to the customer support team for detailed guidance on integrating SendGrid into our project management SaaS. Our goal is to enhance our communication capabilities by utilizing SendGrid's email services. Could you provide step-by-step instructions and point us in the direction of relevant resources? We would greatly appreciate information on setup, configuration, and troubleshooting. We look forward to hearing back from you to help us successfully integrate the SendGrid platform.","Thank you for your interest in integrating the SendGrid SaaS project management platform. For detailed guidance, please visit our website's resources section to find step-by-step instructions and documentation for setup, configuration, and troubleshooting. If you require additional assistance, please let us know a convenient time to call at <tel_num> for a discussion. Alternatively, you can contact us using <acc_num> for priority support. We look forward to helping you successfully integrate the SendGrid platform.",Request,Technical Support,low,en,Documentation,Feature,IT,Tech Support,,,,
Inquiry About Upcoming Features for Project Management SaaS,"Seeking details on future enhancements for the project management SaaS platform. Would appreciate if you could share information on the new features that are planned and expected to be released. Specifically, I am interested in learning about any improvements to the user interface, reporting capabilities, and integration tools. This information would be very helpful in planning and making decisions regarding the use of the platform.","Thank you for your inquiry, <name>. Our team is currently working on several updates. For a detailed email on planned features and release dates, it would be preferable to schedule a call at <tel_num> to discuss further.",Request,Service Outages and Maintenance,high,en,Feature,Feedback,Documentation,Performance,,,,
Act Now to Upgrade Data Analytics Tools,Need help in enhancing the optimization of investment tracking.,I am here to assist with optimizing your investment tracking. Could you please share more information about your current tools and your specific requirements?,Change,IT Support,medium,en,Product,Guidance,Performance,Feedback,,,,
Protecting Medical Information,Is there information available on the practices healthcare providers use to secure medical data?,"Please provide information on securing medical data practices for healthcare providers. If you prefer, we can discuss this further at your convenience.",Request,Customer Service,medium,en,Security,Documentation,,,,,,
Request for Adjustment of Billing for Marketing Services,"I am writing to request a billing adjustment for marketing services related to digital strategies and brand growth initiatives. The services provided did not meet our expectations, and we believe an adjustment is necessary. We would greatly appreciate it if you could review our account and make the necessary adjustments as soon as possible. Please let us know if there is any additional information you need to facilitate this request.","We will review account number <acc_num>, assess the marketing services provided, and determine if a billing adjustment is warranted. Please allow us to investigate and we will get back to you soon with an update.",Change,Billing and Payments,medium,en,Billing,Account,Feedback,Sales,IT,Tech Support,,
Azure SQL Pricing Plans Inquiry,Seeking pricing details,"I am able to furnish you with the information on Azure SQL pricing plans. You may visit our website, or I can arrange a call to go over the details.",Request,Billing and Payments,low,en,Billing,Payment,Pricing,Documentation,,,,
QuickBooks Support,"Respected customer support, I am contacting you to ask about analytics tools that work with QuickBooks Online to optimize my investments. I need your help to know which tools are available that assist in making data-driven decisions and enhancing my business's financial performance. Specifically, I am interested in tools that can offer insights into cash flow, revenue, and expense management. Can you please provide me with a list of compatible analytics tools along with their features? I would be grateful for any advice or recommendations you can give. Thank you for your time and help. I am looking forward to your response soon.",I will look into compatible analytics tools for QuickBooks Online and get in touch with you at your preferred time to go over the options and features.,Request,Billing and Payments,medium,en,Customer,Product,Performance,Feedback,Guidance,,,
Problem Regarding the Launch of Digital Marketing Campaigns,"Dear Customer Support, I am contacting you to report an issue with our digital marketing campaigns. The campaigns have not been able to launch, and we believe that there may be technical issues with the integrations. Despite attempting to restart the systems and checking the connections, the problem continues. We would be grateful if you could investigate this and provide a resolution as quickly as possible. Please inform us if you require any further details from our side. We are eagerly awaiting your response. Warm regards, [Your Name]",I will examine the issue with your digital marketing campaigns and will call you at <tel_num> for further discussion and to find a resolution.,Incident,Product Support,high,en,Technical,Campaign,Integration,Resolution,Investigation,,,
Medizinische Datenverletzung durch unverschlüsselte Git-Repository-Daten,"Betreff: Medizinische Datenverletzung\nRespektierte Kundensupport, es gab eine medizinische Datenverletzung aufgrund unverschlüsselter Patientendaten in einem Git-Repository. Unvollständige Zugriffskontrolle und menschliche Fehlereinflussfaktoren führten dazu, dass Patientendaten online ausgesetzt waren. Wir haben bereits die Firewall-Konfiguration überprüft und die Git-Sicherheit angepasst.","Wir entschuldigen uns für den Vorfall und würden Ihre von Ihnen unternommenen Maßnahmen schätzen. Um Ihnen weiterzuhelfen, könnten Sie bitte weitere Details zur ausgesetzten Daten und den Maßnahmen zur Verhinderung zukünftiger Vorfälle geben. Ich werde auch einen Anruf planen, um dieses Thema weiter zu besprechen, sobald es Ihnen passt.",Incident,Customer Service,low,de,Security,Breach,Documentation,Incident,Resolution,Feedback,Crash,
Request for Security Measures on Medical Data,"Hello Customer Support, I hope this message finds you well. I am writing to seek advice on the security measures that should be employed to safeguard medical data on our hospital's network. As we handle crucial patient information, we are committed to ensuring its protection against unauthorized access. Could you kindly share some best practices for securing medical data? We would greatly appreciate any recommendations you can provide. Thank you for your assistance. Sincerely, [Your Name]","Dear [Your Name], we value your interest in securing medical data on your hospital's network. We recommend implementing encryption, access controls, and regular backups. Additionally, we suggest conducting a security audit to identify potential vulnerabilities. For more specific guidance, I would like to discuss this further with you. Would you be available for a call at your convenience to discuss the best practices for securing medical data on your network?",Request,Customer Service,high,en,Security,Guidance,Documentation,Network,Maintenance,Incident,Performance,Follow-Up
Request for Security Support,"A security breach has been detected in the hospital's systems, potentially compromising the integrity of medical data. This may have occurred due to outdated software components. Although we have attempted to update the systems to enforce stricter access controls, persistent unauthorized access remains. We kindly request immediate assistance to resolve this critical issue and prevent further breaches.",Send a specialist to assess and rectify the issue immediately.,Problem,Billing and Payments,medium,en,Security,IT,Tech Support,Performance,,,,
Trouble with Software,"Facing frequent software crashes across various products, even after reinstallation and compatibility tweaks.","Dear [name], we're sorry to hear you're experiencing software crashes with multiple products despite recent reinstallation and compatibility adjustments. We would like to investigate and provide a solution. Could you please provide specific details about the products and any error messages you receive during the crashes? To schedule a call at a time that suits you best, please let us know a convenient time to contact you at [tel_num].",Problem,Product Support,medium,en,Bug,Crash,Performance,IT,Tech Support,,,
Improvement in MongoDB 4.4 for Marketing Analytics,"Hello, we are in need of some guidance on optimizing the use of MongoDB 4.4 for our marketing analytics. Our team stores and analyzes large volumes of customer data, and we believe there are ways to enhance our workflow and gain deeper insights from the data. Could you provide some recommendations on how to best utilize MongoDB's features, such as indexing and aggregation, to improve query performance and our data analysis capabilities? We are particularly interested in learning about best practices for data modeling and schema design in MongoDB.","Thank you for your email regarding the optimization of MongoDB 4.4 for marketing analytics. To improve query performance and data analysis capabilities, I recommend reviewing your current indexing strategy to ensure that proper indexing is applied to frequently queried fields. Additionally, using MongoDB's aggregation framework can help simplify complex queries and improve performance. Proper data modeling and schema design are essential, as they ensure efficient data retrieval and overall system performance.",Request,Technical Support,medium,en,Feature,Performance,Feedback,Documentation,Tech Support,,,
Inquiry on Data Analytics Tools for Drupal Integration,"Hello team, I am contacting you to gather more information on data analytics tools that can be integrated with Drupal for the purpose of investment optimization. I am keen on finding tools that will aid in making informed, data-driven investment decisions. Would you mind providing me with some recommendations or directing me to relevant resources where I can gain more knowledge on this subject? Your support and guidance would be greatly appreciated. Thank you for your attention and help. Regards","Dear [Name], thank you for reaching out to us, we are grateful for your interest in data analytics tools compatible with Drupal for investment optimization. We recommend tools like Google Analytics, along with Drupal modules such as Drupal Google Analytics and Webform. For further information and assistance, I am available to discuss this with you in more detail. Please let me know a convenient time for a call, and I would be delighted to assist you. You can also explore our website for additional resources and support. Best regards",Request,Technical Support,medium,en,Technical,Product,Guidance,Documentation,Feedback,,,
Data Loss Issue,"I am reaching out to report a problem with the data of my project. The data disappeared suddenly during the night and I am unsure of the cause. I suspect it might be due to a synchronization issue or a software conflict. I have already tried restarting the device, checking the logs, and updating the dashboard data, but the issue persists. I would greatly appreciate your assistance in resolving this problem as soon as possible. Please let me know if you have any further steps I can take or if you need additional information from me. I look forward to your prompt response.","Dear <name>, I am sorry to hear about the issues you are experiencing with your project data. I understand the urgency of the situation and I am here to assist you. To better help you, I would appreciate it if you could provide more details about the synchronization problem or software conflict that you believe to be the cause. Additionally, could you let me know when you last successfully accessed your project data and whether you have made any recent changes to your system or software settings? If possible, we could arrange a phone call at <tel_num> to further discuss this issue and explore potential solutions. Alternatively, please provide a convenient time for me to contact you. I will do my best to resolve this issue as quickly as possible and work to recover your lost data. Please provide your <acc_num> for reference.",Problem,Technical Support,high,de,Technical,Bug,Crash,Documentation,Resolution,Feedback,Maintenance,Security
Incident of Software Crashing,"Hello support team, I am contacting you to report several unanticipated crashes that happened simultaneously yesterday. It is possible these crashes are due to compatibility problems with the latest macOS update. Despite restarting my devices and updating my drivers, I have not managed to resolve the issue. Could you please offer any help or advice? It would be greatly appreciated. Please inform me if there are any further actions I need to perform or if you require additional data from me.","Greetings <name>, we appreciate your communication regarding the software crash you encountered. We regret hearing that the crashes happened unexpectedly and that your attempts to restart and update your drivers were unsuccessful. To assist you effectively, we need more information. Please could you provide us with specifics about the software that experienced crashes and the precise error messages you received. Could you also confirm which version of macOS you are currently using and when you last installed the update? This will aid us in diagnosing the problem and providing a suitable solution. If necessary, we can arrange a call at a convenient time. Please let us know a suitable time to get in touch at <tel_num>. We value your patience and look forward to resolving this issue for you.",Incident,Technical Support,high,en,Crash,Technical,Resolution,Documentation,Feedback,,,
Request for a Novel Data Visualization Tool,I am inquiring about the installation of a new data visualization tool to boost our investment analytics. The tool should offer interactive and dynamic visualizations to assist investors in making educated choices.,Your request for a new data visualization tool to improve investment analytics has been noted. I will review it and discuss it with our development team. Please contact me at <tel_num> so we can gather further details regarding your needs.,Change,IT Support,medium,en,Product,Feature,Documentation,Implementation,Technical,Customer,Feedback,
Strategies for Brand Growth Have Hit a Standstill,"Customer Support,<br>The marketing strategies are currently facing an issue with brand growth having come to a complete stop, which has led to a decline in engagement. This may be due to the ineffectiveness of the digital channels and content used. Attempts at A/B testing and re-targeting have shown minimal improvement. The team is looking for assistance in revamping and optimizing the marketing approach to better reach the target audience and drive meaningful engagement.","Customer,<br>My name is <name>, and I am here to assist with your marketing strategies concern. I understand that the current marketing strategies have resulted in brand growth stalling, leading to reduced engagement. Already, attempts have been made with A/B testing and re-targeting, but they have shown minimal improvement. To better assist you, could you please provide information on the current digital channels and content being used, as well as your target audience and desired engagement goals? This will help us provide a tailored solution. It would be convenient to schedule a call to discuss this further.",Incident,Customer Service,medium,en,Feedback,Performance,Documentation,Tech Support,,,,
Digital Support,Request update on digital marketing strategies to enhance brand visibility and drive business growth through online channels.,"<name>, thank you for reaching out about digital marketing strategies. I would be happy to help enhance brand visibility and drive business growth. To better understand your requirements, could you please provide information on your current strategies and goals? We can schedule a call at your convenience to discuss and provide a customized solution for your business. You can reach me at <tel_num> to arrange a suitable time.",Change,Returns and Exchanges,low,en,Feedback,Sales,IT,Tech Support,,,,
Unerwartete Gebühren auf Rechnung,"Sehr geehrte Kundenservice-Team, <br><br>ich schreibe Ihnen, um ein Problem mit meiner letzten Rechnung zur Kenntnis zu bringen, auf der unerwartete Gebühren vermerkt sind. Nach Durchsicht meiner Kontoeinstellungen vermute ich, dass die Fakturierungszyklus-Einstellungen unrichtig sind, was zu diesen unerwarteten Gebühren führt.<br><br>Hier ist eine kurze Beschreibung des Vorfalls:<br>- Geschehen: Unerwartete Gebühren wurden auf mein Konto angewendet.<br>- Warum: Ich glaube, dass dies möglicherweise aufgrund eines unrichtigen Fakturierungszykels zurückgeführt werden kann.<br>- Versucht: Vor dem Kontakt mit Ihnen habe ich das Support-Team angerufen und meine Kontoeinstellungen geprüft, um die Situation selbst zu beheben, leider ist der Problemfall jedoch bestehen geblieben.<br><br>Ich hoffe, dass Sie sich um diesen Fall dringend kümmern. Die falschen Gebühren verursachen Unannehmlichkeiten und ich bin besorgt um den möglichen Einfluss auf mein finanzielles Planung. Ich bin zuversichtlich, dass Ihr Team mich in der Lösung dieses Problems schnellstens unterstützen wird.<br><br>Zur schnellen Lösung habe ich alle relevanten Informationen zu meinem Konto und den kontroversen Gebühren zusammengestellt. Bitte lassen Sie mich wissen, ob Sie weitere Details benötigen, um diese zu untersuchen.<br><br>Vielen Dank für Ihre Aufmerksamkeit zu diesem Problem. Ich freue mich darauf, bald von Ihnen zu hören und eine Lösung für dieses Problem zu finden. Ihre Unterstützung in dieser Hinsicht wird sehr geschätzt.<br><br>Erlauben Sie mir, Sie herzlich zu grüßen,<br>[Ihr Name]","Sehr geehrter [Ihr Name], <br><br>ich möchte Sie anerkennen, dass Sie mir durch Ihre E-Mail über das unerwartete Gebühren auf Ihrer letzten Rechnung informiert haben. Ich entschuldige mich für die dadurch verursachten Unannehmlichkeiten und schätze die detaillierte Beschreibung des Vorfalls sehr. Ich habe Ihre Bedenken in Bezug auf die möglicherweise unrichtigen Fakturierungszyklus-Einstellungen notiert.<br><br>Zur weiteren Untersuchung dieses Falles würde ich Ihre Kontonummer und den genauen Fälligkeitsdatum der in Frage stehenden Rechnung bitten. Wenn Sie diese Informationen bereits in Ihrer früheren E-Mail beigefügt haben, bitte ignorieren Sie diese Anfrage.<br><br>Ich werde Ihre Kontoeinstellungen und die Fakturierungsinformationen überprüfen, um die Ursache der unerwarteten Gebühren zu bestimmen. Falls erforderlich, könnte ich Sie kontaktieren, um weitere Informationen zu besprechen, wenn Sie zur Verfügung stehen, lege ich gerne einen passenden Termin fest. Ich werde mich bemühen, diesen Fall so schnell wie möglich zu lösen und sicherzustellen, dass irreführende Gebühren rückgängig gemacht werden.<br><br>Mit freundlichen Grüßen,<br>[Ihr Name]",Incident,Billing and Payments,high,de,Billing,Customer,Payment,Refund,Resolution,,,
Datenschutz und Verschlüsselungsmethoden benötigt,"Ich benötige professionelle Ratschläge zu Verschlüsselungsmethoden, um vertrauliche Patientendaten sicher zu speichern. Bitte geben Sie mir Informationen über die besten Praktiken und empfohlene Werkzeuge an.","Sehr geehrte/r <name>,\n\nich begrüße Ihre Bedenken in Bezug auf die Sicherheit vertraulicher Patientendaten. Ich stehe Ihnen gerne zur Verfügung und kann Ihnen Ratschläge zur Verschlüsselungsmethodik geben. Es wird empfohlen, Branchenstandards wie AES und SSL/TLS zu verwenden. Darüber hinaus raten wir Ihnen, zuverlässige Verschlüsselungsprogrammpakete wie <tool_name> zu nutzen, die den Regulierungen entsprechen. Um eine persönlichere Beratung zu ermöglichen, möchte ich ein Telefonat mit Ihnen vereinbaren. Wenn Sie sich für ein Gespräch zu <tel_num> interessieren oder einen anderen Zeitpunkt vorschlagen, teilen Sie mir bitte Ihre Präferenzen mit, damit ich Ihnen behilflich sein kann.",Request,Technical Support,high,de,Technical,Security,Feedback,Guidance,,,,
Support for Financial Firms' Analytics Tools,Which analytics tools can enhance the optimization of investment portfolios for financial firms?,"We provide several analytics tools to optimize investment portfolios for financial firms, such as portfolio management software and risk analysis platforms. These tools offer real-time data and insights to assist firms in making informed investment decisions. To learn more, I propose we schedule a call at your convenience to discuss your specific needs and requirements.",Request,Product Support,low,en,Product,Analytics,Financial,Tool,Portfolio,Management,Optimization,
Problem with Medical Scanner - Firmware Outdated,The medical scanner stopped working because its firmware was outdated. I attempted to restart it and check the connections.,"Dear <name>, we regret the inconvenience you experienced due to the malfunction of the medical scanner. To fix this, we suggest updating the firmware to the latest version. If you require help with the update, please contact us at <tel_num> and we can arrange a call to guide you through it.",Incident,IT Support,low,en,Technical,Hardware,Outdated,Maintenance,Resolution,Bug,Scanner,
Technical Problem,"The financial analytics software has been experiencing slow performance during peak processing times. This could be due to insufficient hardware resources or software conflicts. Despite attempts to optimize settings and clear cache, the issue remains unresolved. We request your prompt assistance to address this matter.","We will investigate the technical issue with the financial analytics software. Please provide details on the hardware resources and software configuration, especially during peak hours, and any optimization steps you have already taken. You can contact us at <tel_num> for further discussion.",Problem,Technical Support,low,en,Performance,Hardware,IT,Tech Support,,,,
Digital Marketing Strategies,I am contacting you to seek insights into the digital strategies that enhance brand growth for marketing agency clients. Could you offer some examples or details about successful campaigns you have executed? Any information you can share would be greatly appreciated.,"Dear <name>, I'm grateful for your interest in digital strategies that boost brand growth for marketing agency clients. Our team has devised and executed successful campaigns that have led to substantial brand growth for our clients. Key strategies include social media marketing, search engine optimization, and targeted advertising. I would be pleased to give you more specific examples and details. To tailor my response to your needs, could you please provide more information about your current marketing goals and objectives? Alternatively, I can arrange a call at a convenient time to discuss this further. Please let me know your preference.",Request,Customer Service,high,en,General,Marketing,Strategy,Feedback,Performance,Guidance,,
Update Marketing Strategies,"Customer support, requesting an update on marketing strategies. We need to leverage digital tools to enhance brand visibility and drive growth across our products. Assistance in reaching a wider audience and increasing sales is needed.",Received the request to update marketing strategies. Please review and contact us at <tel_num> to discuss the details and explore options for the implementation of digital tools.,Change,Returns and Exchanges,medium,en,Feedback,Sales,IT,Tech Support,,,,
Kundenservice,"Kontaktieren Sie uns, um mehr über digitale Strategien für den Markenwachstum zu erfahren. Bitte geben Sie eine detaillierte Übersicht der angebotenen Dienstleistungen und deren Preise. Es wäre sehr hilfreich, wenn Sie relevante Fallstudien oder Zeugnisse früherer Kunden hinzufügen könnten. Dies würde uns besser verstehen lassen, wie die Dienstleistungen Ihren Geschäftsschwerpunkten dienen können. Danke, ich freue mich auf Ihre Rückmeldung.",Wir werden Ihnen detaillierte Informationen über unsere digitalen Strategien liefern. Bitte kontaktieren Sie uns für eine weitere Diskussion.,Request,Billing and Payments,medium,de,Feedback,Sales,Documentation,,,,,
Medical Data Problem,"Hello Customer Support, I am contacting you to address an issue we are facing with accessing our medical data, which seems to be related to network difficulties. Our system recently received updates, and we have also encountered hardware failures. Consequently, our team is currently unable to access essential medical data. We have attempted various troubleshooting steps, including rebooting the servers, verifying configurations, and updating the antivirus software, yet the issue remains unresolved. I kindly request you to investigate this matter promptly and offer a solution to recover access to the medical data. Please inform me if any additional details from our side are necessary to expedite the resolution. Thank you for your swift action on this matter.","Dear <name>, thank you for bringing to our attention the issue you are having with accessing medical data due to network problems. We apologize for any inconvenience this has caused. Could you please provide us with the specific error messages you are encountering and the details of the software updates that were implemented recently? This information will help us better understand and address the issue. If necessary, I will arrange a call with you at <tel_num> to discuss this further and find a solution to restore access to the medical data for your team using <acc_num>.",Incident,Technical Support,high,en,Technical,Network,Hardware,Outage,Resolution,Feedback,Documentation,Incident
Problem with Digital Campaign Metrics,"Hello Customer Support, I am contacting you to address an unexpected inconsistency in my digital campaign metrics. This could be caused by an integration error. After attempting to reset my QuickBooks and Mailchimp links, the issue remains unresolved. Could you please investigate and offer a resolution? Additionally, if there is any extra information you need from me to help solve this, please let me know. Thank you for your time and help. I am looking forward to your response.","Thank you, <name>, for reaching out to us regarding the inconsistency in your digital campaign metrics. We apologize for the inconvenience you are experiencing despite your efforts to reset your QuickBooks and Mailchimp connections. To better understand and resolve this issue, could you provide more details on the specific metrics that are affected and any error messages you have encountered? We would also like to schedule a call with you at your earliest convenience. Would you be available for a call at <tel_num>, or do you prefer another time?",Incident,Product Support,high,en,Technical,Bug,Integration,Documentation,Resolution,Feedback,,
Data Protection,Seeking advice on data security measures for a hospital's Linux and Alteryx environment. Could offer some general guidance on this matter?,"Can provide general guidance on data security for Linux and Alteryx. For specific recommendations, please provide more details about your current setup and concerns. I am happy to discuss and offer tailored advice at a time convenient for you.",Request,IT Support,medium,en,Security,Documentation,IT,,,,,
Query on SaaS Project Management Tool,"Hello, I am inquiring about the pricing tiers and billing options for the SaaS project management tool. Could you provide details on the different plans and their corresponding features? It would be greatly appreciated if you could explain the billing process and any discounts that may be available for long-term commitments. This information will help me make an informed decision on whether to use the tool for our project management needs.","Thank you for your inquiry regarding our SaaS project management tool. We offer several pricing tiers that vary in features to suit different needs. The plans include basic, premium, and enterprise options, which include features such as task management, team collaboration, and reporting. We provide both monthly and annual billing options, and discounts are available for long-term commitments. I would be happy to provide detailed information to answer any questions you may have. We are available for a call at your convenience.",Request,Billing and Payments,medium,en,Billing,Payment,Product,Feature,Feedback,Sales,,
Safekeeping of Medical Data,Could you suggest security measures for safeguarding medical data stored on USB drives? Are there any specific encryption techniques or applications that should be employed to ensure the confidentiality of patient data?,"To ensure the safety of medical data on USB drives, we recommend using encryption methods such as AES 256-bit encryption. We also advise the use of reputable encryption software like BitLocker or VeraCrypt. It's crucial to use strong passwords and to keep the USB drives secure when not in use. Additionally, implementing two-factor authentication can provide an extra layer of security. If you require additional assistance or guidance on these protocols, please let us know, and we can arrange a call to discuss further at a convenient time.",Request,Customer Service,low,en,Security,Encryption,Medical,Guidance,Documentation,,,
Issue with Software Integration,"Dear Customer Support,\n\nI am contacting you to report an issue with the software integration. The integration did not succeed, and I believe it could be due to incompatible updates. Despite my efforts to restart the systems and update the drivers, the problem still exists.\n\nThe issue arose when I attempted to integrate the software with our existing system. I followed all the instructions and guidelines, but unfortunately, it did not work as intended. I have attempted to resolve the issue by restarting the systems, updating the drivers, and investigating potential compatibility issues, but none of these steps have resolved the problem.\n\nI would greatly appreciate your assistance in addressing this matter. Please provide me with guidance or a solution on how to resolve this issue. If you require any additional information from me to help investigate, please let me know.\n\nThank you for your time and support. I look forward to your response.\n\nBest regards,\n[Your Name]",We are sorry to hear about the software integration issue you are encountering and thank you for informing us. We will look into this and work to provide a resolution as quickly as possible. Could you please share the error message you received and the steps you took before the issue arose? This information will assist us in understanding the problem better and provide a more effective solution. We will be contacting you soon to address this issue.,Problem,Customer Service,low,en,Technical,Integration,Issue,Software,Guidance,Resolution,Documentation,Bug
Problem with Investment Analysis Tool,"The investment analysis tool has encountered issues with data processing, leading to delays. The problem might be related to compatibility issues with Perl 5.32 and Simulink. After attempts to update the software and restart, the issue still persists.","Please investigate the compatibility issue with Perl 5.32 and Simulink. Additionally, could you provide the error message for further analysis?",Problem,Technical Support,medium,en,Bug,Performance,Feature,IT,Tech Support,,,
Healthcare Data Security Solutions,"Inquiring about Customer Support for healthcare data security solutions services offered by hospitals. Would appreciate details on the types of services provided, including data encryption, network security, and compliance management. Additionally, could provide relevant case studies and testimonials from working with hospitals. Also, interested in pricing and the implementation process. Looking forward to hearing back soon.","Thank you for reaching out to the Service Desk regarding Healthcare Data Security Solutions. We offer a range of healthcare data security solutions and services specifically tailored for hospitals, including data encryption, network security, and compliance management. Our team has extensive experience working with hospitals and would be happy to provide case studies and testimonials upon request. For detailed information on pricing and the implementation process, please let us know the specific services you are interested in.",Request,Customer Service,low,en,Security,Network,Compliance,IT,Tech Support,Feedback,,
Digital Marketing,"Facing problems with the dashboard not syncing data correctly. This might have happened due to recent software updates or API changes. Tried restarting and reauthorizing connections, but it didn't work.","Received an email about the issues with the digital marketing dashboard not syncing data correctly. I would like to investigate further. Could you please provide details on the recent software updates or API changes made, and we can schedule a call to discuss possible solutions at your earliest convenience?",Problem,Technical Support,low,en,Bug,Performance,IT,Tech Support,Documentation,,,
Health Data Encryption Problem,"Hello Customer Support, I am contacting you to address an issue I am facing with the encryption of my health data on my iMac. The encryption has failed and I am worried about the security of my personal medical data. Upon investigating, I believe the problem may be due to my older Norton Antivirus software. Despite updating the software and restarting my iMac, the issue has not been resolved. I would be very grateful if you could give me some instructions on how to fix it. If you require any more information or further steps to diagnose the problem, please let me know. I am here to provide any necessary details or respond to your queries. I am looking forward to your response. Kind regards, [Your Name]","Greeting [name], I apologize for the challenges you are encountering with the encryption of your health data on your iMac. Understanding the importance of securing your sensitive medical information, we need a bit more information to assist you effectively. Could you please share the version of your Norton Antivirus software and the specific error message you receive during the encryption process? Also, have you attempted to uninstall and then reinstall the software, or check for any potential conflicts with other applications? To better address the issue, would it be possible to arrange a call at your convenience at <tel_num>? I will work to ensure the security of your medical data and provide you with a quick solution. Please feel free to share any additional details that might help resolve this issue.",Problem,Product Support,low,en,Technical,Security,Bug,Hardware,Encryption,Norton,Resolution,Guidance
Systemausfall des Verschlüsselungsprozesses im Medizindaten-System,"Letzte Nacht stürzte der Verschlüsselungsprozess des Medizindaten-Systems aufgrund einer möglichen Schwachstelle in der Software aus. Die Server wurden neugestartet und die Systemprotokolle überprüft, aber das Problem behält sich bestanden.","Sehr geehrte/n [name],\n\nich möchte mich hiermit für den Systemausfall Ihres Medizindaten-Verschlüsselungssystems bedanken. Ich verstehe, dass Sie die Server bereits neugestartet und die Systemprotokolle überprüft haben. Um das Problem weiter zu untersuchen, möchte ich bitten, mir mehr Details zur Software aktualisierung zu geben, die durchgeführt wurde. Ich möchte dieses Thema weiter untersuchen und muss möglicherweise mit Ihnen telefonieren, um die nächsten Schritte zur Behebung des Systemausfalls Ihres [acc_num] Accounts zu besprechen. Wäre Ihnen ein Telefonat zu einem passenden Zeitpunkt gelegen?",Incident,Technical Support,high,de,Outage,Crash,Technical,Software,Investigation,Resolution,Account,
Enhancing Brand Expansion for Various Products Over the Internet,I require strategies to enhance brand expansion for multiple products. Could you offer some guidance?,I can offer guidance on enhancing brand expansion for multiple products online. Please provide more details about your products and your current online presence. I would be glad to assist you further.,Request,Technical Support,high,en,Guidance,Strategy,Branding,Online,Products,,,
Enhance Brand Expansion,"Hello customer support, I am contacting you to learn about digital strategies that can enhance the growth of my listed products. I am interested in understanding the best methods to boost brand visibility and attract a broader audience. Could you offer me more details on this subject? I am eager to receive your guidance and explore ways to enhance my brand's online presence. Thanks for your support and I look forward to your response. I appreciate your help and hope to hear from you soon.","Hello customer, we can assist you with digital strategies to enhance brand growth. For better understanding, could you share more details about your current online presence? Please provide a convenient time to call you at <tel_num> to discuss further and provide effective ways to increase brand visibility.",Request,Billing and Payments,medium,en,Customer,Strategy,Brand,Growth,Online,Guidance,,
Integration von MATLAB in Smartsheet für medizinische Datenanalyse,"Sehr geehrte Kundensupport, ich benötige Anleitungen zur Integration von MATLAB mit Smartsheet für medizinische Datenanalyse. Bitte geben Sie Schritte und Sicherheitsprotokolle an, um die Datensicherheit und -konformität zu gewährleisten. Ich würde mich freuen, wenn Sie Empfehlungen zu besten Praktiken und Lösungsansätzen zur Handhabung von Problemen geben könnten. Vielen Dank für Ihre Unterstützung.","Sehr geehrter <name>, wir bedanken uns für Ihre Anfrage zur Integration von MATLAB mit Smartsheet für medizinische Datenanalyse. Um eine sichere Integration sicherzustellen, empfehlen wir die Verwendung der Smartsheet-API und der HTTP-Schnittstelle von MATLAB. Bitte stellen Sie sicher, dass Sie die notwendigen Berechtigungen haben und unsere Datensicherheitsprotokolle einhalten. Für eine detaillierte Anleitung können wir Ihnen einen Dokumentationslink zur Verfügung stellen. Falls Sie darüber hinaus diskutieren möchten, kann ich Sie gerne anrufen, um die Schritte und die besten Praktiken durchzugehen. Bitte geben Sie mir ein geeignetes Zeitfenster für eine Anruf-Verabredung an <tel_num> oder senden Sie mir per E-Mail mehr Informationen zu Ihrem <acc_num>.",Request,Product Support,medium,de,Technical,Customer,Product,Documentation,Guidance,Security,Integration,
Kritisches Problem bezüglich Datensicherheit,"Sehr geehrte Kundenservice, ich schreibe Ihnen mit Sorge über einen schwerwiegenden Fehler in unserem System. Unkryptierte medizinische Daten wurden kürzlich über eine Streaming-Kamera übertragen, was eine schlimme Verletzung der Datenschutzregeln ist. Nach unserem Ermittlungsverfahren scheint der Fehler möglicherweise auf Konfigurationsprobleme unseres Firewalls und Elasticsearch zu beruhen. Wir haben versucht, das Problem durch Neustart der Geräte und Überprüfung der Protokolle unserer Bitdefender Antivirensoftware Plus 2021 zu lösen, aber der Fehler ist nicht beseitigt worden. Wir befürchten die möglichen Folgen dieser Verletzung und möchten Ihre Unterstützung bei der Behebung des Problems so schnell wie möglich in Anspruch nehmen. Könnten Sie uns bitte Rat geben, wie wir unser Firewall und Elasticsearch richtig konfigurieren können, um zukünftige Fehlverhalten zu vermeiden? Wir sind dankbar für Ihre schnelle Aufmerksamkeit und freuen uns auf Ihre Rückmeldung. Teilen Sie uns mit, falls Sie zusätzliche Informationen benötigen.","Ich werde Ihren Fall prüfen und Ihnen Rat geben, wie Sie Ihr Firewall und Elasticsearch korrekt konfigurieren können, um zukünftige Verletzungen zu vermeiden. Um Ihnen besser zu helfen, könnte ich Sie möglicherweise am <tel_num> ansprechen, um weitere Details zu besprechen. Geben Sie mir bitte ein geeignetes Zeitfenster, damit ich besser darauf vorbereitet bin.",Incident,Technical Support,low,de,Security,Breach,Technical,Customer,Feedback,Resolution,Documentation,Network
Verfügbare Analysetools für Sage Accounting bei Investitionsoptimierung,"Welche Analysetools sind für Sage Accounting verfügbar, um die Optimierung von Investitionen zu unterstützen?","Sehr geehrte/r [name], wir stellen mehrere Analysetools zur Verfügung, die sich mit Sage Accounting vertragen und bei der Optimierung von Investitionen helfen. Zu diesen Tools gehören Budgeting, Prognose, Sage Intelligence und Microsoft Power BI. Diese Tools bieten wertvolle Einblicke, um Sie bei der Fälligkeit von Investitionsentscheidungen zu unterstützen. Für weitere Informationen kann ich Sie gerne an einem vorgeschlagenen Zeitpunkt anrufen, um dies weiter zu besprechen.",Request,Customer Service,low,de,Product,Analytics,Investment,Optimization,Sage Accounting,,,
,"Kontaktieren Sie uns, um digitale Strategien für Markengröße und entsprechende Dienstleistungen zu erkunden und anzubieten. Könnten Sie mehr Informationen zu unseren Ansätzen im Bereich des digitalen Marketaufbaus und den anbietbaren Dienstleistungen für die Erhöhung der Online-Präsenz von Unternehmen erhalten? Ich freue mich darauf, Ihnen Details zu unseren Strategien und Dienstleistungen zu teilen.","Vielen Dank für Ihr Interesse an digitalen Strategien für Markengröße. Unsere Firma legt besonderen Wert auf ein digitales Marketing, das das einzigartige Verständnis der Bedürfnisse und Ziele der Geschäftsmannschaft einfließen lässt. Basierend darauf entwirft unser Team anpassungsfähige Strategien, um die Online-Präsenz der Unternehmen zu verbessern. Wir bieten eine Vielzahl von Dienstleistungen an, darunter Sozialmedien-Verwaltung, Inhaltsproduktion, Suchmaschinenoptimierung und bezahlte Werbung. Unser Team arbeitet eng mit Kunden zusammen, um ihre Zielgruppe zu identifizieren und ansprechende Inhalte zu erstellen. Wir freuen uns darauf, Ihnen unsere Dienstleistungen näher zu erläutern.",Request,Technical Support,high,de,Feedback,Sales,IT,Tech Support,,,,
Issues with Multiple Integrations Owing to Server Overload,"To Whom It May Concern,\n\nI am reporting an issue with multiple integrations that abruptly failed. This issue began when our server faced an overload, leading to synchronization problems between various services.\n\nDespite our efforts to troubleshoot, including service restarts, log checks, and configuration verifications, the problem remains unresolved. We are still unable to synchronize data properly.\n\nCould you please look into this and provide a solution? I can offer further details or respond to any queries you might have.\n\nThank you for your swift response.\nBest regards,\n[Your Name]","Dear [Your Name], we are investigating the server overload issue that is causing multiple integration failures. To assist better, could you please supply the account number and detailed error messages you are encountering? I may need to call you for further information; please be available at [Tel Number] for a call at your convenience. We will work to resolve this issue promptly.",Incident,Sales and Pre-Sales,low,en,Technical,Outage,Bug,Server,Integration,Resolution,Documentation,Maintenance
Request for QuickBooks Online Support,I require details on the system prerequisites for a smooth connection between QuickBooks Online and Xero. Could you furnish me with the required information?,"Hello <name>, thank you for contacting our support team. To facilitate a smooth integration with QuickBooks Online and Xero, we can provide you with the necessary system requirements. For QuickBooks Online, ensure your computer meets the basic need of having 2GB of RAM and a steady internet connection. For Xero, make sure your device supports a compatible browser and has a reliable internet connection. If you need more detailed information or wish to schedule a call for further discussion, please let us know.",Request,Human Resources,low,en,Technical,Customer,Product,Integration,Documentation,,,
Query on Smart-Waage Data Analytics Functions,"Respected Customer Support, I am writing to seek information regarding the data analytics services that Smart-Waage provides. Specifically, I am keen to learn how the platform aids in the analysis and visualization of data, and if it includes machine learning functionalities. Please could you furnish me with detailed information on these aspects? Additionally, I would be grateful if you could provide examples or case studies of businesses that have effectively utilized Smart-Waage for their data analytics needs. I am looking forward to your response.","Hello <name>, we thank you for your query on Smart-Waage data analytics features. Our services include data analysis and visualization, as well as machine learning. Please, let's schedule a call at <tel_num> to delve deeper into this and share relevant case studies. When would it be convenient for you to take this call?",Request,Billing and Payments,medium,en,Customer,Product,Feature,Documentation,Guidance,,,
Seeking Information on Safeguarding Medical Data in Hospital Systems,I am inquiring about the solutions and measures to secure medical data in hospital systems. Could you provide specific details on the steps we can take to protect sensitive information and prevent cyber threats? I would greatly appreciate any information you can provide on this topic.,"I will provide general information on security measures to protect medical data in hospital systems, such as encryption, firewalls, and access controls. If you would like more detailed information, we can schedule a call at a convenient time to discuss further.",Request,Customer Service,medium,en,Security,IT,Tech Support,Documentation,,,,
Datenschutz,"Kontaktieren Sie uns für Informationen zur Sicherung medizinischer Daten in der Integration mit Microsoft Azure und DocuSign. Könnten Sie uns best Practices und verfügbare Werkzeuge nennen, die die Vertraulichkeit, Integrität und Verfügbarkeit sensibler medizinischer Daten gewährleisten? Wir freuen uns über weitere Hinweise und Ressourcen zum Thema. Vielen Dank für Ihre Unterstützung.","Sehr geehrte [Name], vielen Dank für Ihre Anfrage zum Datenschutz in Bezug auf die Microsoft Azure- und DocuSign-Integration. Wir nehmen die Sicherheit sensibler medizinischer Daten sehr ernst und unterstützen verschiedene Best Practices und Werkzeuge, um Vertraulichkeit, Integrität und Verfügbarkeit zu gewährleisten. Für die Microsoft Azure-Integration empfehlen wir die Nutzung von Azure Active Directory für die Identitäts- und Zugriffssteuerung sowie Azure Storage-Verschlüsselung zur Datenruhe. Für DocuSign empfehlen wir die Verwendung von zweifaktorauthentifizierung und sicheren Verschlüsselungsprotokollen. Wir freuen uns auf weitere Informationen und Ressourcen zum Thema. Vielen Dank für Ihre Unterstützung.",Request,Billing and Payments,medium,de,Security,Documentation,Feedback,IT,,,,
Required Pricing Details for Products,I would like to know the pricing and features for the Projektor and Blackboard Learn products. Could you please provide detailed information?,"Thank you for your email regarding pricing information for our products. We would be happy to provide detailed information about the Projektor and Blackboard Learn products. The pricing varies based on the specific features and services required, as well as the size and type of organization. To provide you with accurate information, could you please tell us a bit more about your needs for the products? Alternatively, you can call us for convenience to discuss your requirements and we can provide a personalized quote. I would be available to call you at <tel_num>.",Request,Billing and Payments,high,en,Feature,Product,Documentation,Feedback,,,,
Inquiry on Data Analytics Tools for Figma Integration,"Hello Customer Support, I am writing to inquire about data analytics tools that can be used with Figma for investment optimization. I am keen to learn about how these tools can aid in making data-driven decisions and enhancing my investment strategy. Could you kindly furnish me with recommendations for tools that integrate with Figma and offer features like data visualization, predictive analytics, and portfolio optimization? Additionally, I would greatly appreciate any details you could provide regarding the pricing and implementation process for these tools. Thank you for your time and assistance. I look forward to your response and await your prompt attention to this matter.","Hello [name], we appreciate your inquiry about data analytics tools that integrate with Figma for investment optimization. We currently offer several tools that include data visualization, predictive analytics, and portfolio optimization features. Some of the recommended tools are [tool_name] and [tool_name], which provide advanced analytics and integration with Figma. These tools can contribute to making data-driven decisions and improving your investment strategy. Concerning pricing and implementation, our team would be delighted to discuss these details further with you. Could you please specify a convenient time for a call so we can discuss your specific needs and provide you with more detailed information about the tools and their pricing? Alternatively, you can contact us at [tel_num] or reply to this email with your availability, and we will arrange a call at your earliest convenience.",Request,Technical Support,medium,en,Technical,Product,Feedback,Guidance,Integration,DataVisualization,PredictiveAnalytics,PortfolioOptimization
Guidance Required for Securing Medical Data,"Customer support, we are seeking guidance on securing medical data using the Smart-Waage Memrise facility. Could you provide us with the practices and protocols to ensure the confidentiality of patient data? We would greatly appreciate any resources that could help us implement a secure system.","Dear [Name], thank you for reaching out to our support team. We will provide you with the practices and protocols for securing medical data using the Smart-Waage Memrise facility. Please allow us to review your request and we will contact you at [Tel_num] to discuss and provide the necessary guidance to ensure the confidentiality of patient data.",Request,Billing and Payments,high,en,Security,Documentation,IT,Tech Support,,,,
Request for Information on Securing Medical Data with AWS in Hospital Systems,Seeking details on securing medical data using AWS hospital systems to ensure HIPAA compliance and protect sensitive patient information.,"Supply information on securing medical data using AWS, including HIPAA compliance measures such as encryption and access controls. Please inform a suitable time for a detailed discussion on hospital systems.",Request,Human Resources,medium,en,Security,IT,Tech Support,Documentation,,,,
Trouble with StreamCam during conference,"During a recent video conference, I encountered difficulties with my StreamCam. It seems the camera's performance was compromised, likely due to obsolete drivers. Despite restarting the camera and updating the software, the problem still exists. I am eager for your support in addressing this and guaranteeing smooth operation of my StreamCam for upcoming sessions. Kindly inform me of any further measures I can undertake or if a new camera is required.",I will provide you the necessary assistance for your StreamCam. Could you please share your operating system and camera model for more precise troubleshooting? I will contact you at a suitable time to resolve this issue.,Incident,IT Support,medium,en,Technical,Product,Bug,Performance,Hardware,Resolution,Follow-Up,
Campaign Metrics Problem,"Dear Customer Support, I am contacting you to address an issue with the campaign metrics. The details are as follows: Inconsistent campaign metrics with evident data discrepancies in the reports, which are a result of integration challenges with the Oracle Database. I've attempted to resolve the issue by restarting Zapier and adjusting Grammarly settings, but the problem remains unresolved. I kindly request you to investigate this matter and provide a solution at the earliest. Please inform me if you need further information from my side. I look forward to your response. Thank you for your time and help. Sincerely, [Your Name]",The issue has been reported and is currently being investigated.,Incident,Customer Service,medium,en,Technical,Bug,Integration,Database,Resolution,Investigation,,
Crash Report,The tools have experienced a crash.,"Dear <name>, we regret the issues you've encountered with our tools crashing. Could you share any additional details, like the specific error message and the actions you performed prior to the crash? This information will aid us in addressing and fixing the problem quickly. We will contact you shortly to offer further assistance.",Incident,IT Support,high,en,Crash,Technical,Feedback,Resolution,Follow-Up,,,
Investment Forecasts Did Not Meet Expectations Today,The models delivered inaccurate predictions. Likely due to insufficient data integration. Restarted Hadoop and verified the data origins.,"Dear <name>, I am responding to your email regarding the failure of investment forecasts today. I appreciate your swift actions of restarting Hadoop and validating the data sources. It seems that the models provided inaccurate forecasts possibly due to insufficient data integration. I would like to delve deeper into this and assist in finding a solution. Could you please share more details about the data sources you examined and the specific models that were unsuccessful? This information will aid me in understanding the issue better and proposing a more effective resolution. If needed, I can arrange a call to discuss this further at your convenience. Please let me know suitable times for you.",Incident,Customer Service,low,en,Technical,Bug,Performance,Resolution,Documentation,,,
Issue with Data Analytics Tool Producing Inconsistent Investment Forecasts,"Our data analytics tool is generating inconsistent investment forecasts. Recent software updates may be causing data integration issues. We have restarted the application and checked the data sources, but the errors and issues still persist. Assistance is needed to resolve this issue.",Please review the issue with your data analytics tool and contact us at <tel_num> to discuss scheduling a troubleshooting session to resolve the inconsistent investment forecasts issue. Your account number is <acc_num>.,Problem,Technical Support,high,en,Bug,Performance,Feature,IT,Tech Support,,,
Problem with Investment Return Forecasting Tool,"The analysis tool is generating inconsistent forecasts. The team has reviewed recent data and attempted to recalibrate the models, but without success. We need assistance to resolve this issue.","The Service Desk under <name> is here to help with the issue regarding the analysis tool producing inconsistent forecasts. We understand that the team has reviewed recent data and attempted to recalibrate the models, but without success. To better assist you, we would need more details on the specific errors and inconsistencies you are seeing in the forecasts. Please provide any examples of the issues you are experiencing so we can work with the technical team to resolve the matter. Let's schedule a call at a convenient time to discuss the necessary steps.",Incident,Returns and Exchanges,low,en,Bug,Performance,Feature,Feedback,IT,Tech Support,,
Mehrere Integrationsprobleme aufgrund von Server-Überlastungen,"Sehr geehrte Kundenservice-Abteilung,\n\nich melde mich, um eine Reihe von Synchronisationsstörfällen mitzuteilen. Die Ursache lag in einer Überlastung unserer Server, was zu Problemen zwischen verschiedenen Diensten führte. Daraus resultierte, dass einige unserer Einrichtungen nun nicht mehr korrekt funktionieren, und wir konnten sowohl Ein- als auch Ausgabe von Daten nicht durchführen.\n\nWir haben versucht, das Problem durch Dienstneustarts, Kontrolle der Protokolle auf mögliche Fehler und Überprüfung der Konfigurationen zu beheben, um sicherzustellen, dass alles korrekt eingerichtet ist. Allerdings besteht das Problem weiterhin, und wir bemerken immer noch Mängel bei unseren Systemen.\n\nEs wäre mir eine Freude, wenn Sie die Notwendigkeit in Betracht ziehen könnten, dieses Problem zu lösen, und die Lösung so schnell wie möglich in die Tat umzusetzen. Bitte lassen Sie mich wissen, ob Sie weitere Einzelheiten benötigen, um dieses Problem zu untersuchen. Ich stehe Ihnen gerne zur Verfügung, um zusätzliche Details zu teilen oder Ihre Fragen zu beantworten, die Sie haben mögen.\n\nIch danke Ihnen im Voraus für Ihre Unterstützung bei dieser Angelegenheit und freue mich darauf, bald von Ihnen zu hören.\n\nMit freundlichen Grüßen,\n[Name]","Sehr geehrte [Name], ich werde mich dem Server-Überlastungsproblem widmen, das zu mehreren Integrationsstörungen geführt hat. Um Ihnen besser zu helfen, bitte ich Sie, die Angaben <acc_num> sowie eine ausführliche Beschreibung der aufgetretenen Fehlermeldungen zu senden. Es könnte sein, dass ich Sie kontaktieren muss, um zusätzliche Informationen zu erhalten. Könnten Sie, falls nötig, am <tel_num> zur Verfügung stehen? Ich werde mich so bald wie möglich darum bemühen, dieses Problem zu lösen.",Incident,Sales and Pre-Sales,low,de,Technical,Customer,Outage,Bug,Server,Integration,Resolution,
Possible Data Breach Impacting Medical Data Security,"A potential data breach that may affect medical data security has been identified. This could be due to weak access controls or outdated software. Immediate actions taken include updating antivirus definitions, tightening user permissions, and assessing system logs for any suspicious activity. The seriousness of this incident is not lost on us, and we are actively working to resolve it promptly.","We appreciate the prompt notification about the potential data breach affecting medical data security. We acknowledge the measures taken, such as updating antivirus definitions and tightening user permissions. To assist in resolving the incident, please provide us with details such as the breach date, time of occurrence, and any suspicious activity found in the system logs. We will work closely with you to ensure the issue is resolved promptly and the security system is restored.",Incident,Product Support,low,en,Security,Virus,IT,Tech Support,,,,
Protocols for Safeguarding Medical Information,"I am seeking information on the security measures recommended for storing medical data and managing hospital IT systems. Can you share the best practices for securing sensitive patient details? I am interested in learning about encryption techniques, control mechanisms for access, and network security strategies. Moreover, could you inform me about any regulatory requirements that must be adhered to for medical data management? I eagerly await your response on this critical matter.","We can discuss the security protocols for medical data storage, including encryption methods and access controls. Our practices comply with regulations like HIPAA. I am willing to provide more details, would it be convenient for you if I call you?",Request,IT Support,high,en,Security,Compliance,Medical,Guidance,Documentation,Network,Protection,Regulation
Assistance Required for API Integration,Could you provide details on the API integration capabilities and project management services?,Details on API integration capabilities and project management services will be provided via email or a scheduled call.,Request,Product Support,low,en,Feature,IT,Tech Support,,,,,
Issue with Data Processing Tool,"Dear Customer Support,<br><br>I am writing to report a problem with our data processing tool. The tool has encountered a hang-up, which has hindered the optimization of our investments. We have restarted the system and checked for updates, but the issue persists.<br><br>Possible causes could be insufficient GPU resources or software conflicts. We have not been able to identify the root cause of the problem, and we need your assistance to resolve this issue. Could you please investigate and provide a solution at your earliest convenience? We would appreciate any guidance on how to troubleshoot or resolve the issue. If there are any additional steps we need to take or information we need to provide, please let us know.<br><br>Thank you for your time and support. We look forward to your response.<br><br>Sincerely,<br>[Your Name]","Dear [Name],<br><br>I am writing to confirm receipt of your email regarding the issue with your data processing tool. I apologize for the inconvenience you have experienced and appreciate the self-diagnostic steps you have taken. To further investigate this problem, I kindly request you to provide more information about your system configuration, including GPU resources and software versions. This information will assist me in better understanding the issue and offering a precise solution. If necessary, I may need to schedule a phone call to discuss this further. If you are available for a call at a given time, please let me know. I will do my best to support you as swiftly as possible in this matter.<br><br>Thank you for your cooperation.<br><br>Sincerely,<br>[Customer Support Agent]",Incident,Technical Support,high,de,Technical,Bug,Performance,Resolution,Guidance,Documentation,Crash,
Support Required for Data Breach,"Patient records were exposed due to a firewall misconfiguration. I've attempted to restart the server and review firewall settings, but the problem continues. Assistance is needed to address this issue.","I am ready to assist with the data breach. To provide better support, please share details about your firewall and server. We can schedule a call at a time convenient for you to discuss and resolve the matter.",Problem,Technical Support,high,en,Security,Breach,Technical,Outage,Maintenance,Resolution,Incident,
Investment-Prognose-Funktion-Plötzlich-Nicht-Verfügbar-Seit-Heute-Morgen,"Die Prognosen wurden unterbrochen. Versuche, den Server neu zu starten und die Verbindungen zu überprüfen.",Ich werde den Fehler mit den Investment-Prognosen untersuchen. Könnten Sie bitte zusätzliche Details liefern oder möchten Sie eine Rückrufanfrage an <tel_num> vornehmen?,Incident,Technical Support,high,de,Technical,Bug,Feature,Resolution,Outage,,,
Hinweise zur Synchronisierung von Datenaufbereitungstools,"Unser finanzielles Unternehmen hat Schwierigkeiten bei der Synchronisierung von Datenaufbereitungstools und Investitionsplattformen. Es scheint, dass Softwarekompatibilitätskonflikte auf Änderungen in den APIs zurückzuführen sind. Wir haben bereits versucht, die Anwendungen neu zu starten, die Caches zu leeren und Aktualisierungen zu suchen, aber das Problem behält sich bestanden. Ich schätze, Sie die Angelegenheit zu untersuchen und bald eine Lösung bereitzustellen.","Sehr geehrte/r [Name], ich möchte Ihnen mitteilen, dass wir Schwierigkeiten haben, bei der Synchronisierung von Datenaufbereitungstools und Investitionsplattformen. Es handelt sich um ein finanzielles Unternehmen. Wir haben bereits versucht, die Probleme zu beheben, indem wir die Anwendungen neu gestartet, die Caches geleert und Aktualisierungen gesucht haben. Um das Problem besser zu verstehen, könnten Sie bitte Details zu den verwendeten Software- und API-Versionen liefern. Ich wäre Ihnen dankbar, wenn Sie ein Telefonat vereinbaren könnten, um die Angelegenheit zu besprechen. Bitte geben Sie mir eine geeignete Zeit für den Anruf [Telefonnummer]. Ich schätze es, wenn Sie bald mit einer Lösung zur Verfügung stellen.",Problem,Product Support,high,de,Bug,Performance,IT,Tech Support,,,,
Probleme mit den Web-Analytics-Daten,"Ich melde mich an, um ein plötzliches Verschwinden der Web-Analytics-Daten zu melden. Das Problem könnte auf eine Synchronisationsproblematik hindeuten. Ich habe bislang meine Dashboard-Einstellungen überprüft und meinen Browser neu gestartet, aber das Problem ist leider weiterhin bestandig. Ich würde es sehr geschätzt haben, wenn Sie sich dieser Angelegenheit zuwenden und so schnell wie möglich eine Lösung finden könnten.Bitte informieren Sie mich, wenn Sie weitere Informationen benötigen, um das Problem zu klären.","Ich werde das Problem ermitteln und Sie kontaktieren, falls weitere Informationen erforderlich sind.",Incident,Technical Support,high,de,Technical,Analytics,Bug,Resolution,Feedback,,,
Systemanforderungen,"Ich richte mich an Sie, um detaillierte Informationen über die Systemanforderungen für die Integration von Pinnacle Studio 24 mit Smartsheet zu erhalten. Könnten Sie mir bitte die nötigen Informationen zur Verfügung stellen, um die Integration erfolgreich durchzuführen? Es wäre hilfreich, wenn Sie Beschreibungen zur Betriebssystemversion, dem Prozessor und der Speicherkapazität enthalten würden. Gibt es auch spezielle Programme oder Plugins, die für die Integration notwendig sind? Ich danke Ihnen im Voraus für Ihre Unterstützung und Ihre Zeit.","Sehr geehrte <name>, vielen Dank für Ihre Anfrage hinsichtlich der Integration von Pinnacle Studio 24 mit Smartsheet. Um die Integration zu ermöglichen, stellen Sie sicher, dass Ihr System die Mindestanforderungen erfüllt: einen 64-Bit-Betriebssystem, einen mehrkernigen Prozessor und mindestens 4GB an Arbeitsspeicher. Darüber hinaus müssen Sie das Smartsheet-Plugin für Pinnacle Studio installieren. Ich freue mich, weitere Details zu besprechen und Ihnen bei Bedarf weitere Fragen zu beantworten. Würde es Ihnen möglich sein, telefonisch zu kommunizieren, oder wünschen Sie sich lieber zusätzliche Informationen per E-Mail?",Request,Product Support,medium,de,Technical,Product,Integration,Documentation,Guidance,,,
Concern Regarding Investment Forecast Analysis,"Recent data analysis has not produced accurate investment forecasts. This may be due to errors in the data integration algorithm. After attempting to re-run the analysis with fresh data, the results remain inconsistent. Please help us resolve this issue.",We are reviewing the issue with the investment forecast analysis and would like to discuss it with you. Could you please provide more details on the analysis data used and the specific results you are seeing? It would be convenient for us to call at your earliest convenience. Please let us know a good time to reach you at <tel_num>.,Problem,IT Support,high,en,Bug,Performance,Feedback,Documentation,,,,
Kundensupport,"Ich benötige weitere Informationen zur Integration von PrestaShop und Zapier sowie zur Erweiterung digitaler Marketingstrategien. Ich möchte Möglichkeiten zur Automatisierung erkunden, um die Leistung meiner Online-Handelssite zu verbessern.","Bitte besuchen Sie die Website für weitere Informationen zur Integration von PrestaShop und Zapier sowie zur Erweiterung digitaler Marketingmaßnahmen. Sie können uns auch an der Nummer <tel_num> anrufen, um Möglichkeiten zur Automatisierung zu besprechen und Details zur Verbesserung der Leistung Ihrer Online-Handelssite zu erhalten. Die Kontonummer ist <acc_num>.",Request,Technical Support,low,de,Feature,Feedback,Tech Support,,,,,
Boost Brand Expansion Tactics,"Customer Support, seeking insights into digital strategies that can enhance brand growth. Would appreciate detailed information on methods and techniques that could help increase brand visibility and engagement. I am particularly keen on learning about the approach to social media marketing and content creation. Thank you for your time and assistance. Looking forward to hearing from you soon. Your insight would be invaluable in helping me understand and improve the brand's online presence.","<name>, thank you for your interest in digital strategies for brand growth. Our team uses various methods, including social media marketing and content creation, to increase brand visibility and engagement. I would be happy to discuss this further with you and am available to call at <tel_num> to provide tailored information to enhance your brand's online presence.",Request,Customer Service,medium,en,Feedback,Sales,IT,Tech Support,,,,
Issue with Data Analytics Tool,"Hello customer support, I am facing problems with the data analytics tool. My investment forecasts have failed because of inconsistent data feed. I have already restarted the systems and verified the data feed, but the issue still exists. Can you assist me in resolving this? I need help to find the root cause and a solution. Thank you for your quick response to this matter.","Hello [Name], We have received your email regarding the issue with the data analytics tool. We regret the inconvenience you are encountering with your investment forecasts due to inconsistent data feed. To effectively assist you, we need more information about the error messages you are receiving and the steps you have already taken. Could you please provide details about the feeds and systems you have checked and restarted? If necessary, we can arrange a call at a mutually convenient time for further discussion and troubleshooting. Please let me know a suitable time to call you at [Phone Number], or if you prefer to continue the conversation via email. We will work to identify the root cause and provide a solution as swiftly as possible.",Incident,Technical Support,high,en,Technical,Product,Bug,Performance,Resolution,Documentation,Feedback,
Query on Pricing Providers and Billing Details for SaaS Project Management Solution,"Dear Customer Support, I would like to request detailed information about pricing providers and billing periods for the SaaS project management solution. Could you provide more details on different plans, including any potential discounts for long-term commitments or bulk purchases? The billing information, including payment frequency and any associated fees or services, would be greatly appreciated. This information will help our team make an informed decision about implementing the solution. Thank you for your time and support. I look forward to your prompt response.","Dear [Name], we appreciate your interest in our SaaS project management solution. We are pleased to provide you with the requested information on pricing providers and billing details. We offer various plans to cover different needs and budgets, including discounts for long-term commitments and bulk purchases. Billing periods are typically monthly or annual, and payments can be made via credit card or bank transfer. Additional fees for certain features or services may apply, and we are happy to provide more details. To ensure you receive the most accurate and relevant information, please let us know how we can assist you further.",Request,Billing and Payments,high,de,Billing,Payment,Sales,Refund,Account,,,
Hospital Security Enhancements,"Customer Support, requesting the enhancement of security protocols for all hospital systems and related software to safeguard medical data. It is crucial to protect sensitive patient information and prevent data breaches. I would greatly appreciate it if this matter could be addressed urgently to ensure the necessary measures are implemented. Thank you for your attention to this matter. I look forward to hearing from you soon.",<name> acknowledges the request to enhance security protocols for hospital systems to protect medical data. A review will be conducted to implement necessary measures to prevent data breaches. Please contact <tel_num> to discuss the details and provide a timeline for implementation. Thank you for bringing this matter to our attention regarding <acc_num>.,Change,Customer Service,low,en,Security,IT,Tech Support,Feedback,,,,
Antrag auf technische Unterstützung,"Liebe Kundenservice-Team, wir erleben störende Unterbrechungen unserer Anwendung, die sich auf die Serverkapazität zurückführen lassen. Trotz des Neustarts der Server und der Überwachung der Verkehrsdynamiken sind die Probleme weiterhin bestehen geblieben. Wir schätzen eine schnelle Unterstützung bei der Behebung dieses Problems und bitten um Maßnahmen, die den Einfluss auf die Nutzer minimieren. Bitte geben Sie uns die nächsten Schritte an und informieren Sie uns darüber, welche Bedingungen erfüllt werden müssen, um die Serverkapazität zu erhöhen. Wir stehen Ihnen zur Verfügung, um zusätzliche Informationen bereitzustellen, falls diese benötigt werden. Vielen Dank für Ihre schnelle Bearbeitung dieser Angelegenheit.","Wir werden den Fall prüfen und Sie über <tel_num> zur Diskussion der weiteren Schritte informieren, einschließlich der möglichen Servererhöhungen. Wir erwarten eine Rückmeldung innerhalb der nächsten 24 Stunden und werden die Anwendungsunterbrechung fortsetzen, sobald die notwendigen Schritte getroffen wurden.",Incident,IT Support,high,de,Bug,Performance,Network,Outage,IT,Tech Support,,
Problems with the Data Processing Tachograph,"The data processing tachograph was not available during execution, which might be due to software compatibility issues. I restarted the systems and checked the network connections, but the problem persists.",I will investigate the issue with your data processing tachograph and contact you at <tel_num> to discuss further steps for resolving the problem or potential software updates.,Incident,Service Outages and Maintenance,medium,de,Technical,Network,Performance,Bug,Documentation,,,
Improvement of Project Timeline,"Hello customer support, I am reaching out to suggest an enhancement to the project timeline. It would be very helpful if there were customizable filters to make the user experience better. This would enable users to swiftly and easily see particular tasks and deadlines, boosting productivity and efficiency. I think this feature would be a significant upgrade to the current project management tools. Thank you for considering my suggestion.","We value your feedback and are grateful for taking the time to share your ideas with us. We recognize the importance of customizable filters in the project timeline and agree that it can greatly enhance the user experience. Your suggestion will be considered, and we will discuss its feasibility with our development team for a future update. We will keep you informed about any progress and appreciate your input in improving our project management tools. Your feedback is highly valued and will be carefully reviewed.",Change,Technical Support,high,en,Feature,Feedback,Improvement,Project,UserExperience,Customization,Development,Enhancement
Needed: Technical Support,Several tools stopped working at the same time because of a network issue.,"We regret the inconvenience caused by the network problem. Our team is actively addressing the issue and will work on resolving it as quickly as possible. Please attempt to restart the tools and see if the problem still exists. If the issue continues, we will dispatch a technician to help you. We appreciate your patience and will update you on the repair status.",Problem,IT Support,high,en,Technical,Network,Issue,Tool,Support,,,
Anfrage zur Unterstützung bei Software-Integrationsschäden,"Es gibt kritische Fehler in der Software-Integration, die zu Disparitäten in den Projektdaten auf verschiedenen Plattformen führen. Es könnte sein, dass die neuesten API-Updates den Konflikten zugrunde liegen. Trotz des Versuchs, das Problem zu beheben, indem Caches gelöscht und Dienste neu gestartet wurden, besteht der Fehler. Dies erfordert unverzügliche Aufmerksamkeit.","Bitte überprüfen Sie den Eintrag zur Software-Integration und rufen Sie uns unter <tel_num> an, um weitere Maßnahmen zu besprechen und eine Lösung einzuleiten.",Incident,Technical Support,high,de,Bug,Performance,IT,Tech Support,,,,
Unexpected Crash of Digital Campaign Today,Our digital campaign has crashed. Rebooted the systems and reviewed the logs.,I have noted your concern about the digital campaign crash. Could you please share the error messages found in the logs for a deeper analysis and to assist in resolving the issue?,Incident,Technical Support,high,en,Crash,Outage,Bug,Documentation,Resolution,Technical,,
Problem with Billing Accuracy for SaaS Subscription,"There were recent discrepancies in the billing for my SaaS subscription, which I believe are due to a delay in the payment processing system. I have already checked and updated my payment information, but the issue persists. Could you please help resolve this as soon as possible?","Let's review your SaaS subscription account to address the billing discrepancy issue. To assist further, I may need to contact you. It would be convenient to discuss the details over a call regarding account <acc_num>. We will work on resolving the issue with the delayed payment processing system.",Incident,Billing and Payments,low,en,Billing,Payment,Disruption,IT,,,,
Unexpected Data Encryption Failure Following Software Update,"There has been an unexpected data encryption failure, which might be due to an issue with the recent software update. Initially, we tried restarting the servers, but the problem still exists. Additional support is needed to address this and avoid potential data loss.",I will look into the data encryption failure. Could you please provide details about the software update and the server logs for further examination and assistance to prevent potential data loss? I will contact you at <tel_num> to discuss the next steps.,Incident,Service Outages and Maintenance,high,en,Technical,Bug,Security,Crash,Resolution,Documentation,,
Probleme mit der Verlautbarkeit medizinischer Daten während einer VR-Ausbildung,"Während einer VR-Ausbildungs-Simulation gab es Probleme mit der Verlautbarkeit medizinischer Daten aufgrund mangelnder Verschlüsselung. Ich habe versucht, das System neuzustarten und die Verschlüsselungs-Einstellungen zu überprüfen, aber das Problem tritt weiterhin auf. Ich würde mich freuen, Unterstützung bei der Lösung dieses Problems zu erhalten, um weitere Verlautbarkeiten zu vermeiden.","Ich untersuche derzeit das Problem mit der Verlautbarkeit medizinischer Daten während Ihrer VR-Ausbildung. Um Ihnen bestmöglich zu helfen, bitte geben Sie mir mehr Details zu den Verschlüsselungs-Einstellungen, die Sie bereits überprüft haben. Ich werde eine Telefonkonferenz planen, um dieses Problem zu lösen, sobald es Ihnen am besten passt.",Problem,Product Support,high,de,Technical,Training,Security,Feedback,Documentation,Bug,Incident,
Strategies for Brand Growth in the Digital Realm,"Hello customer support, I am contacting you to ask about the digital strategies available for boosting my brand's growth and development. Can you give me more information on the services you provide? I am eager to find out how your company can assist my brand's expansion in the digital domain. Could you specify which services you offer and how they could be advantageous for my business? I am looking forward to your response and further details on your offerings.","We provide a range of digital strategies for brand growth, such as social media management and online advertising. I will contact you at <tel_num> to discuss how our services can be beneficial for your business.",Request,Technical Support,low,en,Customer,Strategy,Growth,Digital,Brand,OnlineAdvertising,SocialMediaManagement,
Medical Data Security Protocols Inquiry,"Hello customer support, I am contacting you to seek information on the established security protocols for the storage and transmission of medical data. Given the sensitivity and confidentiality of medical data, it is crucial to ensure its proper handling and protection. Could you share with me the steps taken to prevent unauthorized access, data breaches, and other security risks? I would also appreciate any recommendations or guidelines you have on this topic. Thank you for your attention and assistance. I await your response.",I will examine our medical data security protocols and will send you comprehensive details on the measures that prevent unauthorized access and data breaches. I will reach out to you at your convenience for further discussion.,Request,Technical Support,medium,en,Security,Breach,Documentation,Guidance,,,,
Unforeseen System Downtime Reported,"Dear Customer Support,\n\nI am inquiring about an unforeseen system downtime that has occurred, leading to significant operational disruptions. The cause of the downtime is currently under investigation; it may have been due to an overload or a technical glitch, but the precise reason remains unclear.\n\nSo far, we have attempted to restart the services, reviewed the logs for any errors, and monitored system performance. Despite these efforts, the issue persists, and we require additional assistance to address the problem.\n\nHere is a summary of the issue:\n\n**What happened:** The system unexpectedly went down, causing a loss of productivity and efficiency.\n\n**Possible causes:** We suspect the downtime might be due to an overload or a technical glitch, but further investigation is needed to confirm the root cause.\n\n**What was done so far:** Our team has restarted the services, checked the logs for errors, and monitored the system's performance to identify any potential issues. However, the problem remains unresolved.\n\nWe hope you can urgently investigate this matter and provide a solution to get our system back online as soon as possible.\n\nThank you for your prompt attention to this issue.\n\nBest regards,\n[Your Name]","Dear [Your Name], thank you for reporting the unforeseen system downtime issue. I apologize for the disruptions this has caused to your operations. To better assist you, I would like to schedule a call to discuss the issue in more detail. Are you available for a call at your convenience? In the meantime, please confirm your account number [acc_num] and the exact time the downtime occurred. This information will help me to investigate the issue further and work towards a resolution as soon as possible. I appreciate your prompt attention to this matter and look forward to speaking with you soon to resolve the issue. Please let me know a suitable time for the call at [tel_num].",Incident,Service Outages and Maintenance,high,en,Outage,Technical,Disruption,Incident,Resolution,Investigation,System,Support
Crashing Data Analytics Program,The data analytics program is causing issues with investment evaluations because of outdated drivers.,"I will send an acknowledgment email regarding the crashing data analytics program due to outdated drivers. I recommend resolving the issue by updating to the latest driver version. If you need assistance with the update process, please let me know; I am happy to guide you through a scheduled call at your convenience to walk you through the steps.",Problem,IT Support,medium,en,Bug,Crash,Performance,IT,Tech Support,,,
Request for Implementation of Advanced Data Visualization Tool,It is my intention to request the incorporation of a new data visualization tool to improve our investment analytics. The tool must offer interactive and dynamic visualizations to assist investors in making well-informed decisions.,Your request for a new data visualization tool to enhance investment analytics has been noted. I will review this with our development team. Please contact me at <tel_num> so we can gather more details regarding your requirements.,Change,IT Support,medium,en,Technical,Product,Feature,Implementation,Documentation,Guidance,,
Data Analytics Platform Stopped Working Today Unexpectedly,"The data analytics platform has stopped functioning. It could be due to recent Ubuntu updates that are not compatible. We have tried restarting the system and reviewing the logs, but the problem persists.",I will look into the issues with the data analytics platform. Could you please send over the system logs for a more detailed examination? I will reach out to you at <tel_num> if further details are required.,Incident,Technical Support,high,en,Technical,Outage,Bug,Software,Resolution,Documentation,,
Erweiterte Berichtsfunktionen sind dringend notwendig,"Ich bitte um die Implementierung von erweiterten Berichtsfunktionen, die die Transparenz in Projekten erhöhen und die Analysefähigkeit verbessern werden. Ich freue mich auf Ihre Rückmeldung.",Unsere Abteilung wird Ihre Anfrage zur Einleitung von erweiterten Berichtsfunktionen unverzüglich in Betracht ziehen und bearbeiten.,Change,Product Support,high,de,Feature,Feedback,Implementation,Reporting,Enhancement,,,
Marketing Firm Data Synchronization Problem Noted,"The marketing firm encountered data synchronization issues across various platforms, leading to disruptions in campaign management because of network configuration and software compatibility problems. Steps taken include restarting devices and verifying network connections.","<name> has noted the data synchronization problem reported by the marketing firm. It is understood that initial troubleshooting steps, such as restarting devices and checking network connections, have already been taken. Further investigation is required, and we request detailed information about the network configuration and the software used across the platforms. Please provide specific error messages observed and details on the platforms affected. A call might be necessary to discuss the issue further.",Incident,Technical Support,medium,en,Network,Disruption,Performance,IT,Tech Support,,,
Guidelines for Securing Medical Data on Brother HL-L8360CDW Printers in Hospital Systems,Please provide instructions for securing medical data on Brother HL-L8360CDW printers within hospital systems to ensure confidentiality and compliance.,"To secure medical data on Brother HL-L8360CDW printers in hospital systems, ensure that encryption and secure printing protocols are enabled. Use a secure network connection and limit access to authorized personnel. Regularly update the printer firmware and utilize secure data deletion methods. For detailed guidelines on compliance requirements, please contact <tel_num> or refer to the website for specific documentation on securing medical data for the printer model. We can schedule a call to discuss further.",Request,Technical Support,medium,en,Security,Documentation,IT,Tech Support,,,,
,"Seeking guidance on integrating Zapier with existing data analytics tools. Would appreciate detailed information on the process. I am eager to learn how Zapier can help us streamline data analysis and automate tasks. Specifically, I would like to know the types of data analytics tools that are compatible with Zapier's requirements for integration. Thank you for your time and assistance. I look forward to hearing back soon.","Thank you for your interest in integrating Zapier with data analytics tools. Zapier is compatible with a wide range of data analytics tools, which allows for streamlined data analysis and automation of tasks. To determine the best approach for integration, could you please provide specific details about your existing tools? I hope this will help us achieve our goals. I would be happy to discuss this further and am available to call at <tel_num> to explore our options.",Request,Billing and Payments,medium,en,Feature,Documentation,IT,Tech Support,,,,
Issues with Billing for Various Products Requiring Support,"I am facing billing discrepancies for several products. This might be due to recent system updates or integration issues. Despite trying to reconcile transactions and verify my account settings, the issues still persist. Could you please look into this matter and provide a resolution as soon as possible?","We are investigating the billing discrepancies affecting multiple products. To better understand the issue, could you please provide details on the discrepancies you are experiencing, including the specific products and the date when the issues started? Additionally, it would be helpful if you could confirm your account number and a convenient time for us to call at <tel_num> to discuss this matter and work towards a resolution.",Incident,Billing and Payments,high,en,Billing,Payment,Account,Support,Disruption,Recovery,,
Advice,Could you offer advice on securing medical data in Laravel 8 hospital systems? It's important to ensure confidentiality and integrity.,I can provide advice on securing medical data in Laravel 8. Please allow me to call at <tel_num> to discuss and determine the appropriate course of action for your hospital systems.,Request,Product Support,medium,en,Feedback,Security,IT,,,,,
Occasional LED Monitor Flickering Problem,"I am encountering random flickers on my LED monitor, which might be related to GPU overload. Despite restarting my computer and closing OBS Studio, the problem continues. The flickers occur sporadically and without pattern, which is quite disruptive for my work. My graphics drivers are currently up to date. Could you help me troubleshoot this issue?",I will look into this further. Please share your system configuration and the frequency of these flickers so I can assist you better.,Incident,Product Support,low,en,Technical,Bug,Hardware,Crash,Resolution,Feedback,,
Request for Integration Update Information,I am reaching out to request details on the integration update for my compatible software and hardware. My goal is to ensure an uninterrupted project management flow. Could you elaborate on the update and its enhancements? I would also appreciate any advice on how to proceed with the update and the benefits it will bring to my operations.,"Dear <name>, thank you for your email concerning the integration update. This update improves compatibility and workflow efficiency, facilitating smoother project management and enhanced data synchronization. To install the update, please visit our website for the download instructions. Should you require assistance, I can arrange a call to guide you through the process at your convenience. Please let me know a suitable time to contact you at <tel_num> for further discussion.",Change,IT Support,low,en,Technical,Integration,Guidance,Documentation,Routine,Update,Compatibility,Workflow
Support Required for System Outages,We are facing system outages across multiple integrations on our SaaS project management platform following recent updates that have caused compatibility issues.,"We need to address the system outages impacting our SaaS project management platform. To better assist you, we require details on the recent updates and integrations involved. Could you please provide more information so we can discuss a solution at your convenience?",Incident,Technical Support,high,en,Outage,Disruption,Performance,IT,Tech Support,,,
Protection of Medical Data,"Is it possible to get detailed information on securing medical data in MySQL Laravel 8 hospital systems? I would greatly appreciate advice on encryption methods, access controls, and data backup strategies to ensure the confidentiality and integrity of patient information.","I will provide information on securing medical data using MySQL Laravel 8, including encryption methods and access controls.",Request,Billing and Payments,high,en,Security,Backup,Performance,Documentation,,,,
Marketing-Project,Could you provide detailed information on the optimization of ClickUp Marketing projects? Thank you!,I am pleased to assist with optimizing ClickUp Marketing projects. Please provide more details so I can give appropriate recommendations and advice based on your current configuration and goals.,Request,IT Support,medium,de,Feedback,Feature,Documentation,Sales,,,,
Sudden Increase in Server Response Time,"There has been a notable rise in server response times which is impacting user experience. Potential reasons for this could be an increase in traffic or issues with database queries. Steps have already been taken to optimize recent queries and scale server resources. Further investigation is needed, and we would like to discuss the current server configuration and any recent changes. Could you please provide more details on the increased traffic and database query issues? We can be reached at <tel_num> to discuss the next steps at a mutually convenient time. Thanks, <name>","Acknowledging the server response time issue that is affecting users. Initial steps have been taken to optimize queries and scale resources. Further investigation is required, and we would like to discuss the current server configuration and recent changes. Could you please provide details on the increased traffic and database query issues? We can be contacted at <tel_num> to discuss possible next steps at a convenient time. <name>",Problem,Technical Support,high,en,Performance,Network,Disruption,IT,Tech Support,,,
Ein unerwarteter Rechnungsungsfehler trat heute auf,"Sehr geehrte Kundensupport, ich bin derzeit von einem unerwarteten Rechnungsungsfehler betroffen. Dieser Fehler könnte ein Indikator für ein Problem bei der Software-Integration sein. Ich habe mein System schon neugestartet und meine Kontoeinstellungen überprüft, ohne dass der Fehler beseitigt wurde. Könnten Sie mir bitte bei der Lösung dieses Problems helfen? Ich schätze jede Unterstützung, die Sie mir bieten können, um mein Rechnungssystem wieder in Ordnung zu bringen.","Sehr geehrte <name>, wir entschuldigen uns für den unerwarteten Rechnungsungsfehler, den Sie derzeit erleben. Wir schätzen die Schritte, die Sie zur Suche nach einer Lösung unternommen haben. Für weitere Hilfe bitten wir Sie, uns den spezifischen Fehlerhinweis näher zu beschreiben, der Ihnen begegnet ist, sowie eventuelle kürzlich durchgeführte Änderungen an Ihren Kontoeinstellungen oder Software-Integrationen. Diese Informationen werden uns helfen, das Problem zu analysieren und eine Lösung anzubieten. Wenn nötig, können wir auch telefonisch in Kontakt treten, um die Details zu besprechen und das Problem so schnell wie möglich für Ihr Konto zu beheben. Bitte teilen Sie uns mit, wann es Ihnen am besten passt, auf <tel_num> anzurufen, damit wir uns über den Fehler unterhalten und eine Lösung finden können.",Incident,Billing and Payments,medium,de,Billing,Customer,Bug,Resolution,Feedback,,,
Problem mit der Rechnung,"Die Abrechnung für digitale Dienstleistungen von Agenturen wurde versehentlich zweimal berechnet, was zu Cash-Flow-Problemen durch einen Systemschaden geführt hat.","Sehr geehrte [Name],\n\nich möchte Ihnen mitteilen, dass ich Ihre E-Mail bezüglich des Rechnungsproblems für digitale Dienstleistungen erhalten habe. Wir entschuldigen uns für den Systemschaden, der zu einem doppelten Abzug auf Konto [acc_num] geführt hat. Wir werden die korrekten Maßnahmen ergreifen, um den fehlerhaften Abzug rückgängig zu machen. Bitte geben Sie uns Zeit, damit wir uns damit befassen und Ihnen bald eine Lösung mitteilen können. Wenn Sie möchten, diskutieren Sie das Problem, melden Sie sich bitte, wann es Ihnen gelegen kommt, um telefonisch Kontakt aufzunehmen, unter [tel_num].\n\nMit freundlichen Grüßen,\n[Your Name]",Problem,Billing and Payments,high,de,Billing,Bug,Performance,IT,Tech Support,,,
Login Issue Possibly Linked to Caching,"Today in the morning, I encountered an unexpected login failure. This could be a caching problem or a server glitch. Steps already taken: Cleared the browser cache and restarted the browser. Unfortunately, I'm still unable to log in.",Kindly attempt to clear your cookies and restart the browser once more.,Incident,Technical Support,low,en,Login,Bug,Crash,Documentation,Guidance,,,
kritische Leistungsprobleme bei der SaaS-Plattform,"Betreff: Leistungsprobleme bei unserem Projektmanagement SaaS-System. Wir haben Kompatibilitätsprobleme mit macOS Monterey festgestellt und bemühen uns, die Ressourcenallokation in Azure zu optimieren. Bis jetzt haben wir das System neu gestartet und den Cache geleert, aber das Problem behält sich bestehen. Wir benötigen dringend Unterstützung, um weitere Störungen zu vermeiden. Bitte untersuchen Sie den Fall und bereiten Sie eine Anleitung für die Optimierung der Ressourcenallokation und die Erreichbarkeit der Kompatibilität mit der neuesten macOS-Version vor. Danke für Ihre schnelle Unterstützung bei dieser Angelegenheit.",Wir werden die Leistungsprobleme bei Ihrem SaaS-System sofort untersuchen und zusätzliche Informationen einbeziehen.,Incident,Product Support,high,de,Performance,Disruption,IT,Tech Support,,,,
Support Request: Issue with Investments Optimization Platform,"I am reaching out to report a problem with the investments optimization platform. The platform has frozen, and I suspect it may be related to a glitch in the data analytics software. Despite attempting to restart the system and verify network connectivity, the issue still persists. I would be very grateful if you could look into this situation and provide a solution at your earliest convenience. Please inform me if you require any additional information from me to address this issue. I look forward to your response and appreciate your assistance.","I am responding to your email regarding the issue with the investments optimization platform. I apologize for the inconvenience you are experiencing and appreciate the troubleshooting steps you have already taken. To assist in investigating this matter, could you please provide the exact error message you are seeing when the platform freezes, along with the version of the data analytics software you are using? Additionally, it would be helpful to know the approximate time the issue occurred. If needed, I may require a call to discuss further details, and I am available for a call at your convenience. I will be in touch with a resolution or further questions shortly. Thank you for bringing this to our attention.",Incident,IT Support,high,en,Technical,Bug,Performance,Resolution,Documentation,Crash,Follow-Up,
Bericht über einen Fehler bei der Excel-Integration,"Lieber Kundensupport, ich möchte Ihnen melden, dass ein Fehler bei der Excel-Integration meinen Daten in den Projekten zu einem Verlust geführt hat. Der Fehler könnte auf unkompatiblen Softwareupdates oder Konflikten zurückzuführen sein. Ich habe bereits versucht, meinen iMac neu zu starten und geprüft, ob Office-Updates verfügbar sind, aber der Fehler ist leider bestehen geblieben. Ich würde mich freuen, wenn Sie mir helfen könnten, dieses Problem zu beheben und die verlorenen Daten wiederzufinden. Bitte teilen Sie mich mit, falls Sie weitere Schritte benötigen oder wenn Sie zusätzliche Informationen benötigen. Ich freue mich darauf, Ihre Rückmeldung zu erhalten. Vielen Dank für Ihre Unterstützung und Ihre Zeit.","Wir entschuldigen uns für den Technikfehler, den Sie beim Verwenden der Excel-Integration erlebt haben. Ich werde Ihnen gerne helfen, dieses Problem zu lösen. Könnten Sie mir bitte Details über den Fehler und die Schritte, die Sie bislang unternommen haben, mitteilen? Ich stehe Ihnen gerne zur Verfügung, um zusätzliche Informationen zu besprechen, sobald es Ihnen passt, indem ich Sie anrufe.",Incident,Product Support,low,de,Technical,Bug,Crash,Documentation,Feedback,Resolution,,
Query About System Specifications,Could you please provide details on the necessary system specifications to ensure the best performance of your project management software?,"Hello <name>, thank you for contacting us. To achieve the best performance of our project management software, please check our website for the system requirements. Should you require additional help, I am willing to offer more information or speak with you at a convenient time, which you can suggest by providing a suitable telephone number <tel_num>.",Request,Customer Service,medium,en,Technical,Software,Performance,Guidance,Communication,,,
Guidelines for Securing Medical Data in IT Systems,"Are guidelines available to provide security measures for medical data in healthcare IT environments? It is crucial to ensure the confidentiality, integrity, and availability of sensitive patient data. I would appreciate recommendations on security practices to protect against cyberattacks and data breaches. Thank you for your time and assistance with this matter. I look forward to hearing back soon.","Guidelines for securing medical data in IT systems are available to ensure the confidentiality and integrity of patient data, as well as protection against cyberattacks.",Request,Customer Service,medium,de,Security,IT,Performance,Documentation,,,,
Software for Project Management,"Customer Support, we are inquiring about the SaaS features for project management and scalability. Could you provide more information about the platform's support for growth and handling the increasing complexity of our projects? We are looking for a solution that will help us streamline our workflow, enhance collaboration, and improve overall productivity. Specifically, we would like to know about the features related to task assignment, progress tracking, and resource allocation. Additionally, we would appreciate information on the customization options and integration tools provided.","Dear [Customer], thank you for reaching out to our customer support team regarding project management software. We offer a range of features to support your team's growth and handle the increasing complexity of your projects, including task assignment, progress tracking, and resource allocation. Our platform allows for customization and integration tools. We would be happy to provide more information to meet your specific needs. We are available to discuss further via a call at [tel_num] or provide information via email.",Request,Customer Service,medium,en,Feature,Documentation,Feedback,Performance,IT,Tech Support,,
Fehlerschätzung bei Abonnementdienstleistungen,"Es wurde ein Verrechnungsfehler bei den Abonnementdienstleistungen festgestellt, der sich wahrscheinlich auf mehrfache Kontozusammenfusionen zurückführen lässt.","Das Konto <acc_num> wird überprüft, um den Verrechnungsfehler zu untersuchen. Bitte lassen Sie es wissen, wenn Sie sich um dieses Problem bemühen; ich werde bald eine Rückmeldung abgeben.",Problem,Billing and Payments,medium,de,Bug,Account,Refund,Billing,Performance,,,
Enhancing H2O.ai Performance for Investment Analytics,I would like to seek advice on how to best configure H2O.ai in conjunction with Keras for investment analytics. Could you share insights on the most effective setup to ensure accurate predictive models and swift processing of large data sets? I am also keen on learning about recommended hyperparameters for tuning and any specific steps for integrating Keras with H2O.ai.,"Dear <name>, thank you for your interest in optimizing H2O.ai for investment analytics. To achieve accurate predictions and efficient processing of large datasets, we advise configuring H2O.ai with Keras by tuning hyperparameters such as the learning rate and the number of hidden layers. Utilizing automated machine learning tools can also simplify this process. For more detailed guidance, please contact us at <tel_num> for a call to discuss your <acc_num> and specific requirements in greater depth.",Request,Product Support,medium,en,Technical,Product,Performance,Guidance,Documentation,,,
Guidance on Securing Medical Data Hub Switch Products,Request for information on securing medical data,"Offer guidance on securing medical data Hub Switch products. For more details, please visit the website, review product specifics, or contact us at <tel_num> for personalized assistance related to your specific needs. Your account number is <acc_num>.",Request,Sales and Pre-Sales,medium,en,Security,IT,Tech Support,Documentation,,,,
Features Inquiry,Is it possible to get detailed information on the features of your project management SaaS solution?,"I would be happy to provide detailed information on the features of our project management SaaS solution. Please let me know which specific features you are interested in, and I will send you a comprehensive overview for your convenience to discuss further.",Request,IT Support,medium,en,Feature,Feedback,Sales,Tech Support,,,,
Update Sales Materials,Update sales materials to enhance customer engagement.,"Dear <name>, thank you for your email regarding the update of sales materials. Please review the currently available materials and initiate any necessary improvements to enhance customer engagement. Could you please provide more detailed information on the desired updates? I would be happy to discuss your request. Would a telephone call at a later time be convenient to further discuss this matter? <tel_num>",Change,Sales and Pre-Sales,low,de,Sales,Feedback,Documentation,,,,,
Project Timeline Synchronization Problem,"Hi Customer Support,\n\nI hope this message finds you well. I am currently facing a challenge with project timeline synchronization across various tools. Despite multiple attempts to resolve the issue, synchronization has not been successful, and I am unsure of the underlying cause.\n\nHere is a brief summary of the situation:\n\n**Event:** Project timeline synchronization failure across multiple tools.\n\n**Potential Causes:** Software update incompatibility or network connectivity problems.\n\n**Actions Taken:** Restarted devices, verified network connections, and updated plugins.\n\nI would be extremely grateful if you could offer some guidance or assistance to fix this. Please inform me if there are any additional steps I need to take or any further information you require.\n\nThank you for your help.\n\nBest regards,\n[Your Name]","Hello [Your Name],\n\nThank you for reaching out about the project timeline synchronization issues you are experiencing. I am here to support you and help resolve this. Could you please share more details about the tools you are using and the specific error messages you are encountering? This information will be very helpful in pinpointing the problem and suggesting an effective solution. If necessary, I can also arrange a call at your convenience at <tel_num> to walk you through the troubleshooting steps. Please let me know a time that works for you.\n\nBest,\n[Support Name]",Incident,Customer Service,medium,en,Technical,Bug,Synchronization,Software,Network,Guidance,Resolution,Documentation
Investment Forecasts Are Being Impacted By Potentially Outdated Data Sources,The Model Output Display Has Been Paused,Further Information Is Required,Problem,Technical Support,medium,de,Technical,Billing,Performance,Feedback,Resolution,,,
Request for Assistance with Microsoft Azure Integration,I require support in integrating the Microsoft Azure project management SaaS platform. Could you provide detailed guidance on the process? I would greatly appreciate step-by-step instructions along with relevant documentation.,We will assist with integrating the Microsoft Azure project management platform. Please allow us to provide a step-by-step guide and relevant documentation. We will send the detailed guide via email at your convenience.,Request,Technical Support,medium,en,Feature,Documentation,IT,Tech Support,,,,
Securing Medical Data with PHP 8.0 Tools,I need assistance in securing medical data using PHP 8.0 software tools. Could you recommend best practices to ensure the confidentiality and integrity of sensitive medical information? Any advice on implementing robust security measures to prevent unauthorized access and data breaches would be greatly appreciated.,Recommendations for securing medical data using PHP 8.0 tools to ensure confidentiality and integrity.,Request,Customer Service,medium,en,Security,IT,Tech Support,Documentation,,,,
Unterstützung für die Integration von Data Analytics erforderlich,"Ich richte mich an Sie, um Unterstützung bei der Umsetzung der Data Analytics-Integration in JIRA und Zoho Books zur Investitionsoptimierung auf Ubuntu-Systemen zu erhalten. Ich würde gerne erfahren, welche Schritte nötig sind, um diese Integration einzurichten, und welche möglichen Herausforderungen Sie nachvollziehen. Könnten Sie mir bitte zusätzliche Informationen zu diesem Thema zukommen lassen oder mich auf eine relevanten Ressource hinweisen, die mir bei dieser Aufgabe behilflich sein kann? Ich schätze Ihre Unterstützung und freue mich auf Ihre baldige Rückmeldung.","Wir werden Ihre Anfrage bearbeiten und Sie am <tel_num> über die Schritte zur Einrichtung der Data Analytics-Integration und eventuelle Herausforderungen auf Ubuntu-Systemen informieren, die Sie bei der Nutzung von JIRA und Zoho Books erwarten könnten.",Change,Service Outages and Maintenance,high,de,Technical,Customer,Integration,Guidance,Documentation,IT,Performance,
Bericht über eine Funktionsstörung der Datenanalysewerkzeuge,"Betreff: Störung der Datenanalysewerkzeuge\n\nLieber Kundenservice,\n\nich möchte mich melden, um eine Störung der Datenanalysewerkzeuge zu melden. Diese sind nicht so funktionstüchtig, wie es zu erwarten war, was zu Unterbrechungen in unseren Betriebsvorgängen geführt hat. Nach einerführlichen Untersuchung des Problems haben wir festgestellt, dass der Fehler auf ausgetrocknete Softwareversionen zurückzuführen ist. Die Systeme wurden neugestartet und die Lizenzprüfung durchgeführt, aber das Problem behielt seine Dauer. Wir würden es sehr geschätzt, wenn Sie uns die neuesten Softwareversionen liefern könnten oder uns Anweisungen geben könnten, wie wir das Problem lösen können. Bitte informieren Sie uns, wenn Sie weitere Informationen benötigen, um den Lösungsprozess zu beschleunigen. Wir freuen uns auf Ihre Rückmeldung.\n\nMit freundlichen Grüßen","Sehr geehrte [Name],\n\nes tut mir leid, dass Sie Schwierigkeiten mit den Datenanalysewerkzeugen haben. Könnten Sie uns die derzeit verwendeten Softwareversionen und die genauen Fehlermeldung genauer beschreiben? Basierend auf diesen Informationen kann ich Ihnen den nächsten Schritt zur Problemlösung erklären, der möglicherweise die Aktualisierung der Softwareversionen beinhalten könnte. Wenn erforderlich, kann ich auch einen Telefonanruf vereinbaren, um dies zu besprechen. Bitte teilen Sie mir für diesen Anruf eine geeignete Zeit mit [Telefonnummer] mit.\n\nMit freundlichen Grüßen",Problem,IT Support,low,de,Technical,Bug,Outage,Resolution,Documentation,Feedback,,
Dashboard Crash,"Hello customer support, I am reporting a crash issue with the data analytics dashboard. It happened unexpectedly, and it may be related to motherboard driver problems. I've already rebooted the system, updated the drivers, and verified the cloud connection, but the issue still occurs. I would be grateful if you could investigate this and offer a solution promptly. Please inform me if you need more details from me to address this problem. Thank you for your time and help.","Dear <name>, thank you for bringing this issue with the data analytics dashboard to our attention. We need more details to resolve it. Could you please share the exact error message and the system logs? I will also contact you at <tel_num> to discuss this further if necessary.",Problem,Technical Support,high,en,Crash,Technical,Bug,Hardware,Resolution,Documentation,Follow-Up,
Service Interruption Concern,"An unexpected outage has impacted several products, leading to service disruptions following the recent infrastructure update.","We sincerely apologize for the disruption in service caused by the recent infrastructure update, which resulted in a service outage affecting multiple products. Our team is currently working to resolve the issue and will provide an update once it is resolved. If you require immediate assistance or need to report issues, please contact us at <tel_num> to discuss the next steps. We appreciate your patience and understanding as we keep you informed of the progress.",Incident,Service Outages and Maintenance,high,en,Outage,Disruption,Maintenance,Recovery,Performance,,,
,"Facing occasional connectivity problems with the SaaS platform, which is resulting in delays in project updates. The issue could be related to high traffic or network problems. After rebooting the server and checking the network configuration, the problem still persists. I need your help in resolving this issue urgently.","Received your email about the intermittent connectivity issues with the SaaS platform. I understand the urgency in resolving this to prevent project delays. To assist you better, let's schedule a call to discuss the issue in detail and determine the best course of action. Please let me know a convenient time to call at <tel_num>, or provide your preferred time. Also, could you provide your account number <acc_num> so we can work towards a resolution.",Problem,IT Support,medium,en,Network,Performance,Outage,IT,Tech Support,,,
Enhancing Data Analytics Framework,"We are reaching out for customer support to assist in optimizing our data analytics infrastructure with the aim of achieving better investment insights across our hardware and software products. We are currently facing inefficiencies in data processing and analysis, which are causing delays in decision-making. We would appreciate guidance on how to streamline our data analytics pipeline, including recommendations for hardware and software upgrades, which would help us make more informed investment decisions and improve our overall business performance.","<name>, we are delighted to assist in optimizing your data analytics infrastructure. To provide tailored recommendations, could you please share details about your current hardware and software setup? We are able to offer guidance and potential upgrades or improvements to help streamline your data analytics pipeline.",Change,Technical Support,high,en,Performance,Product,Feature,IT,Tech Support,,,
,"There have been unauthorized access attempts on medical data systems, continuing even after updates to passwords and firewall checks.","Received your concern regarding unauthorized access attempts on medical data systems. Please investigate the issue and let us know the nature of the attempts. For your convenience, we could discuss this matter further with a specialist during a call.",Incident,Technical Support,high,en,Security,IT,Tech Support,,,,,
Report on Data Breach,"We have encountered a data breach that impacted our videoconferencing CRM systems. This may have happened due to outdated security protocols. Currently, we have updated the software and changed passwords, but we need your assistance to ensure that our security systems protect your data. We would appreciate guidance on additional steps you recommend to prevent similar incidents in the future. Please let us know what information you need from us to provide support.","We have received your data breach report and are ready to assist you. To provide the necessary support, we need to know the nature of the breach and the systems that were affected. Could you please provide details about the incident, including the timeframe and any error messages you received? Additionally, we need your account information to schedule a call and discuss the next steps that are most convenient for you.",Incident,Technical Support,medium,en,Security,IT,Tech Support,Notification,,,,
Problem with Investment Data Processing,The data analytics tool is not processing investment data accurately due to outdated system integrations. We have verified that software updates and reconfigured data sources have not resolved the issue.,"I will draft an email acknowledging the issue with the data analytics tool not processing investment data accurately. We have already taken steps to verify software updates and reconfigure data sources. To troubleshoot the issue, I would like to schedule a call to discuss the problem in more detail. Please let me know your earliest availability for a call so we can discuss next steps to resolve the issue with investment data processing.",Problem,Customer Service,medium,en,Bug,Performance,IT,Tech Support,,,,
Ruby on Rails Integration Guidance,"Dear support, I am seeking detailed assistance with integrating the Ruby on Rails 6.1 SaaS platform. Could you provide step-by-step instructions or documentation that outlines the integration process? I would appreciate information on compatibility, potential issues, and best practices for a successful integration. Additionally, are there specific gems or libraries that need to be installed? I look forward to hearing back so that we can find a solution to integrate the Ruby on Rails platform seamlessly.","Dear [name], we have received your request for support with Ruby on Rails integration for the SaaS platform. Our documentation provides comprehensive step-by-step instructions for the integration process, including details on compatibility and best practices. We offer guidance on the recommended gems and libraries. For detailed information, please let us know a suitable time to schedule a call. You can reach us at [tel_num] or via email. Please let us know your preferred method of communication.",Request,Customer Service,medium,en,Documentation,Feature,Feedback,IT,Tech Support,,,
Required Support for Server Issues,"Unusual delays in data processing through investment analytics tools are happening due to server overload during peak usage hours. Even after restarting the servers and optimizing queries, the problems continue and require assistance to resolve the issue.","<name> has acknowledged your email regarding the server overload issues affecting the investment analytics tools. To better assist you, I would like to schedule a call to discuss the issue in detail. I am available at your convenience. Please let me know a suitable time, and I will offer alternative options. Additionally, knowing the current server configuration and any recent changes made to optimize queries would be helpful in investigating and providing a resolution.",Incident,Product Support,high,en,Performance,Outage,IT,Tech Support,,,,
Problem with Application Crashing,"Hello Customer Support, I am reporting an issue with the application. During simultaneous project sessions, multiple users have experienced crashes while exporting files, which might be due to memory allocation issues under heavy load. Users have already tried restarting the application and clearing the cache, but the issue still persists. The application keeps crashing consistently whenever users try to export files. We have attempted to troubleshoot the issue ourselves but have been unable to resolve it. Could you please look into this matter and provide a solution?",Thank you for your email regarding the application crash issue. We have received your report and are investigating the matter. Please provide your account number so we can discuss the details in a convenient call and explore potential solutions.,Problem,IT Support,high,en,Bug,Crash,Performance,IT,Tech Support,,,
,"We are facing low engagement levels in recent campaigns. Outdated strategies and audience misalignment could be the reason. Despite adjusting the messaging and analyzing metrics, we have seen minimal improvement. I need assistance to enhance engagement.","I would be happy to help boost engagement rates. Could you please provide details on the recent campaigns, including the adjusted messaging and metrics analyzed? We can schedule a call at <tel_num> to discuss and identify potential solutions <acc_num>.",Problem,General Inquiry,low,en,Feedback,Sales,Performance,,,,,
Request for Information on Custom Workflow Integration,I am contacting you to seek information regarding the possibility of custom workflow integration. Could you kindly share any documentation or instructions on how to integrate our workflow into your system? I would be grateful for any details you can offer on this matter.,"I can provide you with documentation related to custom workflow integration. I will send you the relevant guides and resources shortly. If you prefer, I can also schedule a call to discuss the details further.",Request,Customer Service,medium,en,Technical,Documentation,Guidance,Integration,Information Request,,,
Error throughout Task Synchronization,"There has been an issue with the synchronization of tasks, possibly due to recent API updates.","Dear <name>,\n\nThank you for bringing this error to our attention that you encountered during task synchronization. We apologize for the inconvenience caused. The issue might be related to the recent API updates, as you have suggested. We would like to investigate this further to identify the root cause. Could you please provide more details, such as the exact error message you received and the platforms you were trying to synchronize? This information will help us understand the problem better and offer a solution. If necessary, we can also set up a call using <tel_num> to discuss this matter further. Please share a convenient time for us. We appreciate your understanding and cooperation and look forward to resolving this issue on your <acc_num> account.\n\nBest regards,",Incident,Product Support,low,de,Technical,Bug,Synchronization,API,Resolution,Documentation,Account,
Exploring Integrations for Codecademy with Investment Analytics Tools,"Dear Customer Support, I would like to explore the possibility of integrating Codecademy with investment analytics tools to enhance my learning experience. Could you provide me with a list of available integrations and any relevant information on how to access and utilize them? Specifically, I am interested in integrations that can offer real-time data, interactive visualizations, and hands-on practice with investment analytics concepts. I believe such integrations would greatly benefit users like myself who are looking to gain practical skills in investment analytics. Thank you for your time and assistance. I look forward to hearing from you soon.","Dear [name], we appreciate your interest in integrating Codecademy with investment analytics tools. We currently offer integrations with several tools that provide real-time data and interactive visualizations. For more information and a list of available integrations, please visit our website or contact us at [tel_num] for further assistance.",Request,Billing and Payments,low,en,Technical,Integration,Training,Documentation,Feedback,,,
Digitale Strategien für erhöhten Verkauf von Smart-Rauchmeldern,"Ich teile Sie mit, dass ich mich erkundigen möchte, welche digitalen Strategien effektiv sind, um das Markenwachstum und die Verkäufe von Smart-Rauchmeldern zu fördern. Insbesondere interessieren mich spezifische Ansätze, die zur Steigerung der Verkaufs- und Markenbewusstseinszahlen beigetragen haben. Welche sozialen Medien- oder Werbekanäle haben besonders gut funktioniert? Ich würde mich über Ihre Ratgeber oder Vorschläge sehr freuen. Ich danke Ihnen im Voraus für Ihre Zeit und Unterstützung.","Sehr geehrte <name>,\n\nich mußte Ihre Interesse an digitalen Strategien, die das wachsende Markenbewusstsein und die Verkäufe von Smart-Rauchmeldern fördern, bemerken. Um Ihre Anforderungen besser zu verstehen und Ihnen personalisierte Empfehlungen zu geben, würde ich gerne eine Diskussion mit Ihnen initiationieren.\n\nErfolgreiche Strategien umfassen oft eine Kombination aus Social-Media-Marketing und Zielgruppenwerbung. Wir haben positive Ergebnisse aus Kampagnen auf Plattformen wie Facebook und Google Ads beobachtet. Allerdings benötige ich mehr Informationen über Ihre aktuelle Marketing-Aktivitäten und Ziele, um Ihnen spezifischere Ratschläge zu geben.\n\nWären Sie verfügbar für ein Telefonat am <tel_num>, um dies im Detail zu besprechen und Möglichkeiten zu erarbeiten, um Ihr Markenbewusstsein und Ihre Verkäufe zu stärken? Ich freue mich darauf, mit Ihnen zu sprechen.\n\nVielen Dank und ich warte auf Ihre Rückmeldung.\n\nMit freundlichen Grüßen",Request,Sales and Pre-Sales,low,de,Digital,Sales,Product,Feedback,Guidance,,,
Problem with Marketing Campaign Metrics,"Marketing campaign metrics are not being tracked correctly because of an outdated Hadoop version. Although we have upgraded Hadoop and rebooted the Hub, the problem continues. Could you please help us resolve this issue promptly?",I will look into the marketing campaign problem related to the incompatible Hadoop version. Please supply the current Hadoop version and Hub logs for deeper analysis. I will call you at <tel_num> if more details are required.,Problem,Product Support,high,en,Technical,Marketing,Metrics,Hadoop,Resolution,,,
Anfrage an den Support,"Ein finanzielles Unternehmen hat Probleme mit Optimierung, Investitionsanalyse und Systemausfällen aufgrund von Softwareinkompatibilitäten. Die betroffenen Anwendungen wurden neu gestartet und Systemprotokolle wurden geprüft, aber die Probleme bestehen weiterhin. Bitte helfen Sie dabei, das Problem zu lösen.","Um die Systemausfälle zu beheben, geben Sie bitte mehr Details zur Softwareinkompatibilität, damit wir die Sache weiter untersuchen und eine Lösung finden können.",Incident,Product Support,high,de,Bug,Performance,Outage,Disruption,IT,Tech Support,,
Strategien zur Markengröße mit HubSpot,"Sehr geehrte Kundenservice-Team, <br/>Ich hoffe, es geht Ihnen gut. Ich schreibe an, um zu erkunden, welche digitale Strategien wir nutzen können, um die Markengröße durch die Integration des HubSpot CRM zu fördern. Unsere Firma ist daran interessiert, die HubSpots Funktionen zu nutzen, um unsere Kundenbeziehungsmanagement zu verbessern und unsere Markenonline-Präsenz auszubauen. <br/>Insbesondere suchen wir nach Informationen zu Einflussnahme-Techniken, wie Inhaltscreatives, soziale-Medien-Verwaltung und E-Mail-Marketing, und wie diese effektiv mit HubSpot CRM integriert werden können. <br/>Können Sie uns bitte einige Empfehlungen zu den besten Praktiken für die Umsetzung dieser Strategien und zu den zusätzlichen Werkzeugen und Funktionen geben, die wir nutzen können, um die Markengröße zu maximieren? <br/>Darüber hinaus würden wir gerne jegliche Rückmeldung zu den Möglichkeiten bekommen, wie wir die Erfolg der Strategie verfolgen und messen können, sowie jegliche möglichen Fallen oder Herausforderungen, die wir beachten sollten. <br>Ich freue mich auf Ihre Rückmeldung. <br>Beste Grüße, <br/>[Ihr Name]","Sehr geehrte [Ihr Name], vielen Dank für Ihr Anliegen bezüglich wachsender Strategien für HubSpot. Ich würde Ihnen gerne Empfehlungen zu Einflussnahme-Techniken und den besten Praktiken für die Umsetzung geben. Um Ihre spezifischen Bedürfnisse zu würdigen, könnten Sie mir bitte mehr Informationen über Ihren aktuellen HubSpot-Aufbau und Ihre Ziele geben. Ich werde Ihnen auch ein Telefongespräch anbieten, um die Details zu besprechen. Wären Sie am <tel_num> verfügbar?",Request,Technical Support,low,de,Customer,Product,Feedback,Guidance,Documentation,,,
Problem with Financial Analytics Software,"The financial analytics software is not accurately processing investment data. This issue may be due to a recent update that is conflicting with existing integrations. I have tried reinstalling the software and clearing the cache, but the problem still persists. I would appreciate your assistance in resolving this matter as soon as possible.",We will investigate the issue with the financial analytics software. Please contact us at <tel_num> to discuss potential troubleshooting steps and schedule a resolution.,Problem,Product Support,high,en,Bug,Performance,IT,Tech Support,,,,
Request for Assistance with MySQL Integration into Asana,I am seeking guidance on how to integrate MySQL with Asana for automated data analytics reporting and notifications via Discord. Could you offer a detailed step-by-step process or suggest an appropriate integration tool?,"Dear <name>, we have noted your request for support with integrating MySQL into Asana for automated data analytics reporting and Discord notifications. We suggest using Zapier or Asana's custom API for this integration. For a comprehensive guide, please share more details about your current setup and the specific data you intend to integrate. This information will help us tailor the solution to your needs. If you prefer a direct conversation, kindly inform us of a suitable time for a call at <tel_num>. We can discuss further and explore the best options for your requirements, referencing your account <acc_num>.",Change,Technical Support,medium,en,Technical,Integration,Guidance,Documentation,Notification,API,Tool,Support
Support for Hospital Data Security,Is it possible to provide information on securing medical data at a hospital using your products? I would appreciate your assistance and guidance on this matter.,"We can offer a range of solutions for securing medical data at a hospital, including encryption and access control products. To discuss your specific needs, we can call at your convenience to provide a tailored solution for your hospital's support. Please let us know a suitable time to contact you.",Request,Billing and Payments,low,en,Security,IT,Tech Support,Documentation,,,,
Problems with Wi-Fi connection,Please resolve my Wi-Fi issue,I will look into your Wi-Fi problem. Could you please give more details about the issues you are facing with your Wi-Fi connectivity?,Problem,Product Support,medium,en,Technical,Network,Issue,Connectivity,,,,
Update Marketing Strategy,"Request for updating digital marketing strategies - tools, to promote brand growth.","Review and update digital marketing strategies, appropriately promote brand growth.",Change,Product Support,high,de,Feedback,Sales,Feature,,,,,
Financial Data Analysis Tools,"Hello customer support, I am writing to seek information on the data analytics tools that are designed to optimize investment portfolios for financial companies. Could you kindly share details on the tools available and their features? It would be greatly appreciated if you could also elucidate how these tools assist financial companies in making data-driven decisions and enhancing their investment strategies. Additionally, I am keen to know if there are any specific tools tailored to the needs of financial firms and, if so, what makes them unique compared to other data analytics solutions. Thank you for your time and support. I eagerly await your response.","Certainly, I am glad to assist you with information about our data analytics tools for financial companies. We provide a range of tools that can optimize investment portfolios and refine investment strategies. I will send you a comprehensive email with the features and benefits or we can schedule a call to discuss further at your convenience.",Request,Customer Service,medium,en,Product,Financial,DataAnalytics,Investment,Tools,Support,InformationRequest,
Secure Data Storage,"Inquiring about recommended security protocols for storing medical data on a Crucial MX500 1TB SSD. What can be done to ensure the confidentiality, integrity, and availability of sensitive medical information? Are there specific encryption methods or access controls you recommend? Guidance on protecting this critical data would be greatly appreciated.",Guidance on secure encryption methods and access controls for your medical data storage needs will be provided shortly.,Request,Technical Support,low,en,Security,Guidance,Encryption,AccessControl,Medical,Storage,,
Docker Integration Inquiry,"Customer Support, we are reaching out regarding Docker integration with the SaaS project management platform. Could you provide information on how Docker is used within the platform? We would appreciate detailed information on the benefits of using Docker, such as improved deployment efficiency and enhanced collaboration. Additionally, we would like to know the specific requirements and recommendations for using the Docker platform. Thank you for your time and assistance. We look forward to hearing back soon.","<name> appreciates your interest in the Docker integration for the SaaS project management platform. The platform utilizes Docker to improve deployment efficiency and enhance collaboration, which allows for seamless integration of microservices and streamlined workflows. The benefits of using the Docker platform include faster deployment times, improved scalability, and enhanced security. We recommend that users have a basic understanding of Docker components to facilitate the integration. We would be happy to discuss your specific questions. Thank you for your time.",Request,Human Resources,medium,en,Product,Feature,Feedback,IT,Tech Support,,,
Digital Brand Strategies,Looking for information on digital strategies to boost brand growth using Smartsheet and Shopify. Interested in learning about the tools that can help our business.,Please provide details on digital strategies for brand growth using Smartsheet and Shopify. We can arrange a convenient call to discuss further.,Request,Customer Service,medium,en,Feedback,Sales,Feature,,,,,
Enhancing Investment Strategies Through Utilization of Advanced Data Analytics Solutions,"Hello Customer Support, I am inquiring about the data analytics tools that can enhance investment strategies effectively. I am keen to know about the different tools available and how they can assist in making informed investment choices. Could you furnish me with details on the best analytics tools for optimizing investment strategies? I am particularly interested in tools that include features such as data visualization, predictive analytics, and real-time reporting. It would also be helpful if you could share any case studies or success stories that illustrate the efficacy of these tools. Furthermore, I would greatly appreciate any advice you can offer on integrating these tools into my investment strategy. Thank you for your support and I look forward to your response.","Dear [Name], thank you for contacting our customer support regarding your query on data analytics tools for enhancing investment strategies. We appreciate your interest in these tools that can provide valuable data insights to aid in making informed investment decisions. Our team is ready to offer you information on the most effective analytics tools that possess features like data visualization, predictive analytics, and real-time reporting.<br><br>Our portfolio includes a variety of tools suitable for investment strategy optimization, and we can present you with relevant case studies and success stories that showcase their effectiveness. To better tailor our recommendations, could you provide us with more details about your current investment strategy and your objectives for using the analytics tools? This will assist us in giving you more personalized advice and guidance on integrating the tools into your strategy.<br><br>We would also be glad to discuss this further over a call at your convenience. Please indicate a suitable time, and we will arrange a call with you at [Phone Number]. Alternatively, we are happy to continue our communication through email if you prefer. We are looking forward to your response and are eager to assist you with your investment strategy optimization needs.",Request,Technical Support,low,en,Customer,Feedback,Investment,Analytics,Strategy,,,
Problem with Data Dashboard,There was an unexpected downtime of the data dashboard. It might be due to server overload or a software glitch. Servers were restarted and network connections were checked.,"Dear <name>, we recognize the data dashboard downtime issue you are facing and thank you for the troubleshooting steps you have already taken. To better assist you, we plan to examine the server and network logs to identify the root cause of the problem. Could you provide more information about the error message you are encountering and the precise time the issue started? If possible, we can also schedule a call at <tel_num> to further discuss the issue and work on a resolution. Please inform us of a suitable time for the call.",Incident,Service Outages and Maintenance,high,en,Outage,Technical,Network,Bug,Resolution,Follow-Up,,
Security Measures for Medical Data with Kaspersky,"I am seeking information on recommended security protocols to protect medical data using Kaspersky Internet Security. Given the sensitivity of medical data, I wish to adopt the necessary safeguards. Could you provide detailed best practices for securing this type of data? Your expertise on this topic would be greatly appreciated. Thank you for your time and support.","Dear <name>, <br>we thank you for your interest in securing medical data with Kaspersky Internet Security. For optimal protection of sensitive medical information, we suggest setting strong passwords, activating full disk encryption, and customizing the firewall to prevent unauthorised access. Additionally, it is crucial to maintain your operating system and antivirus software with the most recent security updates. Using a virtual private network (VPN) is also recommended when accessing medical data through public networks. We recommend regularly backing up your data to a secure location, such as an encrypted external hard drive. For further guidance, our online support resources are available. Should you need additional assistance, we can arrange a call at a time convenient for you at <tel_num>. Our team will be pleased to offer personalized support to ensure the security of your medical data.",Request,Technical Support,medium,en,Security,Technical,Documentation,Guidance,Maintenance,Security Measures,,
Issue with Project Management Software,"An error has been encountered with the project management software, which is impacting the integration across multiple products. This might be due to recent updates. Steps such as restarting the application and clearing the cache were taken to resolve connectivity issues, but the problem still persists. Assistance in resolving this issue soon would be greatly appreciated.","Dear customer, we acknowledge the error you are experiencing with the project management software and thank you for your efforts to resolve it by restarting the application and clearing the cache. We would like to request more information, specifically the exact error message you are receiving and the recent updates that you mentioned. For your convenience, please provide this information either by replying to this email or by calling us at <tel_num> to discuss further. We are able to provide a tailored solution to resolve the issue specific to your project management software account.",Incident,Returns and Exchanges,medium,en,Bug,Performance,Network,IT,Tech Support,,,
Security Update Request,"Dear Customer Support, I am contacting you to seek an update regarding the encryption measures used for safeguarding medical data in HubSpot CRM and Ubuntu environments. Given the critical nature of medical data security, any security vulnerabilities could lead to severe repercussions. Could you furnish information on whether we are using encryption methods that comply with the most recent industry standards? Additionally, I am interested in learning about your plans to introduce extra security mechanisms such as multi-factor authentication, user access controls, and periodic security evaluations. Your assistance in providing a comprehensive strategy to ensure the secure handling and transmission of medical data on HubSpot CRM and Ubuntu would be greatly appreciated. I look forward to your swift response on this matter.","Dear <name>, we value your interest in the security of medical data on HubSpot CRM and Ubuntu systems. We are deeply committed to the confidentiality and integrity of medical information and are dedicated to maintaining its accessibility. Our current encryption standards are designed to align with industry benchmarks, including those stipulated by the Health Insurance Portability and Accountability Act (HIPAA). Nonetheless, we continually strive to increase our security protocols. We are planning to integrate new security features, such as multi-factor authentication and ongoing security reviews, to better secure medical data. We will also be refining our access protocols to ensure only authorized individuals can access sensitive medical information. Could we schedule a call to go over our security plan in more detail and address any specific queries you might have? Please inform me of a convenient time for this call, or if you prefer, I can contact you at <tel_num>. Thank you.",Change,Billing and Payments,low,en,Security,Technical,Customer,Documentation,Maintenance,Compliance,Training,Incident
Support for Marketing Firms,"The marketing firm noticed a decline in online engagement metrics. Recent algorithm changes might be the cause. They adjusted the targeting settings, but the results remain unsatisfactory.",I would be happy to assist with this issue. Please provide details on the recent algorithm changes and the adjustments made to the targeting settings. A review of these details will help in providing the next steps to resolve the issue.,Incident,Technical Support,high,en,Feedback,Performance,Documentation,,,,,
Request from Customer Support,"Dear Customer Support Team, I am writing to request more detailed information about the API integration options available for project management software. Could you please provide more details on the types of integration supported, the necessary documentation, authentication data, and any potential limitations? This information will be helpful for integrating the software with our existing systems. Thank you for your understanding and support. I look forward to hearing back from you.","Dear [Name], thank you for reaching out to our team. We offer various API integration options, which you can find detailed information on our website's documentation, including authentication data. For further details and to discuss any potential limitations, we would be happy to discuss this over a call. If convenient, you can reach me at [Phone Number] to schedule a time that works for you. ",Request,Product Support,low,de,Feedback,Documentation,IT,Tech Support,,,,
Probleme bei der Startfunktion der Kampagne,"Aufgrund eventueller Integrationsprobleme mit dem Netgear Wi-Fi konnte der Start der digitalen Kampagne nicht erfolgreich durchgeführt werden. Obwohl Sie den Router neu gestartet und die MongoDB-Verbindungen überprüft haben, besteht das Problem weiterhin.","Sehr geehrte/r [Name],\nich arbeite an den Problemen mit Ihrem Kampagnenstart und den eventuellen Integrationsproblemen mit dem Netgear Wi-Fi. Obwohl Sie den Router neu gestartet und die MongoDB-Verbindungen überprüft haben, besteht das Problem weiterhin. Um das Problem weiter zu untersuchen, bitten wir Sie um Details zu den Fehlermeldungen, die Sie erhalten. Wenn erforderlich, kann ich auch einen Termin für eine Telefonkonferenz mit Ihnen vereinbaren. Bitte geben Sie mir ein geeignetes Zeitfenster für die Nummer [Tel_num], um dieses Problem weiter zu diskutieren und ein Lösungsansatz für Ihr Kampagnenstartproblem mit [Acc_num] zu finden.",Incident,Product Support,high,de,Technical,Network,Campaign,Integration,Resolution,,,
Concern Regarding Data Analytics Platform,"Customer Support, reporting a critical issue with the data analytics platform. The platform crashed during a major investment analysis session, causing significant disruption to our work. Despite attempts to restart the system and clear the cache, the issue persists. Possible causes may include server overload or software bugs. We would greatly appreciate your urgent look into this matter and a prompt solution if possible. Please let us know if any additional information is required.","Dear [Name], thank you for reaching out regarding the issue with the data analytics platform. We are sorry to hear that the crash disrupted your investment analysis session. We will escalate this issue to our technical team to investigate possible causes, such as server overload or software bugs. Please provide us with the account number and the exact error message so we can look further into the matter. We need to contact you at [Tel Number] to discuss the issue in detail and provide a solution as soon as possible. We appreciate your patience and cooperation in this matter.",Incident,Product Support,high,en,Bug,Performance,Disruption,IT,Tech Support,,,
Support for Campaign Efficiency,"I am noticing a decline in the performance of my campaigns, even after increasing my advertising budget. This could be due to incorrect targeting or messaging. I have examined the analytics, modified the ad content, and refined the audience segments, yet the problem continues. Could you provide me with some advice on how to improve my campaign performance?","Dear <name>, I appreciate your concern regarding the underperformance of your campaigns despite your increased investment. To better assist you, could you please share more information about your current targeting and messaging approaches? Additionally, I would like to schedule a call at <tel_num> to review your campaign data and identify optimization opportunities. Please let me know a convenient time for you, and I will be delighted to guide you in optimizing your campaigns with <acc_num>.",Problem,Product Support,medium,en,Campaign,Performance,Guidance,Feedback,Analytics,Optimization,AdContent,Targeting
Support for Enhancing Data Analytics Integration,I am contacting you to seek advice on improving the integration of data analytics across various platforms. This could greatly enhance our investment analysis and decision-making processes. Could you offer some guidance on how to accomplish this?,"Dear <name>, we thank you for your inquiry regarding the enhancement of data analytics integration across different platforms. To provide you with more bespoke advice, we need to know more about the specific platforms you are currently using and the investment insights you aim to achieve. Could you kindly provide detailed information about your current data analytics tools and any integration challenges you are experiencing? If you prefer, we can schedule a phone call at your convenience at <tel_num> to further discuss your needs and offer optimization recommendations.",Change,Customer Service,medium,en,Technical,Guidance,Feedback,Integration,Analytics,,,
Modify marketing plan,Seek to update marketing plan to boost brand exposure,Have noted your request to update the marketing plan for increased brand visibility. We will review this with the marketing team and request a convenient time to gather more information and discuss the steps needed for the update.,Change,Returns and Exchanges,low,en,Feedback,Sales,Feature,,,,,
Detection of Unauthorized Access to Sensitive Data,"Dear Customer Support,<br>We are reaching out to inform you about a potential security breach in our hospital systems. The security team has identified an unauthorized access attempt to sensitive medical data.<br>The incident is suspected to be caused by inadequate security configurations and outdated software. We have already initiated a system-wide security audit to update the affected software and prevent future incidents.<br>We would appreciate your assistance in providing recommendations to enhance our security measures.<br>Thank you.","We take security breaches very seriously and are here to assist you. To better understand the incident, could you please provide details on the detected unauthorized access attempt, including the date and time it occurred? Your review of this information will help us provide the necessary recommendations to enhance our security measures.",Incident,IT Support,medium,en,Security,Network,Virus,Incident,Alert,,,
Report on Sync Problem,"The project timelines are not syncing properly. I have already checked the settings, restarted the sync process, and referred to the documentation.","I have noted your report concerning the sync problem with project timelines. To better help you, could you provide more information about any error messages you are encountering? Additionally, I will require your account details to investigate further. Would you be available for a call at your convenience to discuss this issue in more detail?",Problem,Product Support,medium,en,Technical,Sync,Documentation,Bug,Feedback,,,
Probleme beim Anmelden heute Früh,"Heute Morgen ist unerwartet der Login fehlgeschlagen, was möglicherweise auf Wartungsarbeiten am Server während der Nacht zurückzuführen sein könnte. Nach dem Neustart des Browsers und dem Leeren des Caches besteht der Fehler weiterhin.","Ich werde den Login-Fehler untersuchen und Sie an der Nummer <tel_num> anrufen, falls zusätzliche Informationen für die Lösung des Problems erforderlich sind.",Incident,Customer Service,low,de,Login,Maintenance,Bug,Disruption,Security,Notification,,
Anfrage nach detaillierter Dokumentation zur Integration von Smartsheet in das SaaS-Projektmanagement-Software-Programm,"Ich benötige eine detaillierte Dokumentation zur Integration von Smartsheet in das SaaS-Projektmanagement-Software-Programm, um die Funktionen dieser Software besser zu verstehen. Ich freue mich auf Ihre Rückmeldung. Ich danke Ihnen im Voraus für Ihre Unterstützung und schätze Ihre Hilfe bei dieser Angelegenheit.","Sehr geehrte [Name], wir freuen uns, Ihnen eine detaillierte Dokumentation zur Integration von Smartsheet in das SaaS-Projektmanagement-Software-Programm anbieten zu können. Sie finden den umfassenden Leitfaden auf unserer Website unter [Link]. Falls Sie weitere Fragen haben oder Unterstützung benötigen, können Sie ein Telefonat vereinbaren. Unsere Handynummer lautet: [Telefonnummer]. Wir werden gerne einen geeigneten Zeitpunkt für das Telefonat festlegen.",Request,Product Support,medium,de,Documentation,Feature,IT,Tech Support,,,,
Concern Regarding Website Load Time,"The marketing agency's website is encountering sporadic loading difficulties, which may be attributed to server congestion. Clearing the browser cache or switching to a different browser can often alleviate the issue.","Acknowledging the issue with the marketing agency's website load time, we understand how frustrating these intermittent loading problems can be and are committed to resolving them. To better assist you, could you please provide details on your server configuration and any recent changes made to the website? Additionally, it would be helpful for us to know the frequency of the loading issues and any error messages that appear. If necessary, we can schedule a call at your convenience at <tel_num> to discuss further.",Incident,Technical Support,low,en,Performance,Network,IT,Tech Support,,,,
Support for Digital Campaign,"The recent digital marketing campaign has shown lower engagement than expected, which may be due to issues with targeting or content relevance. After analyzing the audience metrics and adjusting the parameters, the results are still not satisfactory.",Please review the campaign and contact us at <tel_num> to discuss potential adjustments and find solutions to improve engagement.,Incident,Customer Service,low,en,Feedback,Performance,Documentation,,,,,
Alert for Data Breach,"Dear Support Team, We are contacting you to alert you about a data breach which was due to a human error. We believe that an employee might have accidentally disclosed confidential information. Despite our efforts to reboot the systems, the issue is still ongoing. We are actively working to resolve this situation and are committed to preventing such breaches in the future. We will keep you informed about the progress and value your patience and understanding. We are dedicated to protecting customer data and will implement all necessary measures to prevent such occurrences in the future.","Dear [Name], Thank you for informing us about the data breach. We acknowledge your prompt action to contain the issue by restarting the systems. However, since the problem continues, we need to explore further to determine the best solution. Could you provide more details about the sensitive information that might have been disclosed and the measures you are taking to address the situation? We would be grateful if we could arrange a call at [Phone Number] to discuss this matter in greater detail at your earliest convenience.",Incident,Service Outages and Maintenance,high,en,Breach,Security,Incident,Resolution,Feedback,Employee,Disruption,
,request for enhancement in project management software. need to improve integration with external devices and services for a better user experience and functionality. aim to enable a seamless workflow to boost productivity.,"Dear [Name], thank you for your request to enhance the project management software. We agree that improved integration with external devices and services is essential for a better user experience and functionality. We will review and consider your request for future development. Please provide specific details on the integrations you would like to see improved so we can better understand your needs and prioritize accordingly.",Change,Product Support,medium,en,Feature,Feedback,Performance,Tech Support,,,,
Strategies for Digital Brand Growth,Could you offer guidance on digital strategies that could enhance the growth of VLC Media Player? We are looking forward to your support and insights. Thank you for your assistance.,"Thank you for reaching out to us concerning digital strategies to enhance the growth of VLC Media Player. To improve brand growth, we recommend focusing on enhancing your online presence, increasing social media engagement, and engaging in content marketing. Developing a user-friendly website and optimizing it for search engines can also increase visibility. Additionally, leveraging email marketing campaigns and forming influencer partnerships can help expand your reach. A tailored approach would be beneficial, so please provide us with more information about your current strategies.",Request,Returns and Exchanges,medium,en,Feedback,Sales,Feature,,,,,
Problem with Team Collaboration Tools,"Hello Customer Support, I am contacting you to report a malfunction with our collaboration tools, which has slowed down our project progress. This might be due to outdated software and insufficient training. We have already tried restarting our devices and verifying our internet connection, but the issue still exists. We would appreciate your assistance in resolving this and seek your prompt attention. Kindly inform us if you need any further information from us. Thanks for your help and we hope to hear from you soon.",We will look into the collaboration tool issue and reach out to you at <tel_num> for more details to provide a timely solution.,Problem,Human Resources,low,en,Technical,Collaboration,Training,Incident,Resolution,Software,Feedback,
Anfrage zur Unterstützung bei Dienstausfall,"Lieber Kundenservice-Team,<br><br>Wir melden einen Dienstausfall bei digitalen Marketingwerkzeugen, die für den Wachstumsprozess unserer Marke entscheidend sind. Der Dienstausfall scheint durch einen Serverausfall oder Konflikten während einer kurzzeitigen Softwareaktualisierung verursacht worden zu sein. Das Team versucht, das Problem durch Neustart des betroffenen Geräts und Überprüfung der Verbindbarkeit zu lösen, leider besteht jedoch weiterhin ein Fehler.<br><br>Wir freuen uns, wenn Sie die Angelegenheit so schnell wie möglich erledigen und uns Anleitungen zur Problembehebung bereitstellen könnten. Bitte informieren Sie uns über zusätzliche Informationen.",Das Problem wird sofort untersucht.,Incident,Service Outages and Maintenance,high,de,Outage,Disruption,Performance,IT,Tech Support,,,
Assistance Needed for Medical Data Security in PostgreSQL 13,"I am looking for guidance on securing medical data in a PostgreSQL 13 environment within a hospital setting. Could you provide recommendations and best practices to ensure the confidentiality, integrity, and availability of sensitive patient information? Specifically, I would like to know about encryption methods, access control strategies, and backup procedures. Additionally, are there specific configuration settings that need to be implemented to meet HIPAA requirements? I would greatly appreciate any resources or documentation that can help us secure this information.","We can provide guidance on securing medical data in a PostgreSQL 13 environment. Recommendations include using encryption methods like SSL/TLS, implementing access controls such as role-based access control, and performing regular backups to a secure location. To meet HIPAA requirements, specific configuration settings need to be implemented. Please provide information about your current setup so we can offer detailed recommendations. Let us know a good time to call and discuss further.",Request,Product Support,high,en,Security,IT,Tech Support,Documentation,,,,
Verlangsamte Ladegeschwindigkeiten auf dem Dashboard,Benutzer beklagen sich über verlangsamte Ladegeschwindigkeiten aufgrund hoher Serverlast.,"Wir arbeiten aktiv daran, die Serverleistung zu optimieren und die Ladegeschwindigkeiten für das Konto <acc_num> zu verbessern.",Problem,Returns and Exchanges,medium,de,Performance,Network,IT,Tech Support,,,,
Report on System Downtime,The recent system downtime has affected access to the Smart-Garagentoröffner HubSpot CRM. This might be due to misconfigured server settings after a software update. Restarting the services and clearing the cache seemed to resolve the issue temporarily. Assistance is needed to resolve the matter soon to prevent any further disruptions.,We have received your report on the system downtime. We are looking into the issue with the Smart-Garagentoröffner HubSpot CRM. Please contact us at <tel_num> to discuss the steps required for resolution.,Incident,IT Support,medium,en,Outage,Disruption,Performance,IT,Tech Support,,,
Problem with Campaign Metrics Inconsistency,"We notice a variance in the engagement numbers which is caused by a problem with the integration between our systems and NZXT tools. Despite restarting Norton 360 and examining the IBM Cloud logs, the issue is still present.","Hello <name>, we are investigating the inconsistency in your campaign metrics that seem to be related to an integration problem with NZXT tools. Even though you have already restarted Norton 360 and reviewed the IBM Cloud logs, the issue remains unresolved. Could you please provide more specific details about the discrepancy, such as the actual and expected numbers? This information will aid us in diagnosing the problem more accurately and offering a solution. Additionally, I will need to check the integration configuration, and if necessary, contact you at <tel_num> for further discussion.",Problem,Customer Service,medium,en,Technical,Integration,Metrics,Inconsistency,IBMCloud,Norton360,,
Trouble with Twitch Studio Beta Integration,"I am encountering difficulties with integrating the Twitch Studio Beta project management SaaS. Even after attempting to restart and reauthorize, the issue continues. It might be related to recent API changes or compatibility issues. I need assistance to resolve this so I can continue using the service effectively.","In response to your email regarding the issue with integrating Twitch Studio Beta project management SaaS, I would appreciate it if you could provide more details about the error message you are seeing and specific issues you are experiencing. Additionally, it would be helpful to know the steps you have already taken to try to resolve the issue. If needed, we can schedule a call at a convenient time for you. Please let me know when a time would suit you.",Problem,Technical Support,low,en,Bug,Performance,IT,Tech Support,,,,
System Outage,"I am writing to report an unexpected system failure that occurred during the night. The possible causes may be server overload or maintenance issues. I have already attempted to restart the services and reviewed the system logs, but the issue persists. I would greatly appreciate it if you could investigate this further and provide a solution at your earliest convenience. Please let me know if you need additional information to resolve this issue.","Dear <name>,\n\nWe have received your report regarding an unexpected system failure during the night. We apologize for the inconvenience this may have caused and thank you for the steps you have taken so far to address the issue. To further investigate the problem, could you please provide us with your <acc_num> and the exact time when the failure was first observed? Additionally, if you have server or system logs from the time of the incident, please share them with us. If necessary, we can arrange a call at <tel_num> to discuss this further. We are working to resolve the issue as quickly as possible and will provide you with a solution or progress report.\n\nBest regards,",Incident,Technical Support,high,de,Outage,Incident,Maintenance,Documentation,Resolution,Follow-Up,,
Problem mit Investitionsprognosen,"Die Investmentprognosen entsprachen nicht den erwarteten Ergebnissen, da die Implementierung des ungenauen Datenanalysemodells fehlerhaft war.","Sehr geehrte(r) <name>,\n\nich habe Ihre E-Mail zur Verfügung gestellt, die Sie wegen der fehlerhaften Implementierung des Datenanalysemodells in Bezug auf die Investmentprognosen gekennzeichnet haben, entgegengenommen. Ich entschuldige mich für die damit verbundenen Unannehmlichkeiten und stehe Ihnen zur Verfügung, um Ihnen zu helfen.\n\nUm die Situation besser zu verstehen und eine geeignete Lösung zu finden, könnten Sie mir bitte mehr Informationen über die erwarteten Ergebnisse und die tatsächlichen Ergebnisse, die Sie sehen, bereitstellen. Zudem wäre es hilfreich, zu wissen, welches Datenanalysemodell implementiert wurde und wann.\n\nWenn dies erforderlich ist, kann ich auch eine Besprechung vereinbaren, um dies weiter zu besprechen. Bitte teilen Sie mir ein ggf. geeignetes Zeitfenster für eine Verbindung mit <tel_num> mit.\n\nMit freundlichen Grüßen,\n[Your Name]",Problem,Product Support,high,de,Technical,Bug,Performance,Feedback,,,,
Technische Sorge betreffend Datensicherung,"Ich möchte berichten, dass es bei der Datensicherung einen technischen Fehler gegeben hat. Der Verschlüsselungsprozess ist gescheitert, was darauf hindeuten könnte, dass das Softwareupdate fehlt. Ich habe versucht, die Situation zu korrigieren, indem ich die Server neu startete und die Konfiguration überprüfte, aber das Problem ist weiterhin bestehen geblieben. Ich würde mich sehr freuen, wenn Sie mir so schnell wie möglich zur Seite stehen könnten. Bitte geben Sie mir Anweisungen, ob es weitere Maßnahmen von meiner Seite gibt oder ob Sie weitere Details benötigen. Danke für Ihre Unterstützung und Ihre Zeit.","Ich habe Ihre Nachricht über ein technisches Problem mit der Datensicherung erhalten. Um Ihnen behilflich zu sein, könnte ich bitten, die aktuelle Softwareversion und eventuelle Fehlermeldungen bereitzustellen. Ich werde Ihnen dann weitere Hinweise geben können, um das Problem zu beheben.",Problem,Product Support,high,de,Technical,Bug,Security,Crash,Maintenance,Documentation,Resolution,Feedback
Optimierung der Anlagestrategien für unsere Kunden täglich,Welche Werkzeuge werden für die Datenanalyse eingesetzt?,"Wir verwenden verschiedene Datenanalysewerkzeuge, um die Anlagestrategien für unsere Kunden täglich zu optimieren. Die Teammitglieder arbeiten mit Anlagemanagementsystemen und Risikoanalyseplattformen, um die besseren Entscheidungen zu treffen. Falls Sie mehr Informationen zu unseren Analysewerkzeugen benötigen, bin ich bereit, mich darauf einzuhaken. Wenn Sie eine Besprechung zum Thema wünschen, senden Sie mir bitte eine geeignete Zeit für den Anruf <tel_num>.",Request,Customer Service,low,de,Product,Technical,Customer,Feedback,Performance,Guidance,,
Enhancing H2O.ai for Investment Analytics,"I would like to request advice on the best configuration for H2O.ai when used in conjunction with Keras for investment analytics. Could you offer insights on optimal setup practices that ensure accurate predictions and efficient handling of large datasets? Specifically, I am interested in learning which hyperparameters should be adjusted and any additional tips for integrating Keras with H2O.ai.","Hello <name>, thank you for your interest in optimizing H2O.ai for investment analytics. To achieve accurate predictions and efficient handling of large datasets with Keras integration, we recommend tuning hyperparameters like the learning rate and hidden layers. Also, consider leveraging automated machine learning tools to simplify the process. Should you require more detailed guidance, please contact us at <tel_num> to discuss your <acc_num> and specific requirements further.",Request,Product Support,medium,en,Technical,Product,Guidance,Integration,Performance,Configuration,MachineLearning,Keras
Investing in Data Analytics Tools,Could data analytics tools offer insights to optimize investment strategies effectively? We appreciate your interest and thank you for reaching out!,"<name>, thank you for contacting us and showing interest in data analytics tools for investing. These tools can indeed provide valuable insights to optimize investment strategies. Popular options include portfolio management software and market analysis platforms. To better assist you, could you please provide more details on the specific type of investments you are looking to optimize? We would be happy to discuss this further over the phone. Please let us know your availability.",Request,Product Support,high,en,Feedback,Product,Feature,Sales,,,,
Intern Connection Issues with SaaS Platform Right Now,"Currently experiencing connection problems with the Project Management SaaS platform, which affects various integrated tools. The issues likely stem from recent system updates or network configuration changes. Attempts have been made to reset devices, clear caches, and review usage policies, but the problem persists and continues to impact productivity. Could you please provide quick support to resolve this issue? Any assistance or guidance to return to normal operating conditions would be greatly appreciated.",We will address this issue and invite you to a further discussion to find solutions for the connection problems with the SaaS platform. Please contact us at <tel_num>.,Incident,Customer Service,low,de,Network,Performance,IT,Tech Support,,,,
Inquiry on Pricing for WooCommerce Integration,"Hello customer support, I am reaching out to seek information on the pricing for WooCommerce integration. Could you kindly offer a detailed cost breakdown? It would also be helpful to know about any extra charges that might apply. This information will assist me in making a decision regarding the integration. Thanks for your assistance.","Hello <name>, thank you for your email concerning the pricing of WooCommerce integration services. Our pricing is based on the complexity of the integration. I can provide you with a detailed cost breakdown. Please share your specific integration needs, and I will send you a personalized quote along with any additional charges. Thank you.",Request,Billing and Payments,medium,en,Billing,Product,Pricing,Integration,Customer,,,
,"An error has occurred during login, which is hindering access. It might be due to recent system updates. Despite clearing the cache and trying password resets, the issue remains unresolved. Assistance is needed to resolve the login issue.","We apologize for the login issue you are experiencing, and we suspect that recent system updates might be the cause. To assist you better, please provide your account details and the exact error message you are seeing. To resolve the issue more efficiently, let us know a convenient time to schedule a call, and we will contact you accordingly.",Incident,Technical Support,high,en,Login,Bug,Performance,IT,Tech Support,,,
Problem with Medical Data During Backup,Medical information went missing during the backup process. The issue might be due to human error or a RAID controller failure.,Our primary focus is to swiftly investigate the cause and restore the data.,Incident,Product Support,medium,en,Backup,Hardware,Performance,Maintenance,Resolution,,,
Fehlermeldung bei Avid Pro Tools,"Lieber Kundenservice, ich melde Ihnen ein Problem mit Avid Pro Tools. Das Softwareprogramm stürzt während des Projektexports ab, was die Produktionsprozesse erheblich behindert. Ich vermute, dass der Fehler mit den letzten Softwareupdates und der mangelnden Versorgung mit Hardwareressourcen zusammenhängt. Trotz mehrerer Systemneustarts und der Wiederinstallation des Programms besteht das Problem weiterhin. Der Teambetrieb ist stark unterbrochen, was zu erheblichen Verzögerungen führt. Ich schätze, Sie könnten schnellstmöglich ein Problem lösen, das unsere tägliche Operation behindert.","Entschuldigung für den Fehler bei Avid Pro Tools. Es wäre hilfreich, wenn Sie Systemanmeldeinformationen und einen detaillierten Fehlerbericht bereitstellen könnten. Dies könnte erforderlich sein, um den Fehler genauer zu untersuchen. Sie können mich anrufen, sobald es Ihnen gemütlich ist. Bitte geben Sie mir bitte die Telefonnummer <tel_num>. Zudem wäre es hilfreich, wenn Sie Ihre Kundennummer <acc_num> angeben könnten.",Incident,IT Support,high,de,Bug,Performance,Hardware,IT,Tech Support,,,
Integration von Kaspersky in Ubuntu,Ich benötige Unterstützung bei der Integration von Kaspersky in mein Ubuntu-System für eine sichere Datenanalyse. Können Sie mir Schritt-für-Schritt-Anleitungen zur Verfügung stellen?,"Ich kann Ihnen bei der Integration von Kaspersky in Ihr Ubuntu-System helfen. Bitte geben Sie mehr Details zu Ihrem Setup, damit ich Ihnen präzisere Anleitungen bereitstellen kann.",Request,IT Support,medium,de,Technical,Security,Documentation,Guidance,Integration,,,
Concern Over Marketing Metrics,"Customer Support,<br><br>I am writing to draw your attention to a pressing issue that our marketing agency is currently facing. We have implemented a digital strategy, but we are experiencing discrepancies in our brand growth metrics. Despite our efforts to verify the integrations within IFTTT and adjust settings on Monday.com, as well as review performance reports, the issues still persist.<br><br>The main problem seems to be inconsistencies in the data from tools like Zoho CRM and Google Analytics. We have tried to troubleshoot the issue but have been unable to identify the root cause.","<name> has written an acknowledgment email regarding the issue with marketing metrics that the marketing agency is facing. We understand that you are experiencing discrepancies in your brand growth metrics due to inconsistencies in data tools such as Zoho CRM and Google Analytics. To assist in resolving this issue, we would like to request more information on the specific discrepancies and the steps that have been taken so far to troubleshoot the issue. Could you please provide us with more details on the integrations within IFTTT and any settings that have been adjusted?",Incident,Product Support,low,en,Feedback,Performance,Documentation,Marketing,,,,
Digitale Strategie-Dienstleistungen für Unternehmen,"Können Informationen über digitale Strategiedienstleistungen zu einer Steigerung der Markengrowths beitragen? Ich möchte gerne mehr erfahren, wie diese Dienstleistungen es einer Firma ermöglichen, ihre Online-Präsenz auszubauen und neue Kunden zu erreichen. Vielen Dank für Ihre Unterstützung.","Sehr geehrter Kundende, vielen Dank für Ihr Interesse an digitalen Strategiedienstleistungen. Unsere Dienstleistungen umfassen Sozialmedien-Management, Suchmaschinenoptimierung und Online-Werbung, die zur Steigerung der Markengrowths beitragen. Um mehr darüber zu erfahren, wie unsere Dienstleistungen einer Firma helfen können, freuen wir uns auf einen Telefonanruf. Wenn Sie verfügbar sind, um eine Diskussion über unsere Dienstleistungen fortzusetzen, lassen Sie uns bitte wissen, wann ein guter Zeitpunkt für Sie ist, damit ich Ihnen weitere Informationen zu unseren Dienstleistungen mitteilen kann.",Request,Service Outages and Maintenance,high,de,Feedback,Sales,IT,Tech Support,,,,
Healthcare Data Security,"Dear Customer Support, I need assistance in securing medical data for our hospital's IT system using the Bitdefender D-Link DIR-895L router. Could you help identify best practices to ensure the confidentiality, integrity, and availability of sensitive medical information, and recommend robust security measures that meet the highest standards for data protection? Specifically, I am interested in how the D-Link DIR-895L router can be configured to work seamlessly with Bitdefender security solutions. Additionally, please suggest encryption methods.","I am pleased to assist with securing medical data on the Bitdefender D-Link DIR-895L hospital IT system. To establish a robust security system, I recommend enabling WPA2 encryption and setting up a guest security zone. Access controls and monitoring tools can also be very helpful. Please call at a convenient time to discuss further questions. <tel_num>",Request,Customer Service,high,de,Security,IT,Tech Support,,,,,
Linux and PyTorch Integration Specifications,What are the recommended specifications for integrating Linux and PyTorch?,"For integrating Linux and PyTorch, we recommend using a 64-bit Linux distribution with at least 8GB of RAM and a multi-core processor. A dedicated NVIDIA GPU is also suggested for the best performance. Ensure that you are running the latest version of PyTorch, which is compatible with your Linux distribution. Should you have any additional questions or need more detailed instructions, feel free to reach out and I will assist you with your integration needs.",Request,Technical Support,high,en,Technical,Product,Documentation,,,,,
,"experienced substantial delays in project load times. This may be due to heightened user traffic that has overloaded server capacity. Despite efforts to optimize database queries and enhance caching strategies, there has been no noticeable improvement. The issue continues, and we urgently require assistance to resolve it promptly.","help address the delay in project load times, we need more details on the current server configuration and the optimization steps that have been taken so far. Let's discuss and schedule a call at your earliest convenience to resolve the issue promptly.",Incident,IT Support,high,en,Performance,Network,IT,Tech Support,,,,
"Benutzer meldet temporäre Schwierigkeiten bei dem Projektsteuerungsdashboard, möglicherweise aufgrund von Netzwerkproblemen oder Überlastung des Hintergrundservers","Ein Benutzer hat zeitweise Probleme mit dem Projektsteuerungsdashboard gemeldet, was möglicherweise auf Netzwerkprobleme oder die Überlastung des Hintergrundservers zurückzuführen sein könnte. Der Benutzer hat versucht, das Cache zu leeren und den Browser zu wechseln, was die Situation jedoch nicht verbessert hat.","Sehr geehrte [Name],<br><br>ich schreibe Ihnen, dass wir zeitweise Probleme mit dem Projektsteuerungsdashboard bestätigen, die von einer Organisation gemeldet wurden. Ich verstehe, dass das Leeren des Caches und das Wechseln des Browsers die Probleme kurzfristig gelöst hat. Um die Situation näher zu untersuchen, möchten wir zusätzliche Informationen sammeln, einschließlich der Fehlermeldungen, die der Benutzer beim Beobachten der Symptome registriert hat. Könnten Sie bitte weitere Details bereitstellen, z.B. die genaue Fehlermeldung und relevante Informationen? Falls nötig, können wir telefonisch vereinbaren, um die Lösung genauer zu besprechen. Das Telefonnummer lautet [Telefonnummer].",Incident,Customer Service,medium,de,Bug,Network,Performance,Disruption,IT,Tech Support,,
Support Required for Software Crash,"Customer Support, <br>Our data analytics software has crashed our critical investment optimization analysis. It might have occurred due to a compatibility issue with Apache Hadoop. We have attempted to restart the software and check for updates, but the problem still persists. <br>The software was working fine until recently, after updating to the latest version of Apache Hadoop. <br>We would greatly appreciate it if you could provide a solution to this issue as soon as possible. <br>Thank you for your assistance.",We will investigate the crash issue with your data analytics software and contact us at +1234567890 for assistance in resolving the problem.,Incident,Technical Support,high,en,Bug,Crash,Performance,IT,Tech Support,,,
Report on Security Incident,An unauthorized access attempt was detected on the hospital's systems due to outdated software vulnerabilities. Initial security scans have been conducted to update the systems and identify any breaches. Our team is working to ensure the systems are secure and protected.,"We appreciate you reporting this security issue to us. Our team has taken immediate action to update the systems and conduct security scans. To assist you further, could you please provide details on the vulnerabilities that were exploited? We would like to schedule a follow-up call to ensure that all necessary measures are in place to prevent future incidents. Please let us know a suitable time for the call.",Incident,Technical Support,high,en,Security,Bug,Performance,IT,Tech Support,,,
Anfrage zur Preisgestaltung für Digitalmarketing-Dienstleistungen erforderlich,"Ich kommuniziere hiermit, um weitere Informationen zu unserer Preisgestaltung für digitalmarketing-Dienstleistungen zu erhalten. Könnten Sie mir bitte werden eine detaillierte Zuteilung der Kosten und der dargestellten Dienstleistungen in jedem Plan zur Verfügung stellen? Es wäre mir außerdem von Nutzen, wenn Sie mir mitteilen, ob aktuelle Rabatte oder Promotionsangebote verfügbar sind. Vielen Dank für Ihre Zeit und Unterstützung. Ich freue mich auf Ihre baldige Rückmeldung.","Sehr geehrter Kundendecker, ich begrüße Ihre Anfrage zur Preisgestaltung unserer digitalmarketing-Dienstleistungen. Ich freue mich, Ihnen eine detaillierte Zuteilung unserer Kosten und Dienstleistungen zur Verfügung zu stellen. Unsere Pläne bieten verschiedene Leistungsstufen und Rabatte für langfristige Bindungen an. Ich werde Ihnen diese Informationen per E-Mail zukommen lassen. Wenn eine Gesprächsbesprechung gewünscht ist, lassen Sie es mich bitte wissen, wann Ihnen dies zustatten kommt.",Request,Billing and Payments,medium,de,Billing,Customer,Pricing,Feedback,,,,
Request for Information on Scalability Features,"While contacting Customer Support, I inquired about the scalability features of the SaaS platform that your company offers for project management. Could you provide detailed information on how the platform adapts to growing project demands, manages increased user traffic, data storage, and workflow complexity? I am particularly interested in learning about the automated scaling options, load balancing, and performance optimization techniques that are implemented. Additionally, it would be helpful to know about any limitations or constraints related to scalability that are addressed. Thank you for your time and assistance.","We will provide you with detailed information on the SaaS scalability features. Please allow us some time to review and prepare the information requested, and we will be in touch at your convenience to discuss it further.",Request,IT Support,high,en,Feature,Documentation,Feedback,,,,,
Request for Mailchimp Integration Guidance,"Dear Customer Support, I am contacting you to request assistance with integrating Mailchimp into our project management SaaS tool. Could you kindly provide any documentation or guidance on setting up this integration? I aim to synchronize my email marketing efforts with my project tasks and workflows. Despite reviewing your API documentation, I did not find specific information regarding Mailchimp integration. Any resources or support you can offer would be greatly appreciated. Thank you for your time and assistance. I am looking forward to your response.",I will provide you with the necessary Mailchimp integration guidance and documentation. I will look into this and get back to you with the required information and steps to set up the integration for your account.,Request,Customer Service,low,en,Technical,Guidance,Documentation,Integration,Mailchimp,,,
Assistance with Security Concern,"Detected unauthorized access attempts on the hospital's systems, impacting the security of medical data. Enhanced software and firewall protections were implemented as a resolution.",Investigating the security concern reported regarding unauthorized access attempts on the hospital's systems and medical data. Assistance requires details on the issue and the software updates made. Please schedule a call at <tel_num> to discuss and provide a resolution.,Incident,Technical Support,medium,en,Security,IT,Tech Support,Virus,,,,
Support Request: Campaign Metrics Syncing Issue,"I have encountered a problem with the synchronization of campaign metrics, which has stopped working in real-time. Although the integration between our platforms is correctly set up, the metrics are not updating. I have attempted to resolve the issue by restarting the TP-Link switch and examining the Docker container logs, yet the issue continues. Unfortunately, the error messages in the logs do not give clear insight into the problem. I have also verified the network connectivity and confirmed that all devices are properly connected. I kindly request your assistance in resolving this issue immediately, as the campaign metrics are essential for our business operations and inaccurate data is affecting our decision-making process. I am willing to provide any additional information or context required to help diagnose and fix the problem. Please inform me if there are any additional actions I can take to resolve the issue. Thank you for your time and support. I eagerly await your response.",I will assist you in resolving the campaign metrics syncing issue. Please provide the exact error messages from the Docker container logs for further analysis.,Problem,Product Support,low,en,Technical,Bug,Integration,Network,Metrics,Real-time,Docker,Logs
Available Integration Options for QuickBooks Online,"Hello Customer Support, I am contacting you to seek information regarding the integration options for QuickBooks Online with our project management SaaS platform. I am eager to explore how these two systems can enhance our business processes. Could you provide details about the types of integrations that are feasible, such as invoicing, expense tracking, and project budgeting? It would also be helpful to learn about any setup or configuration requirements, as well as the associated costs. Furthermore, I am interested in understanding any limitations or restrictions on the data that can be exchanged between the two systems. I appreciate your prompt response with this information. Thanks for your support. I am looking forward to learning more about this integration and its benefits for our business.","Hello <name>, thank you for your message. We provide several integration options for QuickBooks Online, including invoicing and expense tracking. I would be glad to discuss the setup and costs with you. Could you please share your <acc_num> so I can review your account details and provide more specific information on the integration capabilities and any applicable limitations?",Request,Technical Support,low,en,Technical,Product,Integration,Invoicing,ExpenseTracking,ProjectManagement,Setup,Cost
Probleme mit OBS Studio und PyCharm-Anwendungen,"Betreff: Probleme mit OBS Studio und PyCharm-Anwendungen\n\nSehr geehrte Kundenservice,\n\nich begegne Problemen mit OBS Studio und PyCharm-Anwendungen. Die Anwendungen kraschen und sind unresponsive. Ich habe die Anwendungen aktualisiert und einen Systemneustart durchgeführt, aber das Problem behält sich beständig. Ich vermute, dass es sich um einen Konflikt oder einen Mangel an Systemressourcen handelt.\n\nKönnten Sie mir bitte helfen, das Problem zu beheben? Ein Schritt für die Problembehandlung und -erkennung wäre sehr schätzenswert.\n\nVielen Dank für Ihre Zeit und Unterstützung.","Um das Problem mit OBS Studio und PyCharm-Anwendungen zu beheben, benötigen wir mehr Systemdetails. Bitte geben Sie diese an.",Incident,Technical Support,low,de,Bug,Performance,IT,Tech Support,,,,
System Issue,An unauthorized access attempt was detected on the hospital's system. It may have occurred due to a phishing attack. Initial security measures have been implemented to monitor system intrusions. The team is working diligently to resolve the issue and ensure the security system is robust.,We have received the email regarding the system issue and appreciate the swift action taken to implement security measures. We would like to discuss and provide necessary support to ensure the system's security. Would it be possible to schedule a call at your convenience to discuss the details and next steps? Please let us know a suitable time to contact us at <tel_num>.,Incident,Returns and Exchanges,high,en,Security,Virus,IT,Tech Support,,,,
Project Concern,Project synchronization has encountered problems possibly due to network connectivity issues.,"I will look into this issue and will reach out to you at <tel_num> to discuss the next steps for resolving the project synchronization failure, which may be attributed to network connectivity problems.",Incident,Product Support,high,en,Technical,Network,Outage,Bug,Resolution,Follow-Up,,
Problem Encountered with OBS Studio,"During my live stream, OBS Studio crashed, causing a loss of viewers and potential revenue. I restarted OBS Studio, updated the plugins, and verified my system resources, but the issue continues. Could you please assist in finding a solution or guidance to resolve this problem quickly?","I apologize for the OBS Studio crash during your live stream. For better assistance, could you share the version of OBS Studio and the list of installed plugins? I will look into this and provide a solution or guidance as soon as possible. Is it convenient for you to have a call at your earliest convenience to discuss this further?",Problem,Technical Support,high,en,Crash,Technical,Guidance,Hardware,Performance,Resolution,Feedback,
Problem with Project Information,"Hello Customer Support, I am reaching out to address an issue where my project data has vanished unexpectedly. This problem might be due to a synchronization issue with our integrations. Despite restarting the system, reviewing the logs, and reaching out to the integrators, the issue remains unresolved. I kindly request you to examine this situation and offer a solution promptly. If you need any additional information from me to address this, please let me know. I am eagerly awaiting your response. Thanks for your time and help. Sincerely, [Your Name]","Greetings [name], we appreciate you reporting the issue with your project data. We will look into the synchronization problem with your integrations. Kindly provide us with your <acc_num> and details about the integrators you have contacted. We will contact you at <tel_num> for further discussion if necessary.",Incident,Technical Support,high,en,Technical,Integration,Project,Synchronization,Resolution,Documentation,Guidance,
Support Request for Integrating Microsoft Azure,reach out regarding the connection Integration of Microsoft Azure with our Software-as-a-Service project management solution. Could detailed instructions be made available? We would be delighted if relevant documentation and resources could be provided. We are particularly interested in the benefits and challenges associated with integrating the Azure solution. Please indicate if there are any additional charges for the integration.,"Instructions for integrating Microsoft Azure with our SaaS solution are available. Please let us know the relevant documentation and resources, as well as any benefits, challenges, and potential additional charges related to the integration.",Request,Customer Service,medium,de,IT,Tech Support,Documentation,Feature,,,,
Investment Analytics,"Das Investment Analytics-Dashborad kann aufgrund eines Datenanalyse-Pipelines-Absturzes nicht geladen werden. Es wurde versucht, Elasticsearch neu zu starten, und die Ruby on Rails-Logs wurden geprüft.","Vielen Dank für die durchgeführten Schritte zur Lösung. Bitte teilen Sie uns die Ruby on Rails-Logs mit, damit wir weiter ermitteln können. Wir werden auch den Elasticsearch-Status überprüfen, um das Investment Analytics-Dashborad-Problem zu lösen.",Incident,Product Support,high,de,Crash,Performance,Resolution,Bug,Documentation,Incident,,
Improve Compatibility Across Various Platforms,"Request for enhancements to improve the application's compatibility performance across multiple platforms, such as iOS and Android. This would significantly enhance the user experience, allowing for seamless interactions with the app. We believe such enhancements would be highly beneficial and increase overall user satisfaction with the application. We look forward to hearing about any updates or improvements made.","<name> thanks for your feedback on enhancing compatibility across multiple platforms for the application. We understand the importance of providing a seamless user experience. The development team will review your request and consider it for future updates. You will be kept informed about the progress and changes. If you have any questions or concerns, please do not hesitate to contact us at <tel_num> or reply to this email at <acc_num>, referencing this ticket.",Change,Customer Service,high,en,Feature,Performance,Feedback,Documentation,,,,
Enhancing Data Security in Hospital Settings,Could you furnish detailed solutions for securing medical data in hospital settings? Seeking a reliable and efficient method to safeguard sensitive patient information.,"We can offer a range of solutions for securing medical data in hospital environments, including encryption, access controls, and monitoring systems. These solutions are designed to protect sensitive patient information and ensure compliance with regulatory requirements. I would be happy to discuss these solutions in more detail. Please provide your contact information so we can arrange a convenient time to call at <tel_num> for further discussion.",Request,Technical Support,high,en,Security,IT,Tech Support,Feedback,,,,
Concerns Over Hospital System Security Breach,"An unauthorized access attempt was detected on the hospital systems. This may have occurred due to outdated software or phishing. The issue is being addressed by applying security patches to the affected software and conducting user training sessions to prevent similar incidents in the future. Access logs are being reviewed, and additional measures are being taken to enhance system security. The hospital's team is working diligently to ensure the integrity of patient data and prevent potential breaches. If you have any questions, please let us know.","Dear [Name], thank you for your email regarding the hospital system security issue. We are pleased to inform you that security patches have been applied and user training sessions conducted to prevent similar incidents. Could you please provide more information on the access logs review and the additional measures taken to enhance system security? If available, it would be convenient to schedule a call at [Tel_num] to discuss the matter and address any questions or concerns you may have regarding the hospital's system security. Best regards.",Incident,Technical Support,high,en,Security,Bug,IT,Tech Support,Performance,Feedback,Training,Alert
Problem with Medical Data Retrieval,"I am encountering sluggish access to medical data and delayed transfers. This may be due to an incorrect Kubernetes setup. Despite restarting the Aruba switch and updating the Sophos application, the issue remains unresolved. I would be grateful for your help in addressing this. Kindly inform me of the subsequent actions to proceed.","In response to your email concerning the difficulties with medical data retrieval, I understand that you have attempted restarting the Aruba switch and updating the Sophos application but the issue still persists. To better assist you, it would be beneficial to understand your current Kubernetes configuration. Please provide detailed information about your setup. I will review this information and arrange a call at a convenient time for you to discuss the next steps to resolve the medical data access issue.",Incident,Billing and Payments,low,en,Technical,Medical,Performance,Kubernetes,Network,Resolution,Bug,Documentation
,Hello support team,"Hello, thank you for reaching out to our support team. We are here to assist you today. Please provide us with more details so we can better help you.",Change,Customer Service,medium,en,IT,Tech Support,,,,,,
Sicherheitsmaßnahmen für medizinische Daten auf Laptops,"Ich schreibe an, um zu erfahren, welche Sicherheitsmaßnahmen empfohlen werden, wenn medizinische Daten auf Laptops verwaltet werden. Was sind die wichtigsten Schritte, um die Sicherheit und Integrität sensibler Patientendaten zu gewährleisten? Gibt es spezielle Verschlüsselungsverfahren oder Software, die Sie anempfehlen können? Ich würde mich sehr freuen, wenn Sie mir Anleitungen dazu zur Verfügung stellen könnten.","Sehr geehrte [Name], wir bedanken uns für Ihre Interesse an der Verschlüsselung medizinischer Daten auf Laptops. Um die Vertraulichkeit und Integrität sensibler Patientendaten sicherzustellen, empfehlen wir die Anwendung von Vollverschlüsselung auf der Festplatte, wie z.B. AES, und das Verwenden eines sicheren Authentifizierungsverfahrens wie Two-Factor-Authentifizierung. Es ist außerdem sehr wichtig, dass Sie das Betriebssystem und die Sicherheitssoftware regelmäßig auf den neuesten Stand bringen und ein vertrauenswürdiges Antivirus-Programm nutzten. Eine Verwendung eines virtuellen Private Netzwerks (VPN) ist ratsam, wenn Sie über öffentliche Netzwerke auf medizinische Daten zugreifen. Wenn Sie detaillierte Anleitungen benötigen, melden Sie uns bitte ein geeignetes Zeitfenster an, um Sie telefonisch aufzusuchen und weitere Informationen zu besprechen. [Telefonnummer]",Request,Product Support,medium,de,Security,Breach,Documentation,Guidance,,,,
Probleme bei der Synchronisierung von Kampagnenmetriken,"Ich habe Schwierigkeiten bei der Synchronisierung von Kampagnenmetriken aufgrund von Integrationsproblemen mit DataRobot. Ich habe bereits versucht, die Dienste neu zu starten und die APIs zu überprüfen, aber das Problem behält sich trotzdem bestanden. Ich würde sehr schätzen, wenn Sie mir Unterstützung bei der Lösung dieses Problems bereitstellen. Bitte teilen Sie mich mit, falls es weitere Informationen gibt, die ich zur Lösung des Problems zur Verfügung stellen kann.","Ich werde mich um Ihre Probleme mit der Synchronisierung von Kampagnenmetriken kümmern und Sie auf <tel_num> anrufen, um das DataRobot-Integrationsproblem weiter zu besprechen und zu lösen.",Problem,Product Support,low,de,Technical,Bug,Integration,Synchronization,Resolution,,,
Optimierung von Investitionsstrategien mithilfe von Daten,Welche Werkzeuge werden bei Investitionen eingesetzt?,"Wir verwenden verschiedene finanzielle Analysetools, um Investitionsstrategien mit Daten zu optimieren, einschließlich Portfolio-Management-Software und Marktanalyse-Plattformen. Teilen Sie mir bitte mit, wenn Sie weitere Informationen zu diesen Werkzeugen und ihrer Anwendung auf Ihre Investitionen benötigen.",Request,Sales and Pre-Sales,high,de,Technical,Investment,Analytics,Software,Finance,Guidance,Documentation,
Secure Handling of Medical Data,Seek advice on securing medical data using Google Keep and MongoDB version 4.4.,"Offer guidance on securing medical data with Google Keep and MongoDB 4.4. The team will outline practices such as encryption, access controls, and compliance with regulations like HIPAA. We will discuss and implement secure data storage and retrieval processes to protect sensitive medical information.",Request,Customer Service,low,en,Security,Documentation,IT,,,,,
"Kann man Details zur Verschlüsselung medizinischer Daten in AWS-Krankenhaus-IT-Systemen erfahren und wie wird die HIPAA-Kompatibilität gewährleistet, um sensible Patientendaten zu schützen?","Ich möchte gerne mehr erfahren über die Verschlüsselungsmethoden für medizinische Daten in AWS-Krankenhaus-IT-Systemen und wie diese HIPAA-Kompatibilität gewährleisten, um die Sicherheit sensible Patientendaten zu sichern.","Wir können Ihnen Details zur Verschlüsselung von medizinischen Daten in AWS und den Zugriffskontrollen, die dazu beitragen, HIPAA-Kompatibilität zu gewährleisten, geben. Bitte geben Sie an, wann Sie gerne eine ausführlichere Besprechung der Krankenhaus-IT-Systeme möchten.",Request,Human Resources,medium,de,Security,Compliance,IT,Tech Support,,,,
Fehlerhafte Investment-Prognosen,"Die Investment-Prognosen basieren auf ungenauen Daten, da der Datenstrom inkorrekt ist.","Ich werde die Investment-Prognosen überprüfen, um den inkorrekten Datenstrom zu identifizieren und Ihnen eine korrigierte Version zu senden. Bitte lassen Sie mich diese Untersuchung durchführen und ich werde Sie bald auf dem Laufenden halten.",Incident,Technical Support,medium,de,Technical,Bug,Performance,Resolution,Feedback,,,
Support for Integrating GitLab,Seeking assistance with the integration of GitLab's project management SaaS for a smoother workflow. Would appreciate any information or details on the available resources.,"I would be delighted to assist with your GitLab integration. I can provide guidance from the website, schedule a call to discuss the process in detail, and ensure that the steps needed for integration align with your convenience.",Request,Technical Support,high,en,Feedback,IT,Tech Support,Feature,,,,
Datenschutsumbruch gemeldet,"Sehr geehrte Kundenservice, ich möchte mich in diesem Brief über einen Datenverstoß amüsieren, der kürzlich aufgetreten ist. Es könnte auf veraltete Software zurückzuführen sein. Obwohl ich versucht habe, Microsoft Office und Mathematica zu aktualisieren, behält sich das Problem bestehen. Ich bin angesichts der Sicherheitsbedenken meiner Daten besorgt und bitte um Unterstützung bei der Lösung dieses Problems. Könnten Sie mir Anleitungen zur weiteren Bearbeitung geben? Ich würde mich freuen, Empfehlungen zu den Software-Aktualisierungen und zur Sicherstellung der Daten-Sicherheit zu erhalten. Ich danke Ihnen im Voraus für Ihre Zeit und Ihre Unterstützung. Mit freundlichen Grüßen, [Ihr Name]","Sehr geehrte <name>, vielen Dank für Ihre Nachricht zur Meldung des Datenschutsumbruchs und für die Bemühungen, Ihre Software zu aktualisieren. Wir nehmen Datenschutz sehr ernst und helfen Ihnen gerne. Um die Situation besser zu verstehen, könnten Sie uns bitte mehr Informationen zur Verfügung stellen, wie zum Beispiel wann der Umbruch eingetreten ist und welche Art von Daten möglicherweise betroffen sind. Welche Version von Microsoft Office und Mathematica verwenden Sie aktuell? Unser Team wird mit Ihnen zusammenarbeiten, um das Problem zu lösen und Vorschläge zur sicheren Daten-Bearbeitung zu geben. Falls erforderlich, können wir eine Telefon-Betreuung vereinbaren unter <tel_num> zur weiteren Diskussion. Bitte geben Sie uns ein geeignetes Zeitfenster für Ihre Anfrage. Wir danken Ihnen für Ihre Zusammenarbeit und freuen uns auf die Lösung dieses Problems. Ihr Konto <acc_num> wurde im System notiert und Sie werden über die Fortschritte informiert.",Problem,Product Support,high,de,Security,Breach,Documentation,Guidance,Software,Update,Data,Communication
Bericht über Vorfall mit Hadoop-Problematik,Die Plattform zur Datenanalyse der Investitionsinformationen hat aufgrund einer unkompatiblen Version des Hadoop-Updates nicht funktioniert.,"Wir bedauern die Schwierigkeiten, die Sie mit Ihrer Datenanalyse-Plattform für Investitionsinformationen aufgrund des Hadoop-Updates hatten. Wir werden den Kompatibilitätsfehler in kürzester Zeit untersuchen und beheben.",Incident,Technical Support,high,de,Technical,Product,Bug,Crash,Resolution,,,
Effective Onboarding of New Team Members,Can you provide information on the best practices for onboarding new team members to the project management platform? I require guidance to help them get started quickly and efficiently.,We provide a step-by-step onboarding guide and training sessions to help new team members get started efficiently on the project management platform.,Request,Customer Service,medium,en,Onboarding,Guidance,Training,,,,,
Request for Updating Billing Integration,"I am writing to request an update to the billing integration to improve compatibility with QuickBooks Online and related products. It is important to ensure a seamless integration to avoid any potential issues that may arise from an outdated integration. I would greatly appreciate it if the update could be implemented as soon as possible. Please let me know if there are any additional steps required, and the information needed from me. I look forward to hearing back from you to find a solution to this matter. Thank you for your time and assistance.","<name> has received the request for updating the billing integration to improve compatibility with QuickBooks Online and related products. We understand the importance of a seamless integration and appreciate your proactive approach to avoid potential issues. To move forward with this request, we need to verify some information from your account <acc_num>. Could you please confirm your current billing setup and the specific version of QuickBooks Online you are using? This will enable us to provide a suitable update that meets your needs. If necessary, we may schedule a call to discuss further.",Change,Billing and Payments,high,en,Billing,Payment,Integration,Product,Feature,IT,Tech Support,
Problem Concerning Medical Data Encryption,The encryption process has encountered difficulties following recent software updates.,"Dear <name>, I am writing to confirm your concern about the encryption issues related to your medical data following recent software updates. To better address this, could you provide additional information on the specific error messages and the software updates that were applied? I am here to help resolve this, and if necessary, a call can be scheduled at a convenient time for you to discuss this further.",Incident,General Inquiry,low,en,Technical,Security,Breach,Documentation,Feedback,,,
Available Payment Options for JIRA Integrations,"Greetings Customer Support, I am writing to seek information on the payment options for integrating JIRA with WooCommerce and Adobe Creative Cloud subscriptions. Could you provide details on the various payment plans and accepted methods? I would also appreciate any information on discounts or promotions that might be applicable. Additionally, I would like to know if there are any specific requirements or restrictions for this integration. I look forward to your response. Thank you for your assistance. Best regards, [Your Name]","Hello [name], we appreciate your interest in integrating JIRA with WooCommerce and Adobe Creative Cloud. We offer payment plans such as monthly and annual subscriptions, with accepted payment methods including credit cards and bank transfers. Discounts are available for long-term commitments and bulk purchases. For more detailed information on payment plans and discounts, I would like to discuss this further with you. Would you be available for a call at your convenience to go over the specifics, requirements, and any restrictions for integrating these services? Please let me know a suitable time to call you at <tel_num>.",Request,Billing and Payments,high,en,Billing,Payment,Integration,WooCommerce,AdobeCreativeCloud,Customer,,
Support for Apache Hadoop Optimization,"Hello Customer Support Team, I am seeking detailed documentation to optimize my investment analytics using Apache Hadoop. Could you provide any resources or guides that might help improve the performance of my Hadoop data analysis and processing? Your support would be greatly appreciated and I look forward to your response. Please let me know if there is any additional information you need to provide an accurate response.",Resources for optimizing Apache Hadoop for investment analytics are available. Please provide any additional information needed.,Request,Technical Support,high,en,Performance,Documentation,Feedback,IT,Tech Support,,,
Digital Strategies For Enhancing Brand Expansion,I would like to know more about your digital strategies for enhancing brand growth and the services you provide. Could you give me more details on the services you offer?,"Dear <name>, thank you for your interest in our digital strategies for brand growth and expansion services. We provide a variety of services such as social media management, content creation, and online advertising. I would be pleased to go into more detail about these services. Please let me know if you would like me to contact you at <tel_num> to arrange a suitable time for a discussion.",Request,Customer Service,low,en,Customer,Strategy,Expansion,Digital,Brand,Service,,
Guidance on Securing Medical Data,"Customer Support, we have an inquiry regarding the securing of medical data for our Smart-Hörgerät products. Could you provide some guidance on best practices for protecting sensitive medical information? We would greatly appreciate any recommendations or resources that can help ensure the confidentiality and integrity of the data. Specifically, we are interested in learning about encryption methods, access controls, and data storage solutions. Please let us know about your expertise and experience in this area. Thank you for your time and assistance. We look forward to hearing from you.","{name}, we can provide guidance on securing medical data for our products, including encryption methods, access controls, and ensuring confidentiality and integrity. Please call {tel_num} to discuss and we can offer you recommendations and resources. Thank you.",Request,Product Support,high,en,Security,Feedback,Product,Documentation,IT,Tech Support,,
Data Breach Notification,We have encountered a data breach due to outdated software and improperly configured network settings. Actions taken include updating the TP-Link switch firmware and securing user access credentials.,Acknowledged receipt of the data breach notification. We appreciate the steps taken to update the firmware and secure user access credentials. Please provide additional details to assist in our review.,Incident,Product Support,high,en,Security,Network,IT,Tech Support,,,,
Probleme mit Software-Fehlern,"Es werden Software-Fehler in mehreren Anwendungen beobachtet. Neueste Aktualisierungen könnten möglicherweise Kompatibilitätsprobleme verursachen. Es wurde versucht, die Software neu zu installieren, was jedoch keinen Erfolg gebracht hat. Weitere Unterstützung ist erforderlich, um das Problem zu lösen.","Um Ihnen besser zu helfen, möchte ich die Software-Fehler untersuchen. Bitte geben Sie mir mehr Informationen über die betroffenen Anwendungen und Aktualisierungen. Könnten Sie mir Details zu den recenten Aktualisierungen des betroffenen Geräts bereitstellen? Wir können ein Gespräch planen, um das Problem zu diagnostizieren und eine Lösung zu finden.",Incident,Technical Support,high,de,Bug,Performance,Feature,IT,Tech Support,,,
Enhance Digital Marketing Plans,Seeking to update digital marketing strategies for improved brand growth across product lines.,"<name>, thanks for reaching out regarding the update to digital marketing strategies aimed at enhancing brand growth across product lines. We appreciate your interest in improving our brand's online presence. To better understand your requirements, could you please provide details on your current digital marketing efforts, specifically targeting the product lines you would like to focus on? This information will help us tailor our approach to meet your unique needs. We aim to have a clearer understanding of your goals.",Change,Product Support,medium,en,Feedback,Sales,Feature,,,,,
Optimierung von Google Keep für Marketingzwecke,Der Einsatz von Google Keep bei der Planung von Marketingkampagnen,"Sehr geehrte [Name], um Google Keep für Marketingzwecke zu optimieren, empfehle ich Ihnen, Ihre Notizen nach den Kampagnen zu strukturieren und Tags zu verwenden, um das Verfolgen zu vereinfachen. Ich freue mich, bei geeigneter Gelegenheit mit Ihnen über dieses Thema fortzuschreiten.",Request,IT Support,high,de,Marketing,Campaign,Documentation,Guidance,Feature,,,
Problem with Data Analysis Software,"To Customer Support Team, I am contacting you regarding an issue with our data analysis software that is not functioning properly. Despite restarting the program and verifying for recent updates, the problem continues. I kindly ask that you investigate and offer a prompt solution. I will be available to offer further details if needed or to answer any questions you might have. Thank you for your prompt attention to this matter, as it is impacting our workflow and requires timely resolution. So far, my attempts to resolve the issue on my own have been unsuccessful, and I hope you can assist. Best regards, [Your Name]","Dear [Name], we appreciate you contacting us about the trouble you are experiencing with the data analysis software. I regret the inconvenience and am here to assist you. To better address the issue, could you please provide specific details of the error messages you are encountering and a summary of the actions you have already taken? Additionally, could you specify the software version you are using and any recent changes to your system? I will work swiftly to find a resolution or arrange a call at your convenience to discuss further. Kindly inform me of a suitable time to contact you at <tel_num>. Thank you.",Incident,IT Support,medium,en,Technical,Product,Bug,Resolution,Guidance,Documentation,,
Enquiry About Digital Strategies for Brand Growth,"I am reaching out to seek information on digital strategies that drive brand growth with your integrated products. Could you provide me with some insights on this topic? I would greatly appreciate any guidance or resources you can share. Specifically, I am interested in learning how these products can aid in increasing brand awareness and customer engagement. Thank you for your time and assistance. I look forward to hearing from you soon.","I would be delighted to provide information on digital strategies that drive brand growth with our integrated products. Our products enhance brand awareness and customer engagement through targeted marketing and personalized customer experiences. I can offer you guidance and resources on this topic. For further discussion, could you please indicate a convenient time for a call, and I will reach out to you to provide more details and address any questions you may have.",Request,Customer Service,low,en,Customer,Guidance,Strategy,Product,Brand,Awareness,Engagement,
Concern About Online Engagement Decline,"We have noticed a significant drop in online engagement and brand visibility. This issue may be due to recent changes in our digital strategy or misconfigured tools. So far, we have reviewed digital campaigns and adjusted target metrics, but no visible improvements have been made. We have also checked our website and social media for technical issues, but nothing unusual has been found. We are glad to help identify the cause of the problem and suggest improvements. Please let us know more about the recent changes in our digital strategy and specific metrics that show the drop in online engagement. Could you provide a timeline of the changes and current engagement metrics? If needed, we can arrange a meeting to discuss further suggestions for improvement.","I am writing to confirm receipt of your email regarding the issue with online engagement. We understand that the team has already reviewed digital campaigns and checked for technical issues on the website and social media, but the problem still persists. We would like to continue investigating and would appreciate more detailed information about the recent changes in our digital strategy and the specific metrics that reflect the decline in online engagement. Could you please provide a timeline of these changes and the current engagement metrics? If necessary, we can schedule a meeting to discuss further suggestions for improvement.",Incident,Product Support,high,de,Feedback,Performance,Product,Feature,,,,
Problem with Investment Data Analysis,"A critical issue has arisen during the analysis of investment data, leading to delays in report generation. This problem might be due to software incompatibilities or configuration errors. Steps such as restarting applications and clearing cache have been taken, but the issue remains unresolved. We kindly request your assistance in resolving this matter as soon as possible.","To better address the issue with investment data analysis, please provide detailed information about your software configuration. You can contact us at <tel_num> to discuss this further.",Incident,Technical Support,high,en,Bug,Performance,IT,Tech Support,,,,
Request for Invoice Correction Assistance,"Dear Support Team, I hope this message finds you well. I am contacting you to address a recent issue with my invoice. It seems that I have been overcharged, and despite my efforts to rectify it, the problem continues. I would be grateful if you could investigate and send me a corrected invoice without further delay. Please let me know if you require any further information from me to help resolve this. As a long-time customer, I trust that we can handle this situation amicably. I am looking forward to your prompt response. Thank you for your assistance. Sincerely, [Your Name]","Dear [Your Name], we are grateful for your prompt communication regarding the overcharge on your invoice. We sincerely regret this oversight and thank you for your patience and continued support. We will examine this matter and aim to provide a corrected invoice at the earliest opportunity. To better assist in resolving this issue, could you please provide us with your account number and the date of the relevant invoice? Additionally, any documentation or details about the overcharge, such as the amount and the specific services or products it pertains to, would be very helpful. If necessary, we may contact you at [Your Tel Num] to discuss further. We will thoroughly review your account and work towards a timely resolution. We appreciate your cooperation and look forward to updating you on our progress. We will be in touch soon. Thanks for your understanding. Best regards, [Support Team Name]",Problem,Billing and Payments,high,en,Billing,Customer,Feedback,Resolution,Correction,Invoice,,
Probleme mit den Werkzeugen aufgrund von Software-Issues,"Vielen Werkzeugen geht es nicht gut, was möglicherweise auf Software-Probleme zurückzuführen ist.","Wir entschuldigen uns für die Schwierigkeiten, die Sie durch die nicht korrekt funktionierenden Werkzeuge erleben. Um das Problem genauer zu untersuchen, könnten Sie mir bitte detaillierte Informationen zur genutzten Software und den spezifischen Werkzeugen geben. Es wäre hilfreich, wenn Sie die Fehlermeldungen oder dasselbe Symptome beschreiben, die Sie dabei beobachten. Nach Erhalt dieser Informationen werde ich mit der Diagnose fortfahren oder einen Termin für eine Lösung vereinbaren.",Incident,Product Support,low,de,Technical,Tool,Bug,Software,Issue,Documentation,Guidance,
Query on Customer Support Services,Would like to know about digital strategies employed by brands with Adobe Creative Cloud and Grammarly. We would appreciate detailed information on tools that enhance brand content creation and editing processes.,I would be happy to discuss digital strategies using Adobe Creative Cloud and Grammarly. Please allow me to schedule a call to provide you with detailed information.,Request,Customer Service,low,en,Feedback,IT,Tech Support,,,,,
Secure Medical Data,"I need advice on securing medical data on Google Cloud Platform for a hospital IT system. Could you provide detailed instructions for setting up a secure environment that includes data encryption, access control, and compliance with HIPAA regulations?","I can offer guidance on securing medical data on Google Cloud Platform. To set up a secure environment, we would need to know the current compliance requirements. We are available to discuss this further via a telephone conference at a mutually convenient time to provide detailed instructions.",Request,Billing and Payments,medium,de,Security,Compliance,Documentation,IT,Tech Support,,,
Security Concern,"A potential security vulnerability has been identified in the hospital's system. It may have occurred due to outdated software and misconfigurations. A preliminary audit was conducted, and routine updates have been applied to mitigate the issue. However, further investigation is needed to determine the root cause and ensure the system's security. Assistance from the customer support team is requested to resolve the matter promptly and prevent potential breaches.",Received your email regarding the potential security vulnerability in the hospital's system. The issue will be escalated to the security team for further investigation. Please provide the details of the audit report and the updates that have been applied. Contact <tel_num> to discuss the next steps and ensure necessary follow-up to secure the system.,Incident,Product Support,low,en,Security,IT,Tech Support,Maintenance,,,,
Improved Project Management Solutions,We recommend integrating the Wave audio tool with Trackball to boost features and collaborative efforts.,"Dear <name>, we value your idea of integrating the Wave audio tool with Trackball to enhance project management functionalities and collaboration. As we strive to continually improve our offerings, we will certainly take your suggestion into consideration. To better comprehend your needs, could you please share more details regarding the desired features and collaboration methods? We will evaluate your feedback and explore potential implementation strategies. Should further discussion be required, we can arrange a call at <tel_num> at a time that suits you.",Change,Product Support,medium,en,Product,Feedback,Feature,Collaboration,Integration,,,
Problem mit den Projekt-Daten,"Sehr geehrte Kundenservice,\n\nich möchte melden, dass meine Projektdaten unerwartet fehlen. Es ist möglich, dass ein Integrationsproblem mit Redis 6.2 dahintersteckt. Ich habe bereits versucht, Jenkins neu zu starten und die Logs der Python 3.9 zu prüfen, aber das Problem behält sich bestehen. Ich würde es schätzen, wenn Sie das Problem untersuchen und mir so bald wie möglich eine Lösung vorschlagen könnten. Bitte melden Sie sich bei mir, falls Sie weitere Informationen benötigen, um das Problem zu beheben. Vielen Dank für Ihre Unterstützung und Ihre Zeit.","Ich werde das Problem mit Ihren Projekt-Daten genauer untersuchen und könnte möglicherweise zusätzliche Informationen benötigen, um es zu lösen. Vielen Dank für Ihre Meldung.",Incident,Customer Service,medium,de,Technical,Customer,Product,Bug,Crash,Resolution,Documentation,
Problems With Performance Metrics of Digital Marketing Campaigns,"Marketing agency's digital advertising campaigns did not meet the expected performance metrics, which may be due to issues with the target audience component or algorithm adjustments.",We will investigate and discuss further details.,Incident,Customer Service,medium,de,Performance,Feedback,IT,Tech Support,,,,
,Notification of a data breach within the hospital's system has been received.,"Thank you for bringing this matter to our attention regarding the data breach detected in the hospital's system. Ensuring the security of our systems is of utmost importance. Please initiate an immediate investigation into the incident. Could you please provide us with detailed information about the breach and any data that may have been compromised? This will help us assess the situation accurately. If further discussion is necessary, we may need to contact you directly for a more in-depth conversation. We would be available for a call at your convenience, please let us know.",Incident,Customer Service,medium,en,Security,Notification,Alert,IT,,,,
Irregular Connection Problems with Moodle Platform,"Our agency is facing irregular connection issues with the Moodle Blackboard Learn system. This may be due to network overload or multiple devices accessing simultaneously. We have already restarted the router and monitored bandwidth usage, but the issue still persists and we need assistance to resolve it. Please provide guidance on how to troubleshoot and fix the problem. We would greatly appreciate recommendations on optimizing the network configuration to prevent similar issues in the future.","I would be happy to assist with the connection issues. Please provide details on the network configuration, any error messages received, and guide us through the troubleshooting steps. Additionally, we can recommend optimizations to prevent similar issues in the future.",Incident,Technical Support,high,en,Network,Performance,Disruption,IT,Tech Support,,,
Request for Assistance with a Data Breach,"Dear Customer Support, I am writing to inform you of a serious data breach that has affected the security of my medical records. The breach may have occurred due to weak access controls, and I am taking immediate action to rectify the situation. I have already implemented emergency password resets and am reviewing user permissions to prevent unauthorized access. I understand the severity of the issue and am working diligently to ensure the security of our systems. I would greatly appreciate any guidance or support you can provide in addressing this matter. Please.",We have received your email regarding the data breach. The issue has been escalated to the security team. Please contact <tel_num> to discuss the steps we can take to provide guidance and secure the medical records system.,Incident,Technical Support,high,en,Security,Virus,Alert,IT,Tech Support,,,
Encountering Issues with Payment Processing,"I am facing a payment processing error that may be related to my outdated billing software. I have already restarted my system, reviewed the logs, and reached out to my bank, but the problem occurred unexpectedly. I would greatly appreciate your help in resolving this issue.","I would be glad to assist you with the payment processing error. Could you please share the specific error message you are receiving? Additionally, I will need your account details to investigate this further. Is it alright if I call you at a convenient time to discuss this problem?",Incident,Billing and Payments,medium,en,Billing,Payment,Outdated,System,Bank,Issue,,
Effective Optimization of Investment Portfolios Using Data Analytics Tools,"Hello Customer Support, I am writing to request details on data analytics tools that are suitable for optimizing investment portfolios for financial institutions. Could you please share information on the tools available and their features? I am particularly interested in their capacity to analyze market trends, forecast portfolio performance, and offer optimization recommendations. Additionally, I would greatly appreciate any information on the process for implementing these tools and the required training and support. Thank you for your attention and assistance. I am looking forward to your response.",We will reach out to provide information about available data analytics tools shortly.,Request,Customer Service,medium,en,Technical,Product,Feedback,Guidance,Documentation,,,
Anfrage zu Adobe Effects,"Könnten Sie detaillierte Spezifikationen und Integrationshinweise für die Adobe Effects 2021 SaaS-Plattform bereitstellen? Es wäre sehr hilfreich, wenn Sie auch relevante Dokumentationen und Ressourcen zur Verfügung stellen könnten, um den Prozess besser zu verstehen.",Wir werden detaillierte Spezifikationen und Integrationshinweise sowie relevante Dokumentationen per E-Mail zur Verfügung stellen.,Request,Technical Support,low,de,Feature,Documentation,Feedback,IT,,,,
Support Security Concern,A security breach has been identified in the systems. It is suspected that the issue arises from outdated antivirus software and misconfigured settings.,"We are currently addressing a case related to the detected security breach in the systems. To proceed, could you please provide more details on the current antivirus software and its settings? It would be convenient to have a call to discuss the next steps. Please let us know a suitable time for the call.",Problem,IT Support,low,en,Security,Bug,IT,Tech Support,,,,
Digitale Strategie-Dienstleistungen,Könnten Sie mir mehr über die digitalen Strategie-Dienstleistungen im Hinblick auf Markenwachstum verraten? Vielen Dank!,"Wir stellen Ihnen Informationen zu den digitalen Strategie-Dienstleistungen und deren Bezug zum Markenwachstum zur Verfügung, einschließlich anpassbarer Implementierungspläne. Es ist ratsam, uns anzurufen, um unsere Dienstleistungen so anzupassen, dass sie Ihren Markenwachstumsbedürfnissen entsprechen. Wir werden uns gerne darauf einigen, um Ihnen alles zu erklären.",Request,Billing and Payments,low,de,Feedback,Feature,Sales,,,,,
Request for Notion Integration Support,Can you tell me about the integration possibilities of Notion with your project management software?,"Our platform supports smooth integration with Notion, which allows linking pages and databases and synchronizing data. For more information, our support team can provide additional details and assist you in setting it up. If you prefer, we can schedule a call to discuss this in more depth.",Request,Customer Service,low,en,Product,Integration,Support,Documentation,Guidance,,,
"Bitten Sie, API-Integrationsoptionen für unsere Projektmanagement-Software-as-a-Service-Plattform zu prüfen","Geachte Kundensupport, könnten Sie bitte prüfen und mir Details zur Verfügbarkeit von API-Integrationsoptionen für unsere Projektmanagement-Software-as-a-Service-Plattform geben? Insbesondere interessieren Sie mich für die spezifischen REST und GraphQL APIs, sowie für die verfügbaren Endpunkte zur Integration. Darüber hinaus wäre ich dankbar für Informationen zu SDKs oder Bibliotheken, die den Integration-Prozess vereinfachen könnten. Ich würde mich freuen, wenn Sie mir Authentifizierungsmechanismen wie OAuth und API-Schlüssel sowie die entsprechende Dokumentation zur Verfügung stellen könnten. Darüber hinaus würde ich gerne erfahren, welche Integrationsmöglichkeiten es für populäre Dienste gibt.","Wir bieten REST und GraphQL APIs mit verschiedenen Endpunkten und SDKs zur vereinfachten Integration. Bitte lassen Sie sich die detaillierten Integrationsanleitungen und das Authentifizierungsverfahren (OAuth, API-Schlüssel) und die zugehörige Dokumentation zur Verfügung stellen.",Request,Customer Service,medium,de,Feature,Documentation,Tech Support,,,,,
Scalability Solutions for Large Teams,I would like to know more about the scalability solutions your SaaS project management tool offers for large teams. Could you share details on how your tool accommodates expanding teams and what features are included to ensure smooth collaboration?,"Dear <name>, we value your interest in our SaaS project management tool for large teams. Our tool is designed to scale with your team and supports seamless collaboration through features like unlimited user licenses and customizable workflow management. We would be pleased to discuss your specific needs and offer a tailored solution. Please let us know if you would like to schedule a call at <tel_num> to explore further.",Request,Customer Service,medium,en,Technical,Product,Feature,Collaboration,Tool,Scalability,Team,ProjectManagement
Problem with Data Synchronization Across Platforms,"I am encountering difficulties with syncing data across different platforms due to possible incompatible updates or configuration problems. Despite attempts to restart services, examine logs, and update dependencies, the issue remains unresolved. I would greatly appreciate your help in addressing this. Could you please guide me on the next steps to take to resolve this matter?","I am here to assist you with the data synchronization issue you are facing. In order to better diagnose the problem, could you please furnish me with additional details regarding the platforms and updates involved, as well as any specific error messages you have encountered? I will review this information and provide a detailed plan of action. Should further discussion be required, I am open to scheduling a call. If you are available for a call, please let me know your preferred time, and I will make sure to contact you at <tel_num>.",Problem,Technical Support,high,en,Technical,Bug,Synchronization,Documentation,Guidance,Communication,Follow-Up,
Sichere Zugriffsmöglichkeiten für medizinische Daten,"Ich benötige Unterstützung bei der Umsetzung von Mehrfaktor-Authentifizierung auf dem UniFi Dream Machine, um die Sicherheit medizinischer Daten zu steigern. Kannst du einen Schritt-für-Schritt-Leitfaden oder eine geeignete Lösung empfehlen? Es ist wichtig, dass sensible medizinische Informationen geschützt sind.","Sehr geehrte/r <name>, ich verstehe deine Anliegen bezüglich der Daten-Sicherheit auf dem UniFi Dream Machine. Um Mehrfaktor-Authentifizierung einzubauen, schlage ich die Nutzung eines Drittanbieters wie Duo oder Google Authenticator vor. Ich kann einen allgemeinen Schritt-für-Schritt-Leitfaden bereitstellen, jedoch könnte ich zusätzliche Informationen zu deinem spezifischen Setup und der Konfiguration benötigen, um eine geeignete Lösung zu empfehlen. Alternativ kann ich dich auch telefonisch beraten, wenn du dies vorziehst. Bitte bestimme eine geeignete Zeit für einen Telefonat.",Change,IT Support,medium,de,Security,Breach,Login,Documentation,Guidance,Incident,General,
Support Request for Integrating DataRobot with SaaS Project Management Platform,"Hello Customer Support, we are inquiring about the process of integrating the DataRobot SaaS project management platform. Our goal is to leverage DataRobot's capabilities to enhance our project management. Could you provide detailed information on the integration process, including necessary documentation, APIs, and developer resources? We would greatly appreciate any guidance on how to start and any potential challenges we may face. Additionally, could you provide details on how integrating the DataRobot platform could benefit us and improve our operations?","Hello, thank you for reaching out to our customer support team regarding the integration of the DataRobot SaaS project management platform. We would be happy to provide you with detailed information on the integration process, including necessary documentation, APIs, and developer resources. To get started, we recommend visiting the developer portal to find detailed guides and tutorials for integrating the DataRobot platform. If you have any specific questions or need additional assistance, please let us know as we are happy to help. Alternatively, we can schedule a call to provide you with more detailed guidance.",Request,Technical Support,medium,en,Feature,Documentation,IT,Tech Support,,,,
Support for Integrating Firebase on macOS,"Hello [Your Name],\n\nI hope this message finds you well. We understand that you are looking for assistance in integrating Firebase into your macOS environment with the aim of improving data analytics for your application. At present, there are challenges in the effective collection and analysis of user data, which is affecting decision-making on the future trajectory of your product.\n\nYour development team is exploring various solutions to enhance your data analytics capabilities, and we believe that Firebase could be a suitable choice. However, there are some uncertainties regarding the appropriate method to proceed. We are more than willing to offer you expert guidance and recommendations based on your specific needs.\n\nSpecifically, we are interested in providing details on setting up Firebase on macOS, along with configurations to ensure the collection and analysis of required data. Additionally, our aim is to educate you on the diverse features and tools available through Firebase, such as Google Analytics and Cloud Functions, and how they can be utilized to optimize data analytics.\n\nWhile we can provide general advice on best practices for data analytics optimization, such as effective data collection and analysis techniques, it would be beneficial to have a detailed discussion. I would like to arrange a call at your convenience to discuss your requirements and provide personalized advice. Please let me know a suitable time to contact you at [Phone Number].\n\nThank you for considering our support. We look forward to your response and hope to assist you in optimizing your data analytics process.\n\nBest regards,\n[Support Team Name]","Dear [Your Name],\n\nThank you for reaching out. I appreciate your interest in integrating Firebase into your macOS system to boost your data analytics efforts. To ensure we address your specific needs effectively, it would be helpful to schedule a call to discuss your requirements in greater detail and provide tailored advice for setting up Firebase and its feature utilization, such as Google Analytics and Cloud Functions. Please let me know a convenient time to speak with you at [Phone Number]. In the meantime, I can share general best practices for data analytics optimization, including effective data collection, analysis, and interpretation strategies. I look forward to your response and am excited to assist you with your [Account Number].\n\nBest regards,\n[Support Team Name]",Request,Customer Service,medium,en,Technical,Customer,Product,Integration,DataAnalytics,Firebase,macOS,Guidance
,"Sehr geehrte Kundensupport,\n\nich schreibe Ihnen, um Sie aufzufallen, dass ein unerwartetes Ereignis mit der Website Ihres Marketingagents eintritt. Jüngst haben wir eine plötzliche Anzahl von Website-Besuchern gemerkt. Nach vorläufigen Untersuchungen scheint diese Anzahl möglicherweise auf eine mögliche Algorithmisierung oder eine Konkurrenzstrategie zurückzuführen sein.\n\nWir haben einige Maßnahmen ergriffen, einschließlich der Analyse von Nutzerverhalten und -mustern, sowie der Anpassung unserer sozialen-Medien-Werbung, um unsere Zielgruppe besser zu erreichen und die Involvement zu erhöhen.\n\nTrotz unserer Bemühungen bleibt die Anzahl der Besucher bestehen, und wir befürchten potentielle negative Auswirkungen auf unser Geschäft. Wir würden uns freuen, wenn Sie uns helfen könnten und uns Rat oder Lösungen geben könnten.\n\nBitte überprüfen Sie meinen Kontoauszug <acc_num> und geben Sie mir die Anweisungen für die nächsten Schritte. Falls es erforderlich ist, werde ich Sie auf einen Anruf an <tel_num> einweisen.\n\nVielen Dank für Ihre Unterstützung und Ihre Zeit.\n\nMit freundlichen Grüßen,\n[Your Name]","Ich werde die plötzliche Anzahl der Website-Besucher untersuchen und Ihnen Empfehlungen zur Wiederherstellung der Situation geben. Bitte überprüfen Sie Ihr Kontoauszug <acc_num> und teilen Sie mir in Kürze die nächsten Schritte mit. Falls nötig, werde ich Sie auf einen Anruf an <tel_num> hinweisen.",Incident,Customer Service,medium,de,Customer,Outage,Feedback,Guidance,Documentation,,,
Einstellungen von Elasticsearch für Investitionsdatenauswertung optimieren,"Ich benötige Unterstützung beim Einrichten von Elasticsearch, um die Datenauswertung für Investitionen optimieren zu können. Könnten Sie mir mit den nachfolgenden Schritten helfen?","Sehr geehrte/n [Name], ich freue mich, Ihnen bei der Konfiguration von Elasticsearch für eine optimierte Datenauswertung für Investitionen zu helfen. Um eine präzisere Anleitung zu erstellen, benötige ich einige Details über Ihre aktuelle Einrichtung und Ihre spezifischen Anforderungen. Könnten Sie mir bitte mitteilen, welchen Datentyp Sie für Ihre Investitionen verwenden und welche Sorten von Analysen Sie durchführen möchten? Zudem würde es hilfreich sein, zu erfahren, welche Version von Elasticsearch Sie verwenden und welche Hardwareressourcen Ihnen zur Verfügung stehen. Sobald ich diese Informationen habe, kann ich Ihnen Schritt für Schritt Anweisungen zur Optimierung Ihrer Elasticsearch-Konfiguration für diesen Use Case geben. Falls Sie lieber telefonisch darüber sprechen möchten, kann ich Sie an dem angegebenen Telefonnummer <tel_num> anrufen, wenn es Ihnen passt. Alternativ können Sie die notwendigen Details ebenfalls liefern und ich werde Ihnen mit den Konfigurationsschritten antworten. Bitte lassen Sie mich wissen, wie ich Ihnen bei Ihrer Elasticsearch-Konfiguration für optimierte Datenauswertung weiter unterstützen kann.",Request,IT Support,high,de,Technical,Customer,Product,Guidance,Documentation,,,
Problem with Data Analytics Dashboard Stopping Unexpectedly,"The data analytics dashboard is stopping at random intervals, leading to the loss of investment data. This is because of mismatched versions of Android Studio and Redis. I've attempted to restart the dashboard and inspect the Redis logs, but the problem is still ongoing. I would greatly appreciate your help in solving this issue and in preventing any future crashes.",I will help you with the dashboard problem. Could you please provide your account number and a convenient time for a callback so we can discuss this further?,Incident,Technical Support,low,en,Technical,Crash,Bug,Resolution,Customer,,,
Request for Details on Billing Plans for Airtable Integration in Project Management SaaS,Could you provide information on the billing plans for the Airtable integration in our project management SaaS solution? I would appreciate any details on pricing and available discounts.,We will get back to you soon.,Request,Billing and Payments,low,en,Billing,Payment,Product,Feature,Feedback,Sales,,
Unterstützung für Kampagnen,"Sehr geehrte Kundenservice,\n\nich drücke meine Betroffenheit über unsere nicht effektiven digitalen Kampagnen aus. Trotz aller Anpassungen und Inhaltsänderungen haben die Kampagnen das Zielpublikum nicht erreicht, was unsere Markenentwicklung stark beeinträchtigt. Ich glaube, dass die Ursache im Zieleinstellung oder in der Werbeanzeigestrategie liegt. Ich wäre sehr dankbar, wenn Sie sich mit diesem Problem auseinandersetzen und mir ein Lösungsverfahren anbieten könnten. Informieren Sie mich, falls weitere Details benötigt werden, um das Problem zu beheben. Ich freue mich auf Ihre Rückmeldung. Mit freundlichen Grüßen, [Ihr Name]","Sehr geehrte [name],\n\nvielen Dank, dass Sie sich bei uns melken, um das Problem der digitalen Kampagnen zu klären. Ich werde mich freuen, Ihnen bei der Untersuchung dieses Problems behilflich zu sein. Könnten Sie mir bitte mehr Informationen zu Ihren aktuellen Werbeanzeigeeinstellungen und Zieleinstellungen liefern? Das wird mir helfen, das Problem besser zu verstehen und eine präzise Lösung anzubieten. Wenn nötig, werde ich einen Rückruf mit Ihnen vereinbaren, um unsere Arbeit fortzusetzen, sobald ein passender Termin für Sie festgelegt ist. Bitte geben Sie mir einen angemessenen Zeitpunkt unter dem Telefonnummer <tel_num> für Ihre <acc_num> Kampagne. Mit freundlichen Grüßen, ",Incident,Technical Support,high,de,Customer,Campaign,Feedback,Resolution,Follow-Up,,,
Problem with Mesh Network Connection,"Facing connectivity challenges with the Mesh Network, which is impacting digital marketing efforts. The issue might be due to outdated firmware. I've already attempted to reboot and check the device connections, but the problem still exists. I would greatly appreciate your help in resolving this matter at your earliest convenience.","Acknowledging the issue with Mesh Network Connectivity. To assist further, could you please provide the model number and current firmware version of the Mesh Network devices? It would be helpful to schedule a call at a convenient time for you to troubleshoot the issue. Please let me know a suitable time for the call, or you can contact us directly at <tel_num> to discuss possible solutions, which may include firmware updates or device replacement, and we can proceed with <acc_num>.",Incident,Technical Support,low,en,Network,Performance,IT,Tech Support,,,,
Vollständiger Fehler bei der Synchronisation von Google Keep wird gemeldet,"Sehr geehrte Kundenservice, ich möchte anmelden, dass ich Schwierigkeiten mit der Synchronisation von Google Keep auf meinem MacBook Pro habe. Diese Probleme traten nach der Installation von Apache Hadoop 3.2.1 auf und könnten möglicherweise aufgrund einer Konfigurationskonflikt entstanden sein. Ich habe bereits mein Gerät neu gestartet, Google Keep neu installiert und die Einstellungen von Twitch Studio Beta überprüft, aber das Problem behält sich bestehen. Ich würde es sehr schätzen, wenn Sie mir helfen könnten, diesen Fehler zu beheben. Infalls Sie weitere Schritte unternehmen oder zusätzliche Informationen benötigen, informieren Sie mich bitte. Ich freue mich darauf, von Ihnen zu hören. Ihr Eiferter Beteiligung ist sehr geschätzt.","Sehr geehrte <name>, ich verstehe, dass Sie Schwierigkeiten mit der Synchronisation von Google Keep auf Ihrem MacBook Pro haben. Ich möchte Ihnen helfen, diesen Fehler zu beheben. Sie haben bereits gute Schritte unternommen, indem Sie Ihr Gerät neu gestartet und Google Keep neu installiert haben. Um Ihnen besser zu helfen, wäre es hilfreich, wenn Sie mir informieren könnten, ob Sie die Webversion oder die Desktop-App von Google Keep nutzen und den genauen Fehlerbericht, den Sie sehen, wenn die Synchronisation fehlschlägt, bereitstellen könnten. Darüber hinaus wäre es interessant zu wissen, ob Sie in letzter Zeit Änderungen an Ihren Google-Konto-Einstellungen oder Ihren MacBook-Konfigurations-Einstellungen vorgenommen haben. Wenn es Ihnen recht ist, könnte ich Sie auch an der Nummer <tel_num> anrufen, um diese Fragen gemeinsam zu klären und Ihnen eine persönlichere Unterstützung zu bieten.",Incident,IT Support,high,de,Technical,Bug,Customer,Software,Synchronization,Guidance,Documentation,
Problem with Network Connectivity Today,Marketing agency is facing connectivity issues on various devices and applications. This might be due to a network configuration error or a software conflict.,Please contact <tel_num> to troubleshoot the network connectivity issue for the marketing agency.,Incident,IT Support,medium,en,Network,Performance,Bug,IT,Tech Support,,,
Investigation Needed for Data Breach,"There has been an unexpected data breach where the infrastructure was compromised, leading to the exposure of secure medical records. This may be due to misconfigured firewall settings or outdated software. Despite attempts to restart affected systems and update security protocols, vulnerabilities persist. Immediate assistance is required to address the situation.","We have received your email about the data breach affecting the infrastructure. To assist further, we need details on the steps you have already taken to address the breach. Could you please provide information on the specific affected systems and the vulnerabilities you are encountering? We can schedule a call at your convenience to discuss the situation and develop a plan to rectify the issue and prevent future occurrences.",Incident,Technical Support,medium,en,Security,Virus,IT,Tech Support,,,,
Problem mit Projekt-Dashboard,Benutzer beklagen sich seit erhöhtem Verkehr über verlangsamierte Ladezeiten des Projekt-Dashboards.,"Benutzer eine E-Mail über das Problem mit dem Projekt-Dashboard senden. Das verlangsamierte Ladeverhalten ist auf erhöhten Verkehrslagen zurückzuführen. Das technische Team wird informiert und wird das Issue so schnell wie möglich bearbeiten. Bitte geben Sie weitere Details zur Projekt-Zeitlinie und sagen, wann die verlangsamierten Ladezeiten begonnen haben. Ein Telefonkonferenziest wird geplant, falls erforderlich.",Problem,Customer Service,medium,de,Performance,Bug,IT,Tech Support,,,,
Hospital Data Breach Incident,"Customer Support, a data breach has been reported at a hospital, leading to the compromising of sensitive medical data due to inadequate security protocols. Immediate action has been taken, including implementing basic encryption and updating passwords. However, further assistance is needed to enhance security measures to prevent future incidents. We would appreciate guidance on advanced security protocols, such as firewalls and intrusion detection systems, as well as regular security audits. Additionally, further assistance is required.","We will assist in enhancing security measures to ensure compliance. Please provide your contact information, including <tel_num> and <acc_num>, so we can reach out to discuss a detailed plan of action to rectify the situation and prevent future breaches.",Problem,Billing and Payments,medium,en,Security,Virus,IT,Tech Support,Alert,,,
Probleme mit dem Kundenservice,Der Analyse-Dashbeitrag zeigt falsche Metriken an.,"Entschuldigung für das Problem mit dem Analyse-Dashbeitrag, der falsche Metriken anzeigt. Bitte geben Sie mehr Informationen zur Ursache der falschen Metriken, damit wir das Problem lösen können.",Problem,Product Support,medium,de,Bug,Performance,Feedback,Documentation,IT,,,
Meldung über ein Problem mit der Tracking-Funktion im Website-Analysedashboard,"Sehr geehrte Kundenservice, ich möchte Sie an diesem Punkt einer Angelegenheit mitteilen, die sich um eine stehengebliebene Tracking-Funktion im Dashboard unseres Websitedrehen. Die Anomalie wurde erst entdeckt, als wir bemerkten, dass die Tracking-Daten nicht mehr aktualisiert wurden. Wir haben bereits versucht, das Dashboard neu zu starten und die API-Verbindungen zu überprüfen, sind jedoch bisher nicht in der Lage den Grund für das Problem zu identifizieren. Es wäre sehr hilfreich, wenn Sie uns mit Ihrer Expertise helfen könnten, um diese Situation so schnell wie möglich zu lösen. Wir werden uns mit Freude bereit halten, Ihnen alles weitere mitzuteilen, was Sie benötigen. Vielen Dank für Ihre Unterstützung und Ihre gewährte Zeit.","Sehr geehrter <name>, es tut uns leid, dass Sie sich aufgrund eines Problems mit der Tracking-Funktion im Dashboard unseres Websited wenden mussten. Um die Situation besser verfolgen zu können, schätzen wir es, wenn Sie uns zusätzliche Details zu dem Problem bereitstellen könnten, insbesondere die genauen Fehlermeldungen, die Sie bekommen haben, und wann die Problematik erstmals aufgetreten ist. Es wäre auch hilfreich, wenn Sie uns Ihre <acc_num> und relevante Login-Daten zur Verfügung stellen könnten, damit wir das Problem genauer untersuchen können. Wenn es notwendig ist, können wir auch eine Telefonkonferenz vereinbaren, um den Prozess näher zu besprechen. Bitte geben Sie uns zu einem passenden Zeitpunkt Bescheid, wann wir Sie kontaktieren können (<tel_num>). Wir werden uns zusehen, so schnell wie möglich eine Lösung für das Problem zu finden.",Incident,Technical Support,high,de,Technical,Customer,Bug,Tracking,Dashboard,Website,Resolution,Support
Concern Regarding Security of Medical Records,There has been an instance of unauthorized access to medical records. This might have happened due to outdated security protocols. Steps have been taken to update user permissions and conduct a system audit to identify any vulnerabilities.,Immediate investigation and necessary security measures are required.,Problem,IT Support,medium,en,Security,Bug,IT,Tech Support,,,,
Issues with Website Crash Today,"Website experienced a sudden crash during an operation, likely due to increased traffic load. Server started with optimized load balancing, but the issue persists. Need assistance to quickly resolve the problem and minimize its impact on business.",Replied to the email regarding the Website crash issue. Request more details on the error messages to better understand the steps taken so far. Looking forward to scheduling a call to address and resolve the problem as soon as possible.,Incident,IT Support,high,de,Crash,Performance,Outage,Network,IT,Tech Support,,
Firebase Integration Advice,"Hi there, I'm contacting you to seek advice on the best strategies for combining Firebase with Kubernetes to support expansive digital marketing efforts. Firebase and Kubernetes, with their extensive tools for mobile and web app development and strong container orchestration, can provide a scalable and efficient solution. However, merging these technologies involves careful attention to aspects like data consistency, security, and performance optimization. I would greatly appreciate any resources or tutorials you can offer, and I am also interested in case studies that demonstrate successful integrations. If possible, could you suggest monitoring and troubleshooting tools to address any challenges that may arise during the integration? Your help is much appreciated, and I look forward to your response.","Hello, thank you for contacting our support. We're glad you're looking to integrate Firebase with Kubernetes. We suggest reviewing the official Firebase and Kubernetes documentation for best practices. We can also share relevant tutorials and case studies with you. If you prefer, we can set up a call at <tel_num> to further assist you with the integration process and recommend the best monitoring and troubleshooting tools.",Request,Technical Support,high,en,Technical,Documentation,Integration,Monitoring,Troubleshooting,Guidance,Performance,Security
,Help,I am here to assist you. Please provide more details about the issue you are facing so that I can offer you a more effective solution.,Request,Billing and Payments,medium,en,Customer,Guidance,Follow-Up,,,,,
Support Needed for Medical Data Encryption Failure,"Dear Customer Support, I am contacting you to report an issue with the medical data encryption, which has suddenly stopped working. I suspect that this might be due to insufficient updates of the Cisco IOS. Despite attempting to restart the HTC Vive Cosmos VR system, the issue remains unresolved. I would greatly appreciate your assistance in quickly addressing this concern. Could you please provide guidance on what actions I should take next? Given the critical nature of the security of our medical data, prompt resolution is essential. I look forward to your prompt response. Thank you for your time and support. I await your contact.","We have acknowledged your email regarding the medical data encryption issue. To better assist you, we require information on your current Cisco IOS version as well as any error messages you are encountering. Kindly contact us at <tel_num> to discuss the subsequent steps for resolving this problem.",Problem,Product Support,high,en,Technical,Security,Bug,Crash,Guidance,Documentation,,
Unexpected Crash of Medical Data Encryption System,"I am reporting an unexpected crash of our medical data encryption system. It is possible that this issue is due to software compatibility problems. We have already attempted to restart the servers and reviewed the system logs, but the problem remains unresolved. We would greatly appreciate any prompt assistance to ensure the security and integrity of our medical data.",I will look into the crash of your medical data encryption system and get back to you for further assistance and resolution.,Incident,Technical Support,high,en,Crash,Security,Resolution,Medical,Bug,System,Assistance,Incident
Probleme bei der Synchronisierung über verschiedene Geräte,"Der Projektterminplaner synchronisiert sich nicht. Es gab über Nacht Dateninconsistencies. Möglicherweise aufgrund von Problemen mit der API-Integration. Ich habe die Dienste neu gestartet, die Logs überprüft und die Konfigurationen geprüft.",Ich werde die API-Integration und die Konfigurationseinstellungen gründlich durchprüfen. Bitte geben Sie detaillierte Informationen zu den Fehlern in den Logs für eine weitere Untersuchung an.,Incident,Technical Support,medium,de,Technical,Bug,Synchronization,Integration,Crash,Documentation,Feedback,
Information on Data Analytics Tools for Investment Optimization,"Dear Customer Support Team, I am contacting you to learn more about how data analytics can enhance investment decision-making with your products. Could you provide detailed information on the tools and services that can aid in data-driven investment strategies? I would greatly appreciate any advice on getting started with data analytics for investment optimization. Additionally, could you share any available resources or tutorials that could help me understand this better? I am eagerly looking forward to your response and exploring how your products can assist in making more informed investment decisions. Thank you for your support and assistance. Best regards, [Your Name]","Dear [Your Name], we provide various data analytics tools to optimize investment decisions. Our services include data-driven insights and investment optimization solutions. We have resources and tutorials available to help you get started. I would be delighted to discuss this further with you. Please let me know a convenient time for a call at [tel_num] to explore how our products can assist you.",Request,Sales and Pre-Sales,medium,en,Technical,Product,Feedback,Guidance,Documentation,Training,,
Issue Regarding Integration Errors,"Dear Customer Support, I am writing to report an issue with multiple simultaneous integration errors. This issue might be related to API authorization problems. So far, I have tried restarting the services and checking the log files, but the problem persists. I would greatly appreciate it if you could address this issue and provide a solution as soon as possible. Please let me know if you require any additional information from me. I am available to assist you with any further details or clarifications needed. Thank you for your time and support. I look forward to your response. Best regards, [Your Name]","Dear [Your Name], I have received your email regarding the issues with the erroneous integration services. To assist you further, could you please provide the error messages from the log files and the API authorization details you are using? I am looking forward to helping you resolve this issue.",Incident,Customer Service,high,de,Technical,Integration,Error,Authorization,Log,,,
Issue with Data Dashboard,"SQL queries have begun timing out recently, likely due to an overloaded server or software conflicts.",I will look into the problems with the data dashboard and will contact you at <tel_num> to discuss potential causes and solutions for the SQL query timeout issues.,Incident,Technical Support,high,en,Technical,Bug,Dashboard,Performance,Server,Software,Resolution,
Assistance with Marketing Strategies,We are looking to enhance our digital marketing strategies which impact multiple products. We seek support to improve brand growth and ensure service continuity. We would greatly appreciate your guidance and assistance in achieving our goals. Please let us know the next steps to proceed.,"Thank you for reaching out to our service desk regarding marketing strategy support. I would be happy to help enhance your digital marketing strategies to improve brand growth and ensure service continuity. To better understand your requirements, could you please provide details on the specific products and areas you would like to focus on? Based on this information, I can provide tailored guidance and support, outlining the next steps for you. When convenient, we can schedule a call at <tel_num>.",Change,Service Outages and Maintenance,high,en,Feedback,Sales,Marketing,Support,Documentation,,,
Anpassung Rechnungsstellungsoptionen in Dynamics,"Angesehene Kundenservice, ich wende mich an Sie, um mehr über Anpassungsmöglichkeiten der Rechnungsstellungsoptionen innerhalb von Microsoft Dynamics 365 Projektmanagement zu erfahren. Insbesondere interessieren mich verfügbare Funktionen und die Anpassungslösungen, die für Rechnungsstellungen geeignet sind. Könnten Sie detaillierte Informationen zur Verwaltung benutzerdefinierter Rechnungsstellungsoptionen bereitstellen, insbesondere zu verschiedenen Konfigurationsoptionen, die auf verschiedenen Projekten angewendet werden können? Darüber hinaus würde ich gerne Informationen zu den besten Praktiken für die Implementierung von anpassbaren Rechnungsstellungslösungen erhalten. Ein Anruf bei mir würde ich sehr schätzen.","Angesehene <name>, Anpassung von Rechnungsstellungsoptionen in Dynamics 365 Projektmanagement kann gerne unterstützt werden. Ein Anruf bei mir am Nummer <tel_num> wäre sehr willkommen, um Informationen zu verfügbaren Funktionen, Tools und den besten Praktiken für die Implementierung anpassbarer Rechnungsstellungslösungen bereitzustellen.",Request,Billing and Payments,medium,de,Billing,Account,Feature,Documentation,IT,Tech Support,,
,"Dear Customer Support, I am submitting a report regarding an issue with the SaaS platform. Upon launching the platform, users are experiencing considerable lag when tasks are loading, which may be due to high traffic and insufficient server resources. Despite attempts to scale and optimize the server, the issue with lag continues to persist. This lag is negatively impacting user experience and productivity. I would greatly appreciate it if you could look into this matter and provide a solution at your earliest convenience. Additionally, if you need any further information, please let me know.","Hello, thank you for reporting the issue with the SaaS platform. We apologize for the inconvenience caused by the lag. To assist us further, could you please provide details on your server configuration and the optimization attempts you have made so far? We will investigate the matter and provide a solution as soon as possible. Feel free to contact us at <tel_num> to discuss any additional information needed.",Problem,Technical Support,high,en,Performance,Network,Disruption,IT,Tech Support,,,
Enhancing Squarespace Brand Visibility,"customer support, seeking detailed guidance on optimizing Squarespace for improved brand visibility and growth. interested in practices that can enhance website performance, boost online engagement, and increase sales. Could provide a step-by-step guide on how to optimize a Squarespace website? would also appreciate any tips or recommendations. Additionally, interested in knowing specific tools and features that can be used to enhance the brand's online presence. Thank you for your time.","Dear customer, thank you for reaching out to our service desk. We appreciate your interest in optimizing your Squarespace website for enhanced brand visibility and growth. To improve website performance, increase online engagement, and drive sales, we recommend starting with search engine optimization and ensuring your website is mobile-friendly. We can provide step-by-step instructions and tips on how to utilize Squarespace's built-in features, analytics, and SEO tools to enhance your brand's online presence. Would you like to schedule a call at <tel_num>?",Request,Service Outages and Maintenance,high,en,Feedback,Performance,Feature,Documentation,,,,
Problem mit Investment-Dashborad,"Das Investment-Analysedashborad zeigt Störungen an, was zu verlorenen Daten führt. Das Dashborad hängt und reagiert nicht mehr. Möglicherweise liegt der Grund in einer überlasteten PostgreSQL-Datenbank. Nach dem Neustart von Nuendo und Überprüfung der KVM-Switch hat sich das Problem nicht gelegt. Ich würde mich freuen, wenn Sie mir helfen könnten, das Problem zu lösen und die verlorenen Daten zurückzugewinnen.","Ich werde Ihren Investment-Dashborad-Issue und die mögliche Überlastung der PostgreSQL-Datenbank untersuchen. Ich rufe Sie am <tel_num> an, um weitere Schritte zur Lösung des Problems und zur Wiederherstellung der verlorenen Daten zu besprechen. Bitte geben Sie mir eine passende Zeit an, um Sie anzurufen.",Incident,Product Support,high,de,Technical,Bug,Performance,Crash,Resolution,Database,Problem,
Wachstum,"Sehr geehrte Kundenservice, ich wende mich an Sie, um effektive digitale Strategien zur Förderung des Marktwachstums in mittleren Unternehmen zu erkunden. In der dynamischen Markttagslandschaft des digitalen Markrieges kann es schwierig sein, herauszufinden, welche Ansätze am effektivsten sind. Ich würde es sehr schätzen, wenn Sie mir Ratschläge oder Vorschläge geben könnten. Besonders interessiert bin ich an Sozialmedienmarketing, Suchmaschinenoptimierung und E-Mail-Marketing. Gibt es bestimmte Strategien oder Techniken, die für mittlere Unternehmen besonders wirksam gewesen sind? Ich freue mich darauf, Ihre Meinung zu diesem Thema zu hören. Vielen Dank für Ihr Verständnis und Ihre Unterstützung.","Sehr geehrte <name>, vielen Dank, dass Sie sich an unseren Kundendienst gewandt haben. Um das Marktwachstum in mittleren Unternehmen zu fördern, raten wir, sich auf gezieltes Sozialmedienmarketing, Suchmaschinenoptimierung und personalisiertes E-Mail-Marketing zu konzentrieren. Wir können spezifische Strategien und Techniken besprechen, die bewährt sind. Wären Sie am <tel_num> für einen Anruf verfügbar, um diese Optionen weiter zu erörtern und eine individuelle Ratschläge für Ihre Unternehmensbedürfnisse zu geben?",Request,Customer Service,medium,de,Sales,Customer,Guidance,Marketing,Strategy,Training,,
Login Issue Encountered This Morning,"The login process failed unexpectedly this morning, which might be related to the server maintenance that occurred overnight. I have already tried restarting my browser and clearing the cache, yet the problem still exists.",I will look into the login issue and reach out to you at <tel_num> if further details are required to address the problem.,Incident,Customer Service,low,en,Login,Maintenance,Issue,Follow-Up,,,,
Inquiries about Evernote Integrations,"Hello, I am contacting you to request information on the integrations that are compatible with Evernote. Could you please share a list of applications and services that can be integrated with Evernote? Additionally, I would be grateful if you could provide guidance on the integration procedure and any limitations that might apply. I am looking forward to your response and am open to a more detailed discussion at your earliest convenience. Thank you for your time and assistance.","Greetings, thank you for reaching out to our Service Desk to inquire about Evernote integrations. We offer a variety of compatible applications and services such as Google Drive, Microsoft Outlook, and Slack, among others. The integration process usually involves linking your Evernote account to the desired application or service using our website or the application itself. Note that some integrations may have certain limitations or require a subscription to function correctly. For a thorough list of available integrations and detailed instructions, I can provide you with a link to our support page or we can schedule a call at a time that suits you for a more in-depth discussion.",Request,Technical Support,medium,en,Technical,Integration,Guidance,Documentation,Customer,,,
Detected Security Breach in Hospital System,"Customer Support,<br>A security breach has been detected in the hospital system, impacting medical data. It is suspected that outdated software may have contributed to the incident. We have attempted to update security protocols and conduct virus scans to address the issue immediately.<br>We require your assistance to resolve this matter as soon as possible to prevent further damage.<br>Sincerely,<br>[Your Name]","We are currently addressing the security breach in the hospital system. To assist you, we need information on the steps taken regarding the outdated software. It would be convenient to schedule a call to discuss and determine the appropriate course of action to resolve the issue promptly.",Incident,IT Support,medium,en,Security,Virus,IT,Tech Support,Performance,Maintenance,,
Frage zur digitalen Strategie-Dienstleistung für Markenwachstum,Ich benötige Informationen über die digitalen Strategie-Dienstleistungen für das Markenwachstum. Vielen Dank für Ihre Unterstützung!,"Ich freue mich, Ihnen Informationen zur digitalen Strategie-Dienstleistung für das Markenwachstum zur Verfügung zu stellen. Bitte lassen Sie mich gern eine gute Gelegenheit haben, um Ihre Anfrage näher zu besprechen unter <acc_num>.",Request,Technical Support,medium,de,Feedback,Sales,Feature,,,,,
Digital Brand Expansion Strategies,Could you provide more information on the digital strategies available to support brand growth? I am particularly interested in learning about the specific services offered that could help businesses expand their online presence. I look forward to your prompt response and appreciate your assistance.,We offer customized digital solutions that include SEO and social media management to enhance your online presence and drive brand growth.,Request,Human Resources,medium,en,Feedback,Sales,Lead,IT,Tech Support,,,
Problem with Website Outage,"Hello Customer Support, our marketing agency's website is currently experiencing downtime, which is impacting brand visibility and sales. It may be due to server overload or misconfigured plugins. We have already restarted the server, cleared the cache, and disabled any recent updates, but the issue still persists. This website downtime is causing significant financial loss in terms of potential customer revenue. We would greatly appreciate it if you could look into this matter urgently and provide a solution to get the website running as soon as possible. Please let us know.","Dear [name], we apologize for the issue with the website downtime and appreciate the troubleshooting steps that have been taken. We will investigate the matter urgently. For further assistance, could you please provide us with the account number and a good time to call you at [tel_num] to discuss possible solutions and next steps to get the website running as soon as possible.",Incident,Technical Support,medium,en,Outage,Disruption,Performance,Recovery,IT,Tech Support,,
,The system encountered a data breach. We have updated Malwarebytes and reinforced firewall settings.,We appreciate the update and would like to discuss steps to ensure account <acc_num> is secure. Immediate action is needed.,Problem,Technical Support,high,en,Security,IT,Tech Support,,,,,
Campaign Engagement Issues,The recent campaign was unsuccessful due to technical problems. Our troubleshooting attempts were not successful.,We apologize for the issues with the recent campaign and would like to investigate further. Could you please provide details on the technical glitches experienced and the troubleshooting steps you have taken? We are happy to assist in resolving the issue.,Incident,Returns and Exchanges,medium,en,Bug,Performance,IT,Tech Support,Feedback,,,
Unautorisiertes Zugangsbemühen wurde sofort erkannt,"Es wurde unautorisiertes Zugangsbemühen für medizinische Daten-Systeme erkannt. Es wurde ausreichendes Netzwerk-Sicherheitsunterstützung hinausgelegt. Trotz Überprüfung der Sicherheitsprotokolle und Konfigurationen bestehen weiterhin Mängel. Die sofortigen Maßnahmen umfassten die Aktualisierung von Softwarepatchs und das Ändern von Passwörtern auf den betroffenen Geräten, um weitere Verstöße der Datensicherheit zu vermeiden.","Sehr geehrter [name], der Bericht wurde eingegangen und bezieht sich auf das unautorisierte Zugangsbemühen zu medizinischen Daten-Systemen. Ich schätze die Bedeutung dieser Situation und bin froh, dass sofortige Maßnahmen wie die Aktualisierung von Softwarepatchs und das Ändern von Passwörtern auf den betroffenen Geräten umgesetzt wurden. Um die Sicherheit der Systeme weiterhin zu gewährleisten, möchten wir eine umfassende Prüfung der Netzwerk-Mängel und der Sicherheitsprotokolle durchführen, um bestehende Mängel zu identifizieren und zu beheben. Ich freue mich darauf, telefonisch über diese Angelegenheit näher zu sprechen, sobald es passt. Sie können mich unter dem Anrufnummer [tel_num] erreichen.",Incident,Technical Support,high,de,Security,Network,Bug,IT,Tech Support,,,
Expansion,I would like to explore more about digital tactics for brand expansion and how these can be put into practice for achieving success.,I am glad to assist you with digital tactics for brand expansion. Please provide a convenient time to call you at <tel_num> for a detailed discussion.,Request,Technical Support,medium,en,Customer,Sales,Training,Strategy,,,,
Request for Xero Integration Details,"I am contacting you to seek information regarding integration options for Xero with your project management SaaS solution. Could you kindly furnish me with details on the available integration methods and relevant documentation or support resources? It would also be helpful to know if there are any specific prerequisites or constraints related to integrating Xero with your platform. Moreover, do you have any plans for future enhancements or expansions in the Xero integration? Thank you for addressing this request. I eagerly anticipate your response and look forward to a detailed discussion.","We can supply information on Xero integration methods and documentation. Our platform supports API and Zapier integration. For more information, please refer to our website. I will contact you at <tel_num> to go over further specifics and address any questions you have about upcoming enhancements and expansions.",Request,Customer Service,low,en,Technical,Integration,Documentation,Information,Support,Guidance,Documentation,Routine
Support for Investment Optimization Model,The investment optimization model is providing inconsistent results.,"Please investigate the issue with the investment optimization model, which is delivering inconsistent results. Kindly provide more details on the inputs and observed results. I am ready to assist in finding a solution once these details are available.",Incident,Technical Support,high,de,Bug,Performance,Feedback,Tech Support,,,,
Bitten um detaillierte Informationen zu digitalen Strategiedienstleistungen und Markenwachstum,"Ich würde gerne mehr über die Dienstleistungen erfahren, die Ihnen helfen, die Online-Präsenz Ihrer Unternehmen zu erweitern und neue Kunden zu erreichen. Besonders interessiert mich die digitalen Strategie und wie sie zum Markenwachstum beitragen können. Ich würde gerne mehr über Social-Media-Verwaltung, Content-Creations und Online-Werbung erfahren. Danke für Ihre Unterstützung.","Wir bieten angepasste digitale Strategiedienstleistungen an, die speziell zum Markenwachstum entwickelt wurden. Unser Angebot umfasst Social-Media-Verwaltung, Content-Creations und Online-Werbung. Diese Dienstleistungen sind darauf ausgelegt, die Online-Präsenz Ihrer Unternehmen zu erweitern und neue Kunden zu erreichen. Sprechen wir gerne darüber, wie unsere Dienstleistungen Ihnen helfen können. Wir freuen uns auf Ihren Anruf und freuen uns darauf, gezielter zu arbeiten. Sie können uns gerne anrufen unter <tel_num> für weitere Diskussionen.",Request,Billing and Payments,medium,de,Feature,Documentation,Feedback,Sales,IT,Tech Support,,
Encountered Issue with Payment Processing,"I am reaching out to inform you about an unforeseen error during the payment processing. This error could be related to outdated software or a configuration problem. I have already restarted the system, reviewed the logs, and contacted the bank, but the problem continues. I would greatly appreciate your investigation and prompt resolution of this issue.",Thank you for your email concerning the payment error. I will look into this matter. Could you please provide your account number and the exact error message you are seeing? I will reach out to you at a convenient time to discuss this further and resolve the issue. Would you be available for a call at your preferred time?,Incident,Billing and Payments,high,en,Billing,Payment,Bug,Software,Resolution,Error,Account,
Request for Support,"Customer Support, encountered an unexpected charge on my account, which is affecting our budget for digital marketing activities. This might have occurred due to a billing error or miscommunication related to package upgrades. After verifying subscription details and checking for unauthorized transactions, the issue still persists. Could you please look into this matter and provide a resolution and explanation for the charge? I appreciate your assistance in resolving this issue and would like a detailed breakdown of my current subscription and any recent changes. Thank you.",We will review your account and contact us at <tel_num> to discuss the charge and provide a detailed breakdown of your subscription.,Incident,Billing and Payments,medium,en,Billing,Refund,Account,Payment,Disruption,Support,,
Declining Engagement in Digital Campaigns,"The campaigns were initiated with outdated BIOS settings, likely owing to insufficient software updates. This could have led to compatibility issues. I have restarted the servers and verified the network configurations.",Further details required,Incident,Product Support,medium,en,Technical,Network,Crash,Maintenance,,,,
Assistance with ClickUp Integration for Adobe Photoshop CC 2021 and QuickBooks Online,"I am contacting you to seek ClickUp integration guides for Adobe Photoshop CC 2021 and QuickBooks Online. Could you kindly provide detailed, step-by-step instructions on how to integrate these tools with ClickUp? Any resources or assistance you can provide to help me begin this process would be greatly appreciated.","Dear <name>, thank you for reaching out to our support team. We will supply you with the ClickUp integration guides for Adobe Photoshop CC 2021 and QuickBooks Online. I would like to schedule a call with you to discuss the step-by-step instructions on how to integrate these tools with ClickUp. Would you be available for a call at a time that fits your schedule, or would you prefer that we send you the guides via email and you can reach out if you have any questions about the integration process? Please let me know which option you prefer.",Request,Customer Service,medium,en,Technical,Integration,Product,Documentation,Guidance,,,
SaaS-Plattform-Crash-Issue heute,"Ein kurzer Überblick über das Problem: Das System brach unerwartet zusammen und verlor Projektdaten. Möglicher Ursache: Konflikte zwischen Sony Vegas Pro 18 und Ubiquiti UniFi. Maßnahmen: System neustarten, Logs überprüfen, Netzwerkverbindung Prüfen. Hilfe benötigt, um verlorene Daten zurückzugewinnen und Integrationen zu beheben.","Ich bestätige Ihren E-Mail-Bericht über das SaaS-Plattform-Crash heute, das zu verlorenen Projektdateien geführt hat. Ich verstehe, dass Sie das System neu gestartet, die Logs überprüft und die Netzwerkverbindung überprüft haben. Um Ihnen besser zu helfen, benötige ich weitere Informationen über die konflikthafte Integration mit Sony Vegas Pro 18 und Ubiquiti UniFi. Könnten Sie bitte Details über die spezifischen Integrationen und Einstellungen geben, die Sie eingerichtet haben? Ich werde auch Ihre Kontoinformationen benötigen, insbesondere Ihre Konto-Nr., um das Problem genau zu untersuchen und Ihre verlorenen Daten zurückzugewinnen. Wenn erforderlich, kann ich ein Anruf vereinbaren, um die Sache im Detail zu besprechen und eine Lösung anzubieten.",Incident,Technical Support,high,de,Crash,System,Issue,Project,Log,Network,Resolution,
Concern About Recent Software Updates,"Dear Customer Support, <br>We are reporting an issue that several users have encountered with the recent software updates. The problem seems to be related to billing discrepancies, which may have been caused by integration or data migration errors. Our team has reviewed the transaction histories of the affected users and attempted to resync the system, but unfortunately, the issue was not resolved. <br>We would greatly appreciate it if you could look into this matter and provide a solution at your earliest convenience. Please let us know if we need to contact you at <tel_num> to further discuss the issue.","Thank you for bringing the issue of billing discrepancies related to recent software updates to our attention, <name>. We would like to investigate this matter further. Could you please provide us with detailed information about the affected users and the transaction histories that were reviewed? If necessary, we can contact you at <tel_num> to discuss the issue in more detail. We will work to resolve the issue as soon as possible and provide a solution to correct the billing discrepancies.",Incident,Billing and Payments,medium,en,Bug,Billing,Performance,IT,Tech Support,,,
Anfrage nach Sicherheitsmaßnahmen bei Chromebooks,"Sehr geehrte Kundenservice, ich schreibe, um nachzufragen, welche Sicherheitsmaßnahmen zur Datensicherheit bei Chromebook-Geräten in Betracht gezogen werden. Da ich als Gesundheitsfachkraft daran interessiert bin, Chromebooks für meine Arbeit zu verwenden, muss ich sicherstellen, dass die sensiblen Informationen, die ich verwalte, sicher sind. Könnten Sie mir bitte Informationen zu den Sicherheitsfunktionen geben, mit denen Chromebooks medizinische Daten schützen? Ich würde mich freuen, wenn Sie mir weitere Details zu Verschlüsselung, Zugriffssteuerungen und Datensicherungsverfahren geben könnten. Ich bin auch daran interessiert, zu erfahren, welche Komplianz-Zertifizierungen die Chromebooks erhalten haben, wie z.B. HIPAA. Danke für Ihre Zeit und Ihre Unterstützung. Ich freue mich darauf, von Ihnen bald zu hören.","Sehr geehrte <name>, wir würden Ihre Anfrage zu den Sicherheitsmaßnahmen bei Chromebooks sehr schätzen. Chromebooks verfügen über robuste Sicherheitsfunktionen, einschließlich Verschlüsselung, Zugriffssteuerung und regelmäßiger Updates. Sie sind auch mit den wichtigsten Zertifizierungen abgestimmt. Ich möchte gerne einen Anruf mit Ihnen vereinbaren, um weitere detaillierte Informationen und eine Diskussion Ihrer spezifischen Bedürfnisse zu besprechen, wann immer Ihnen gelegen ist. Bitte teilen Sie mir ein geeignetes Zeitfenster mit, um Sie anzurufen, unter <tel_num>.",Request,Technical Support,high,de,Security,Customer,Guidance,Documentation,Compliance,Feedback,,
Enhancing Digital Brand Growth Strategies,May we offer insights to optimize your digital strategies?,"'name' thanks for your inquiry regarding strategies to enhance digital brand growth. Our team would be delighted to provide insights on how to improve your digital strategies to achieve a better online presence and engagement. We can discuss ways to enhance your website, social media, content marketing efforts, and how to better reach your target audience. We can also provide information on your current digital setup and goals, offering tailored guidance. We are available for a convenient call to discuss your needs and answer any questions you may have.",Request,Technical Support,high,en,Feedback,Sales,Feature,Documentation,,,,
Inquiry About Digital Strategies,"Customer Support, I am inquiring about digital strategies that can drive brand growth. Could you provide more details on the methods used to increase brand awareness and engagement? I am particularly interested in learning about social media marketing efforts to measure their effectiveness. Additionally, I would appreciate information on content marketing strategies to optimize our website for search engines. Thank you for your time and assistance. I look forward to hearing back soon. Please let me know.","Dear [Name], thank you for your email and for your interest in digital strategies. We use various methods to drive brand growth, including social media marketing and content marketing. To provide you with more specific information, please let us know the specific areas you are interested in, as we are happy to assist and provide more details according to your needs.",Request,IT Support,high,en,Feedback,Sales,Marketing,Documentation,,,,
Concern Regarding Campaign Metrics,"There has been a decline in marketing campaign metrics following recent algorithm updates. Despite reviewing and modifying the targeting settings and message content, there has been no improvement. Assistance is required to address this issue and enhance the campaign's performance.","We are here to assist with the metrics issue related to your campaign. To better understand the situation, could you please provide more details on the algorithm changes and the adjustments made to the targeting settings and messaging? Additionally, we would like to schedule a call to discuss this further. Please let us know a convenient time for you, and we will contact you at <tel_num> to resolve the issue related to campaign <acc_num>.",Incident,Product Support,low,en,Performance,Feedback,Documentation,Tech Support,,,,
,"Dear Customer Support, I am reaching out to request enhancements to the data analytics tools to improve investment optimization. The current tools are lacking and do not provide the necessary insights for making informed decisions. I would like to see advanced features integrated into the existing software to significantly improve the user experience and provide a competitive advantage. I look forward to hearing from you soon.","Dear [Name], we appreciate your feedback regarding the data analytics tools and your request for enhancements with advanced features. A representative will contact you soon to discuss this further.",Change,Product Support,high,en,Feature,Feedback,Product,Tech Support,,,,
Inquiry into Pricing for Blackboard Learn Integration,"Respected Customer Support, I am writing to ask about the pricing for integrating Blackboard Learn into your SaaS project management solution. Could you kindly give me a detailed outline of the associated costs? Additionally, it would be helpful to know if there are extra services or features included in the integration deal. Moreover, I am interested in learning about any discounts provided for long-term deals or bulk purchases. I look forward to your response. Thank you for your support and time.","Hello <name>, thank you for contacting us regarding the pricing for integrating Blackboard Learn with your SaaS project management platform. We would be glad to offer you a comprehensive cost breakdown. The integration includes a setup fee and an annual subscription fee, which fluctuates according to the number of users and features needed. We also provide extra services such as premium support and training, which can be added at an additional cost. Discounts are available for long-term commitments and bulk purchases, and we can discuss this in more detail. I would like to arrange a call with you to discuss your specific needs and provide a customized quote. Could we schedule a call at a time that is convenient for you?",Request,Billing and Payments,high,en,Billing,Product,Sales,Integration,Pricing,Discount,,
Enquiry on Digital Marketing Services,"I am interested in learning about digital marketing services to help my business grow. Could you provide details on the services you offer, such as SEO, social media management, and content creation? I would greatly appreciate information on how these services can enhance brand growth and increase online presence. Thank you for your time, and I look forward to hearing from you.","Hello [Name],\nThank you for your interest in our digital marketing services. We offer a range of services including SEO, social media management, and content creation to help businesses like yours grow and enhance your online brand presence. Our services are designed to increase online visibility, drive traffic to your website, and ultimately boost sales. We would be happy to discuss how we can tailor our services to meet your specific business needs. We are available to call at your convenience to discuss further.",Request,Billing and Payments,medium,en,Sales,Feedback,IT,,,,,
Probleme mit dem Netzwerk,"Das System hat unerwartet das Netzwerk abgelehnt. Dies hat den Zugriff auf Daten, Analysetools und Optimierungsvorschläge beeinträchtigt. Mögliche Gründe sind Schadensersatz oder Konfigurationsprobleme. Nach dem Neustart der Geräte und Überprüfung der Netzwerkverbindungen behält das Problem dennoch beständig an. Zusätzliche Unterstützung wird benötigt, um das Problem schnell zu lösen.","Wir werden uns bald bei Ihnen kontaktieren, um das Netzwerkproblem zu diagnostizieren.",Incident,Customer Service,high,de,Network,Performance,Disruption,Recovery,IT,Tech Support,,
Projektmanagement,"Ich schreibe, um eine Verbesserung der Benutzeroberfläche der Projektmanagement-Software anzufordern. Der aktuelle Layout und Navigation machen es den Teammitgliedern oft verwirrend. Ich möchte Vorschläge für eine vereinfachte Dashboards und benutzerfreundlichere Filter vorbringen, die den gesamten Benutzererlebnis verbessern und die Projektverwaltung effizienter gestalten könnten. Ich glaube, dass die Verbesserungen den Benutzern einen Vorteil bringen könnten, und würde mich freuen, wenn Sie diese Anfrage in Betracht ziehen könnten.","Ich schätze Ihre Vorschläge zur Verbesserung der Benutzeroberfläche der Projektmanagement-Software. Wir betrachten die Anfrage, Einfachheitsdienste wie Dashboards, benutzerfreundliche Filter und einen besser organisierten Layout zu integrieren. Diese Änderungen könnten das gesamte Benutzererlebnis verbessern und die Projektverwaltung effizienter gestalten. Das Entwicklerteam wird sich über diese Vorschläge informieren und die Umsetzbarkeit der Verbesserungen prüfen.",Change,IT Support,high,de,Feature,Feedback,Product,,,,,
,"Dear customer support, multiple users have reported performance issues with our SaaS platform on Microsoft Windows 10 Pro. These problems might be due to recent software updates or integration conflicts with third-party applications. Despite trying to troubleshoot by clearing the cache, reinstalling affected applications, and checking network connectivity, the issues still persist. I would greatly appreciate your assistance in resolving this matter, as it is affecting the users' experience.",We acknowledge the performance issues reported for our SaaS platform on Microsoft Windows 10 Pro and appreciate the troubleshooting steps you have already taken. We will investigate this matter further. Could you please provide more details on the recent software updates and third-party applications you are using? Knowing any specific error messages or symptoms experienced by the users would be very helpful. We are happy to discuss this at a convenient time; please let us know a suitable time to reach out.,Incident,Technical Support,high,en,Performance,Bug,IT,Tech Support,,,,
Concerns about Display Configuration,"I am facing display-related problems with the Acer Predator XB273K monitor while using a project management SaaS platform. Despite attempting to adjust monitor settings and reinstalling the application, the issue still exists. I would greatly appreciate any assistance in resolving this problem.","Dear [Name], we regret to hear that you are experiencing display issues with your monitor while using our project management SaaS. We are willing to assist you in resolving this problem. Please provide us with detailed information about the issue, including any exact error messages or descriptions of what you are seeing. Additionally, it would be helpful if you could tell us which operating system and browser you are using. We prefer to discuss this further over a call at [Tel Num], or you can continue troubleshooting via email. Please let us know a convenient time for a call, or if you prefer to continue via email.",Problem,Technical Support,high,en,Bug,Performance,Feature,IT,Tech Support,,,
Kosteninformationen für die Integration des Hemingway Editors in unsere SaaS-Plattform,"Ich wende mich an Sie, um detaillierte Informationen über die Preispläne für die Integration des Hemingway Editors in unser SaaS-Produkt zu erhalten. Könnten Sie mir die verfügbaren Pläne und deren Kosten mitteilen? Gleichzeitig wäre ich dankbar, wenn Sie mir klären könnten, ob es bei Langzeitverpflichtungen oder großen Bestellungen Nachteile gibt. Darüber hinaus würde ich gerne wissen, ob es Einschränkungen oder Begrenzungen bei der Anzahl der Benutzer oder der Funktionen pro Tarif gibt. Ich freue mich auf Ihre Rückmeldung.",Ich werde Ihnen die Preispläne und Details zur Integration des Hemingway Editors per E-Mail oder Telefon zukommen lassen.,Request,Billing and Payments,medium,de,Billing,Product,Payment,Integration,Pricing,,,
Data Breach,"Customer Support, compiling a critical report on an issue with the medical records system. We have encountered a data security breach, which may be due to outdated encryption protocols. Although we have tried to apply software updates, vulnerabilities persist, and we are seeking urgent assistance to secure sensitive patient data. The breach has put patients' confidential information at risk, and it is essential to resolve the matter promptly. We would appreciate immediate guidance and support.","Received your report regarding the data breach in the medical records system. The issue has been escalated to the security team. Please expect a call from us at <tel_num> to discuss further. In the meantime, please attempt to apply the updates to avoid any potential compromise to the system. Your account number is <acc_num>.",Problem,Technical Support,high,en,Security,Bug,Performance,IT,Tech Support,,,
Sicherheit von medizinischen Daten mit Docker und GitLab,"Sehr geehrte Kundenservice, ich möchte mich auf die Sicherung von medizinischen Daten im Zusammenhang mit Docker und GitLab in den IT-Systemen von Krankenhäusern konzentrieren. Da medizinische Daten sehr empfindlich sind, müssen sie bei der Speicherung und Kommunikation mit der größten Vorsicht behandelt werden. Ich würde gerne mehr Informationen erhalten, wie Docker und GitLab zur Sicherung und Integrität solcher Daten eingesetzt werden können. Besonders interessiert bin ich an den Verschlüsselungsmethoden, die von diesen Tools eingesetzt werden, und wie sie in unsere bestehenden IT-Systeme integriert werden können. Ich würde mich ebenfalls freuen, über die besten Praktiken zur Sicherung von medizinischen Daten mit Docker und GitLab zu erfahren. Ich danke Ihnen im Voraus für Ihre Zeit und Unterstützung und freue mich darauf, von Ihnen zu hören. Mit freundlichen Grüßen, [Ihr Name]","Ich werde Ihre Anfrage sorgfältig durchgehen und Ihnen relevante Informationen bezüglich der Sicherung von medizinischen Daten mit Docker und GitLab, einschließlich Verschlüsselungsmethoden und den besten Praktiken, zur Verfügung stellen. Gleichzeitig werde ich mich bald mit Ihnen in Kontakt setzen, um einen weiteren Austausch über diesen Thema vorzunehmen.",Request,Customer Service,medium,de,Technical,Security,Breach,Documentation,IT,Guidance,,
Tech Support,"Erlebe Schwierigkeiten mit der Integration mehrerer Softwareprodukte, die Projektmanagementworkflows beeinträchtigen. Möglicherweise sind die neuesten Updates die Ursache für Kompatibilitätskonflikte. Neustart der Anwendungen und Überprüfung der Integrations-Einstellungen haben leider nicht geholfen.","Um die Integrationsprobleme zu untersuchen, kontaktieren Sie uns unter <tel_num>. Wir werden weitere Maßnahmen beraten, falls erforderlich, und Ihnen einen Troubleshooting-Support vereinbaren, um Kompatibilitätskonflikte zu lösen.",Incident,IT Support,high,de,Tech Support,Performance,Bug,Documentation,,,,
Reported Issue with Server Downtime,"Our system went through unexpected downtime impacting all users. There might be a server overload issue or a possible software bug. After restarting the server and reviewing the logs, the problem still exists. We are diligently investigating to fix the issue promptly. We kindly request your feedback if you have any questions or concerns.","Dear <name>, thank you for bringing the server downtime issue to our attention. We regret the inconvenience this has caused for your users. We appreciate your efforts in troubleshooting, such as restarting the server and examining the logs. We aim to resolve this issue swiftly and would appreciate it if you could share any error messages or logs you've reviewed. This information will help us understand the situation better and provide a more precise solution.",Incident,Technical Support,high,en,Outage,Bug,Server,Technical,Resolution,Feedback,Disruption,
Support Security,"An attempt was made to illegally access medical data. Security protocols have been updated, but issues still persist. We need assistance to resolve the problem.","We are here to assist with the security issue. Could you please provide more details about the unauthorized access and the problems you are facing, so we can better understand the situation and offer a solution?",Incident,Technical Support,low,de,Security,IT,Tech Support,,,,,
Probleme bei der Funktionalität digitaler Kampagnen,Digitaler Kampagnen-Verlauf funktioniert nicht richtig aufgrund von Integrationsproblemen mit IFTTT und ClickUp.,"Ich habe Ihre Nachricht zur Beschreibung der Probleme mit den digitalen Kampagnen erhalten, die aufgrund von Integrationsproblemen mit IFTTT und ClickUp auftreten. Ich möchte Ihnen helfen, dieses Problem zu beheben. Könnten Sie mir bitte genaue Details zu den Fehlermeldungen geben, die Sie sehen? Ich werde mich vorab damit befassen und Sie kontaktieren, um die nächsten Schritte zur Lösung dieses Problems zu besprechen.",Incident,Technical Support,high,de,Technical,Bug,Feature,Integration,Feedback,,,
Systemanforderungen für JIRA Software Integration,"Sehr geehrte Kundensupport, ich wende mich an Sie, um detaillierte Systemanforderungen für die Integration von JIRA Software mit den anderen aufgelisteten Produkten zu erhalten. Könnten Sie mir bitte Informationen zu den kompatiblen Betriebssystemen, Browsern und Hardware-Spezifikationen für eine glatte Integration geben? Ich würde außerdem gern zusätzliche Anforderungen oder Empfehlungen für die optimale Leistung erfahren. Insbesondere bin ich an der Integration von JIRA Software mit Confluence und Bitbucket interessiert. Ich möchte wissen, ob es spezifische Versionen oder Konfigurationen gibt, die empfohlen werden, und ob es bekannte Einschränkungen oder Kompatibilitätsprobleme gibt, die ich beachten sollte. Ich freue mich darauf, Ihre Informationen zu erhalten. Vielen Dank für Ihr Verständnis und Ihre Unterstützung. Mit freundlichen Grüßen, [Ihr Name]","Sehr geehrter [Name], vielen Dank für Ihre Nachricht. Ich werde Ihnen die Systemanforderungen für die Integration von JIRA Software besorgen, einschließlich kompatibler Betriebssysteme, Browsern und Hardware-Spezifikationen, sowie Empfehlungen für die optimale Leistung mit Confluence und Bitbucket. Bitte rufen Sie mich an unter <tel_num>, um weitere Details zu besprechen.",Request,Returns and Exchanges,low,de,Technical,Product,Integration,Compatibility,Information,Guidance,,
Urgent Request for Integration Updates,"Urgent request for integration updates to enhance compatibility and performance within the project management SaaS platform. The current integration is causing issues with data synchronization, leading to delays and inefficiencies. I would greatly appreciate it if you could prioritize this request and provide an estimated timeline for the updates.",Received your urgent request for integration updates to enhance compatibility and performance. We will prioritize this and provide an estimated timeline for the updates shortly.,Change,IT Support,high,en,Feature,Performance,IT,Tech Support,,,,
Enquiry on Data Security Measures for Hospital Products,"I am seeking detailed information on the data security measures implemented for the services and products offered by your hospital. Could you provide a comprehensive overview of the protocols and technologies used to protect sensitive patient data, including details on encryption, access controls, and compliance with relevant regulations?",The report will be sent.,Request,Customer Service,medium,en,Security,Product,Documentation,IT,,,,
Problem with CRM Synchronization,"There has been a failure in the data synchronization between the HubSpot CRM and Asana systems. Having restarted the HubSpot CRM and verified the API connections, the issue still remains unresolved. It could be indicative of API compatibility problems.","Dear <name>, I am investigating the CRM synchronization issue you are encountering between HubSpot CRM and Asana. You have already attempted troubleshooting by restarting HubSpot CRM and checking API connections. Since the issue is still present, it might be due to API compatibility issues. To proceed, I would appreciate if you could provide a detailed account of the error message you are receiving or any pertinent logs. If necessary, I can also arrange a call at a convenient time for you to discuss this issue further and explore potential solutions. Kindly let me know a suitable time to contact you at <tel_num> or if you prefer to continue with further troubleshooting via email.",Incident,IT Support,medium,en,Technical,CRM,Synchronization,API,Bug,Documentation,Resolution,Feedback
Digitales Markenwachstum,Welche Strategien fördern das Wachstum?,Normalerweise fördern effektive digitale Marketing- und Social-Media-Engagementstrategien das Markenwachstum.,Request,Technical Support,high,de,Customer,Marketing,Strategy,Growth,DigitalMarketing,,,
,"I am in touch to bring to your attention an issue with medical data exposure that occurred during a recent system update. This problem might be due to inadequate firewall settings. Despite my efforts to resolve it by restarting the system and updating the firewall rules, the issue still remains. I kindly request you to look into this matter promptly and provide a resolution to prevent any future exposure of sensitive medical data.",We are investigating the matter urgently.,Problem,Technical Support,high,en,Security,Breach,Technical,Resolution,Incident,,,
Fehler bei CyberLink PowerDirector 19,"CyberLink PowerDirector 19 funktioniert nach dem Update des Grafikkartendrivers nicht mehr. Ich habe das Programm neu gestartet und den Driver aktualisiert, aber es läuft weiterhin fehlerhaft.","Es tut mir leid, dass Sie Probleme mit CyberLink PowerDirector 19 haben. Um den Crash aufgrund des unkompatiblen Grafikkartendrivers zu beheben, schlage ich vor, dass Sie das neueste Update deinstallieren und den früheren Grafikkartendriver neu installieren. Falls das Problem weiterhin besteht, freue ich mich, Sie bei einer späteren Gelegenheit anzurufen, um weitere Schritte zu concertieren.",Problem,IT Support,high,de,Technical,Bug,Crash,Software,Hardware,Resolution,Follow-Up,
Detailed Information on Scalable Project Management Solutions,Can you provide detailed information on scalable SaaS capabilities for project management solutions?,"We offer a range of SaaS solutions for scalable project management, including workflow automation and resource allocation tools. We would be happy to provide detailed information and discuss solutions that meet your specific needs. We are available to discuss further at your convenience.",Request,Technical Support,high,en,Feature,Documentation,Sales,,,,,
Request for Technical Support,"Dear Customer Support Team, <br/>I am writing to inform you about an issue I encountered with our data analytics platform. It unexpectedly crashed, which might be due to software compatibility problems. Despite restarting the system, checking for updates, and ensuring configurations are correct, the problem remains unresolved. I would be grateful if you could help me resolve this issue promptly. Please inform me if you require any further details. Thank you for your time and support.",I will review your issue and contact you at <tel_num> to provide further assistance and resolve the data analytics platform crash.,Incident,IT Support,medium,en,Technical,Crash,Support,Resolution,Incident,,,
Revise Digital Marketing Tactics for Enhanced Business Expansion,"Respected Customer Service Team, I am addressing you to highlight the necessity to revise our digital marketing tactics for the impacted products. Our existing strategies are not achieving the expected outcomes, and it is crucial that we reevaluate our approach to enhance brand growth and interaction. There has been a noticeable drop in sales for the affected products, and swift action is required to address this issue. I recommend initiating a comprehensive analysis of our target audience, competitors, and market trends to uncover potential improvements. Additionally, I suggest engaging with social media platforms, influencer marketing, and content marketing to amplify our brand's visibility and attract a broader audience. It is also vital to concentrate on crafting engaging and personalized content that appeals to our target demographic and prompts them to take action. By updating our digital marketing tactics, we can increase brand recognition, fuel sales, and consequently promote overall business growth. I am keen to delve deeper into this topic and collaborate to put forward the proposed adjustments. I look forward to your feedback and eagerly await your thoughts on this matter.","Respected <name>, thank you for contacting us concerning the need to revise your digital marketing tactics for the impacted products. I appreciate the concerns highlighted about the decrease in sales and the urgency of taking prompt action. I concur that a thorough examination of your target audience, competitors, and market trends is essential to pinpoint areas for enhancement. I would like to arrange a call to discuss the proposed modifications and explore methods for implementation. Could you let me know a convenient time for the call? I will ensure to reach out to you at <tel_num>. Alternatively, please furnish more details about the affected products and the current digital marketing strategies in place so that I can offer more customized advice.",Change,Technical Support,medium,en,Customer,Marketing,Sales,Strategy,Feedback,Collaboration,,
Ungerechtfertigte Brand-Vermeldung wurde gemeldet,"Sehr geehrte Kundenservice-Team, <br><br>Ich mache mich bemerkbar, um ein Ungerechtfertigtes Brand-Vermeldungsproblem zu melden. Das Problem besteht darin, dass die Brand-Präsentation unseres Markenimages auf verschiedenen Plattformen inkonsistent ist. Dies könnte sich auf eine mangelnde Strategie-Abstimmung zurückführen. Ich habe versucht, soziale Medien neu zu branden und Marketingmaterialien zu überprüfen, aber das Problem beharrt weiterhin. Ich schätze Ihre Unterstützung bei der Lösung dieses Problems. Bitte teilen Sie mir mit, welche Schritte ich ergreifen soll. Danke für Ihre Zeit und Unterstützung.","Sehr geehrte [name], vielen Dank, dass Sie sich für das Ungerechte Brand-Vermeldungsproblem bei uns gemeldet haben. Ich verstehe die Bedeutung der konsistenten Brand-Präsentation auf allen Plattformen. Um Sie besser zu unterstützen, bitte ich Sie, mir genaue Informationen zu geben, wo genau Sie die Ungerechte Meldung beobachtet haben, und welche Marketingmaterialien Sie bereits überprüft haben. Ich würde auch gerne einen Telefonkonsultation vereinbaren, um dies weiter zu besprechen. Wären Sie für ein Telefonat zur Verfügung, sobald es Ihnen passt? Bitte geben Sie mir eine passende Zeit, und ich werde mich bei Ihnen melden. Wir arbeiten zusammen, um das Problem zu lösen und sicherzustellen, dass das Markenimage konsistent übertragen wird.",Problem,Returns and Exchanges,low,de,Customer,Branding,Feedback,Resolution,Communication,,,
Inquiry About Customization Options for User Roles and Permissions,"I am contacting you to inquire about the flexibility of user roles and permissions in your project management software. As a prospective client, I am eager to understand how your platform can be customized to fit the unique requirements of our organization. Could you please inform me about the possibility of creating customized user roles and the ability to assign specific permissions to each role? Additionally, I would like to know the limitations, if any, on the number of custom roles that can be established. Furthermore, I am interested in learning how the tool manages permission inheritance and if it allows for assigning permissions at the project, task, or team level. We seek a tool that offers a high degree of customization to address the complex needs of our organization. I would appreciate it if you could provide any relevant information or direction. Thank you for your time and support. I anticipate your prompt response and look forward to your reply.","Dear <name>, we appreciate your email. Our project management software supports customization for user roles and permissions. Custom user roles can be created, and specific permissions can be assigned to each. We can go over the details and any limitations during a call at a time convenient for you. Please provide a suitable time to contact you at <tel_num>.",Request,Customer Service,medium,en,Technical,Customer,Customization,Permissions,Role,Software,Inquiry,Support
Problem with Login Access,"We are encountering occasional login difficulties on the project management software. This might be caused by server overload during peak times. After clearing our cache and monitoring server load, the problem hasn't been resolved yet. We require urgent help to fix this.",A specialist will be assigned to look into this issue. Please provide details about the affected account and users to assist us.,Problem,Customer Service,medium,en,Login,Performance,Network,IT,Tech Support,,,
Problem with Microsoft Teams Integration,"To Customer Support: I am communicating to inform you of an integration challenge we are experiencing with Microsoft Teams. The integration has failed, and I suspect this might be because of the latest API updates. I have attempted to restart the services and reviewed the configuration files, but the issue still exists. I would be immensely grateful if you could review this situation and provide a resolution at the earliest opportunity. Kindly inform me if you need any additional information from me to address this issue. I am willing to provide any necessary details or assistance. Thank you for your time and assistance. I am eagerly awaiting your response.","Hello <name>, we acknowledge the integration issue you have reported with Microsoft Teams. We will delve into this matter and consider the recent API updates as a possible cause. For more effective assistance, could you please share the error message you are receiving and the configuration files you have reviewed? If required, we can schedule a call at <tel_num> to discuss further. Please let us know a convenient time for you to be available. We appreciate your cooperation and will work swiftly to resolve this issue for your account <acc_num>.",Problem,Technical Support,low,en,Technical,Integration,Bug,Microsoft Teams,Resolution,Documentation,Customer,
Technische Anschlussprobleme,"Die Marketing-Agentur kämpft mit technischen Schwierigkeiten während der Zoom Kundenbesprechungen. Der erhöhte Bandbreitenuverbrauch könnte der Ursache sein. Sie haben versucht, den Router neu zu starten und den Anwendungspuffer zu leeren, aber das Problem behält sich bestehen. Sie benötigen Hilfe, um das Problem so schnell wie möglich zu lösen und zusätzliche Störungen zu vermeiden.","Ich werde mich melden, um die technischen Anschlussprobleme zu bestätigen. Die Marketing-Agentur hat Zoom verwendet. Ich verstehe, dass Sie bereits versucht haben, den Router neu zu starten und den Anwendungspuffer zu leeren, und das Problem behält sich bestehen. Ich würde Sie bitten, mehr Details zu Ihrem aktuellen Internet-Setup und der genauen Fehlermeldung zu geben, die Sie erhalten haben. Falls möglich, wäre ich gern telefonisch verfügbar, um die Angelegenheit zu besprechen und eine Lösung zu finden. Es wäre schön, wenn wir eine Zeit für den Anruf vereinbaren könnten, die Ihnen am besten passt. Haben Sie Vorschläge für ein geeignetes Zeitfenster?",Problem,Technical Support,medium,de,Network,Performance,Disruption,IT,Tech Support,,,
Possible Data Compromise,A possible data compromise has been identified in the hospital's systems.,"<name>, please treat the potential data compromise in the hospital's systems with seriousness. Immediate action is needed to investigate and contain the issue. Conduct a thorough analysis to determine the scope and impact of the breach. In the meantime, recommend that users change their passwords and monitor their accounts for any suspicious activity. For more information about the breach, please let us know. We will provide updates as more information becomes available and additional details can be shared via a convenient call.",Problem,Human Resources,low,en,Security,Network,Outage,IT,,,,
Support für Adobe Creative Cloud,"Ich möchte mich mit der Nutzung von Adobe Creative Cloud für effektives digitales Marketing unterhalten. Könnten Sie Beispiele oder Anhaltspunkte geben, wie verschiedene Werkzeuge aus der Suite-Sammlung verwendet werden können, um meine Marketingaktivitäten zu optimieren? Ich bin insbesondere an der Verbesserung meiner Fähigkeiten in Photoshop und Illustrator interessiert, um ansprechender visueller Inhalte zu erstellen.","Ich freue mich, Ihnen bei der Nutzung von Adobe Creative Cloud zu helfen. Bitte vereinbaren Sie einen Anruf unter <tel_num>, um gemeinsam zu diskutieren, wie Sie Ihre Marketinganstrengungen mit den Werkzeugen von Photoshop und Illustrator optimieren können, um individuelle Lösungen für Ihre Bedürfnisse anzubieten.",Request,Customer Service,medium,de,Product,Feature,Feedback,IT,Tech Support,,,
Data Encryption Malfunction,"Hello Customer Support, I am contacting you to report a serious problem. Our data encryption has failed, leading to the exposure of patient records. The issue could be due to outdated software or human error. We have attempted to restart the servers and review the configurations, but the problem continues. We urgently require your help to address this issue and prevent any additional breaches. Please conduct a thorough investigation and promptly provide a resolution. We appreciate your swift action in this matter and look forward to your response soon.","Hello <name>, we confirm the receipt of your email concerning the data encryption malfunction. We take this incident very seriously and will investigate immediately. To assist us in resolving the issue, could you provide further details about your current software version and the specific error messages you are encountering? We will call you at <tel_num> to discuss further and offer a solution to prevent any future breaches.",Incident,Technical Support,high,en,Technical,Security,Breach,Resolution,Investigation,Documentation,,
Enquiry on Enhancing Data Analytics Tools for Investment Forecasting and Portfolio Management,I am contacting to ask about how to optimize data analytics tools for investment forecasting and portfolio management. Could you give me some guidance on the best practices and the available solutions? I would really appreciate any recommendations or resources you could provide to help me improve my investment strategies.,"Hello, I can assist you in optimizing data analytics tools for investment forecasting and portfolio management. Our team suggests using machine learning algorithms and connecting with market data feeds for precise predictions. We can also go over available solutions like data visualization software and portfolio management platforms. To fully understand your specific requirements, I would like to schedule a call at <tel_num>. Would you be available for a call at your convenience to explore the best options for your investment strategies and provide tailored recommendations?",Change,Product Support,high,en,Technical,Guidance,Documentation,Performance,Feedback,Feature,,
Inquiry on Integration Options for Drupal Commerce with Microsoft Dynamics 365,I am reaching out to inquire about the integration options for Drupal Commerce with Microsoft Dynamics 365. Could you please provide me with information on the available integration options and their functionalities? I would be grateful if you could assist me in understanding the possibilities and limitations of integrating these two systems.,"Dear <name>, I am pleased to assist you with your inquiry regarding integration options for Drupal Commerce with Microsoft Dynamics 365. There are various integration options available, including third-party-based connections and custom integration solutions using APIs. These integration solutions can offer functionalities such as customer and inventory data synchronization, inventory management, and automated workflows. I can provide you with additional details about the available options and their functionalities. To better understand your requirements, I would like to know more about your current setup and what you aim to achieve with the integration. If you would like to discuss this further, we can arrange a call to go into more detail about the options and answer your questions. Please provide me with a suitable time slot for the call, or if you prefer, I will send you an email with additional information. You can reach me at <tel_num>.",Request,Technical Support,high,de,Technical,Integration,Product,Documentation,Guidance,,,
Nachricht über den langsamen Ladeprozess des Dashboards,"Sehr geehrte Kundenservice, ich mache Ihnen auf ein Problem mit dem langsam ladenden Dashboard aufmerksam. Es könnte durch mangelnde Serverressourcen verursacht sein. Ich habe bereits versucht, die Seite neu zu laden und meine Internetverbindung zu überprüfen, aber das Problem blieb bestehen. Es wäre mir sehr wertvoll, wenn Sie sich dies genauer ansehen und so bald wie möglich eine Lösung anbieten könnten. Bitte lassen Sie mich wissen, falls Sie weitere Informationen benötigen, die zum Beheben des Problems nützlich sein könnten. Ich freue mich auf Ihre Rückmeldung. Vielen Dank für Ihre Zeit und Ihre Unterstützung. Mit freundlichen Grüßen, [Ihr Name]","Sehr geehrte <name>, ich bestätige die Erhaltung Ihres E-Mails in Bezug auf das Problem mit dem langsam ladenden Dashboard. Ich danke Ihnen für Ihre Bemühungen, das Problem selbst zu beheben, indem Sie die Seite neu geladen und Ihre Internetverbindung überprüft haben. Ich würde gerne dieses Problem weiteruntersuchen, um den Grund dafür zu finden. Könnten Sie mir bitte mehr Informationen geben, wie z.B. das Browser- und Betriebssystem, das Sie verwenden, und zu welcher Uhrzeit Sie das langsame Ladenvolumen bemerken? Haben Sie auch Fehlermeldungen bemerkt oder ladet das Dashboard nur zu bestimmten Zeiten langsam? Ich würde es sehr schätzen, wenn Sie mir zudem Ihre <acc_num> zur Verfügung stellen würden, damit ich Ihre Kontespezifika ansprechen kann. Falls nötig, werde ich Sie auch anrufen unter <tel_num>, um dieses Problem weiter zu besprechen und eine Lösung vorzubringen. Ich werde mich bemühen, dieses Problem so schnell wie möglich zu lösen und Sie über die Fortschritte zu informieren.",Incident,Product Support,low,de,Technical,Customer,Bug,Performance,Resolution,Feedback,,
Request for Services on Securing Medical Data in Hospital Systems,Could you please provide details on the services offered for securing medical data in hospital systems? Your timely assistance would be greatly appreciated.,"We offer various services for securing medical data in hospital systems, including encryption, access control, and monitoring. We would be happy to discuss these services in detail and provide a customized solution. We are available to call at your convenience to discuss your requirements and provide information on our services.",Request,Customer Service,low,en,Security,IT,Tech Support,Performance,,,,
Enhancing Airtable for Marketing Efficiency,"Hello, I am seeking assistance in optimizing Airtable for digital marketing strategies. Could you offer some guidance on how to set up the platform? Our goal is to streamline our workflow and enhance team productivity. Any tips or practices shared would be greatly appreciated. Thank you for your assistance.",I would be happy to help optimize Airtable for marketing strategies. Please provide details on your current workflow so I can offer specific guidance and practices to improve productivity.,Request,IT Support,low,en,Feedback,Feature,IT,Tech Support,,,,
,"Customer Support, please address the underperformance of our digital campaigns, which has led to lower-than-expected brand engagement. Although we have made adjustments to our ad spend and fine-tuned our target audiences, we have not seen significant improvement. It is possible that our current targeting strategies are outdated and may be a major contributing factor to the issue. We would greatly appreciate it if you could review our campaigns and provide guidance on how to optimize them for better results. Please let us know if there is any additional information needed.",We will review your digital campaigns and provide guidance on optimization. Please provide your account number and current targeting strategies for our assistance.,Problem,Returns and Exchanges,medium,en,Feedback,Performance,Sales,IT,,,,
QuickBooks Online Integration Tools,"I am contacting you to request information on data analytics tools that can be integrated with QuickBooks Online for the purpose of investment optimization. Could you kindly furnish me with a list of compatible tools and their respective features? Additionally, I would be grateful if you could share pricing details and customer support offerings for these tools. Furthermore, I am interested in any available tutorials or guides that can assist me in getting started with these tools. My intention is to optimize my investments through data-driven decisions, and I am confident that the right integration with QuickBooks Online will support this endeavor. Thank you for your time and assistance.","I am able to provide you with a list of data analytics tools that integrate with QuickBooks Online, along with their features, pricing, and customer support information. I will also include any available tutorials and guides to assist you in getting started. I will conduct the necessary research and respond with the detailed information you have requested.",Request,Customer Service,medium,en,Technical,Product,Integration,Guidance,Documentation,Feedback,,
Unerlaubter Zugriff auf medizinische Datensysteme,"Ein unerlauber Zugriff auf medizinische Datensysteme wurde beobachtet, was möglicherweise auf veraltete Sicherheitsprotokolle zurückzuführen ist. Passwörter wurden aktualisiert, und die Zugriffsprotokolle wurden überprüft.","Eintrag über unerlaubten Zugriff auf medizinische Datensysteme erhalten. Der Fall soll genauer untersucht werden. Bitte stellen Sie Details zu den Zugriffsanlässen und die Ergebnisse der Überprüfung der Zugriffsprotokolle bereit. Sie können sich unter <tel_num> melden, um die nächsten Schritte zur Sicherstellung der Datensysteme zu besprechen.",Incident,Technical Support,low,de,Security,Virus,IT,Tech Support,,,,
Enhance Digital Marketing Tools and Strategies,"Upgrade digital marketing tools and systems to enhance brand growth strategies and improve performance analytics. This will help in increasing brand visibility and reaching a wider audience, leading to better performance growth.",Thank you for your interest in enhancing your brand growth strategies and improving performance analytics. We recommend updating your digital marketing tools and systems and scheduling a consultation to discuss your specific needs and goals. This will enable us to provide a tailored solution that suits your business requirements. We will review your current systems to identify areas for improvement and recommend new tools and strategies to increase brand visibility and reach a wider audience. Please let us know.,Change,IT Support,medium,en,Feedback,Feature,Performance,Documentation,Sales,,,
Data Leak Incident,"An unexpected data leak has happened. It is suspected that insufficient access controls are the reason. Attempts to restart Redis 6.2 were made, but the problem continues. Additional help is required to address this issue.","I am investigating the data leak you have reported. To provide better assistance, could you please share more information about the leaks and your current access controls? It would be convenient for me to call you at <tel_num> to discuss further.",Problem,IT Support,medium,en,Security,Incident,Breach,Feedback,Login,Resolution,,
Support for Incident Involving Potential Vulnerabilities in Hospital Infrastructure,"There was an incident involving potential vulnerabilities in the hospital's infrastructure that could impact the security of medical data, possibly due to outdated firewall configurations and missed updates. Efforts to secure the system included rebooting devices, updating software, and reviewing security protocols, but issues still persist. Urgent assistance is required to resolve the matter and ensure the security of medical data.",Service Desk of <name> takes the security of medical data seriously. We are ready to assist with potential vulnerabilities in the hospital's infrastructure. Please provide us with the current configuration and any updates that have been applied. We will schedule a call at a convenient time to discuss and provide a solution to secure the system.,Incident,Technical Support,low,en,Security,Hardware,Network,Bug,IT,Tech Support,,
Probleme mit medizinischen Daten,"Es gab einen Datenverlust medizinischer Daten, der möglicherweise auf eine veraltete TYPO3-Vulnurabilität zurückzuführen sein könnte.","Wir nehmen den Datenverlust medizinischer Daten ernst und werden die Sache mit der veralteten TYPO3-Vulnurabilität sofort untersuchen, um weitere Unfälle zu vermeiden und Ihre Daten zu schützen.",Problem,Customer Service,high,de,Technical,Bug,Security,Crash,Disruption,Feedback,,
Security Measures for Medical Data,Could you recommend appropriate security protocols for storing medical data on Logitech devices?,"Our organization advises the use of encryption and strong passwords for safeguarding medical data on non-manufactured devices like Logitech devices. For detailed security protocols specific to their equipment, please contact Logitech support via the phone number provided.",Request,Product Support,medium,en,Security,Technical,Documentation,Guidance,,,,
Project Timeline Integration,Integrating project timelines within a SaaS platform,Let's explore integrating project timelines into your SaaS solution. Please share your specific needs for a tailored approach.,Request,Product Support,medium,en,Technical,Integration,Product,Feature,,,,
Problem with Login System,Users are facing sporadic login difficulties on the project management platform. This might be linked to heightened server load during peak times. Steps like clearing cache and restarting the application server have been attempted but the issue remains unresolved. We require your assistance in resolving this problem.,"{name}, thank you for reaching out regarding the login system issue on the project management platform. We are sorry to hear that users are encountering these intermittent login problems. We appreciate the troubleshooting steps you've already taken, such as clearing cache and restarting the application server. To assist you better, could you please provide any error messages that users are receiving and the exact times when the issue occurs? This information will help us investigate whether the problem is related to increased server load.",Problem,Customer Service,medium,en,Login,Performance,Disruption,IT,Tech Support,,,
Enhancing Investment Tactics Through Data Analytics Solutions,Seeking advice on how to optimize investment tactics using the data analytics products available. Appreciate your prompt assistance with this investment query.,"I would be glad to assist in optimizing investment tactics using data analytics solutions. Could you please share the specific products you are interested in, so I can provide tailored guidance and recommendations?",Request,IT Support,high,en,Feedback,Product,Feature,Tech Support,,,,
Inquiry about Digital Strategies for Zoho CRM,I am contacting you to explore digital strategies that can be integrated with Zoho CRM to enhance brand growth and customer engagement.,"Dear <name>, thank you for reaching out to us about digital strategies that integrate with Zoho CRM. We provide a range of solutions to boost brand growth and customer engagement, including marketing automation and analytics tools. To better tailor our assistance to your needs, could you please share more details about your current Zoho CRM setup and your goals? I am available to discuss further at your convenience. Please let me know a suitable time to call you at <tel_num>.",Request,Technical Support,high,en,Customer,Product,Strategy,CRM,Marketing,Analytics,Engagement,
Support for Customers,Insights on Utilizing Data Analysis for Optimization and Investment Decisions?,"Dear [Name], thank you for your inquiry regarding the utilization of data analysis for optimization and investment decisions. Our team of experts is ready to provide the necessary support. With informed data analysis, you can make better investment decisions. To better understand your specific needs and provide tailored advice, could you please provide more information on your current investment portfolio and specific areas you wish to optimize? We would be delighted to arrange a meeting at your convenience. Please provide your available time slot, and you can reach us at [tel_num] concerning [acc_num].",Request,Billing and Payments,high,de,Feedback,IT,Tech Support,,,,,
Inquiry About Billing Features in JIRA Software,"Seeking to understand the billing features within the JIRA Software, a SaaS tool for project management. Could you provide detailed information on how billing works, including any discounts for annual subscriptions or additional fees for specific features? This information would greatly assist me in better understanding the costs associated with using JIRA Software.",Will provide billing information details shortly,Request,Billing and Payments,high,en,Billing,Payment,Feature,Documentation,Feedback,Sales,,
Concern about Data Security via Unsecured Docker Container,"I am reaching out to report an issue with the exposure of medical data through an unsecured Docker container. The root cause appears to be an inadequate Ansible script configuration. I have tried restarting Docker and checking Microsoft Teams integrations, but the problem still exists. Assistance is required to address this matter and secure the data.",I have noted your email regarding the data security issue with the unsecured Docker container. I will examine the Ansible script configuration and will contact you at <tel_num> to discuss the necessary steps for resolving the issue and ensuring the security of your medical data.,Problem,Product Support,medium,en,Security,Bug,Incident,Documentation,Guidance,Feedback,,
System Crashes,"Marketing company is experiencing sudden system crashes, which seem to be a consequence of the recent Ubuntu update. Have already attempted to restart and reinstall the system, but without success.","Dear [name],\n\nI sincerely apologize for the inconvenience caused by the system crashes at your marketing company, which are a result of the recent Ubuntu update. I understand that you have already tried to restart and reinstall the system, but it did not succeed.\n\nTo better assist you, could you please provide more information, particularly any error messages and the exact steps taken during the Ubuntu update? This information will help us diagnose and resolve the issue more efficiently.\n\nIf needed, we can arrange a call to discuss additional details.\n\nBest regards,",Incident,Technical Support,high,de,Bug,Crash,Performance,IT,,,,
Smart Home,Könnten Sie mehr Informationen zur Integration von Smart-Gartenbewässerung in Slack und Elasticsearch liefern? Danke!,"Sehr geehrte [name], wir können Ihnen Informationen zur Integration von Smart-Gartenbewässerung in Slack und Elasticsearch liefern. Um Ihnen besser zu helfen, könnten Sie bitte mehr Details zu Ihrem aktuellen Setup bereitstellen? Wir sind bereit, über mögliche Lösungen zu sprechen. Wären Sie darauf einverstanden, einen Anruf zu vereinbaren?",Request,Product Support,medium,de,Feature,Product,Feedback,,,,,
Digital Strategies for Android 12 User Growth,"I am keen to explore digital strategies that can enhance brand growth for users on Android 12, particularly with the use of Mailchimp. Could you offer some advice or suggestions on how to effectively communicate with and engage this user base? I would greatly appreciate any tips on improving my marketing strategies for this audience.","Certainly, I can share with you digital strategies to foster brand growth for Android 12 users, including tips on utilizing Mailchimp. To effectively connect with and engage this audience, focus on personalizing your email campaigns and employing targeted automation workflows. Additionally, use segmentation to customize your content and offers specifically for Android 12 users. For more tailored recommendations, could you please share more about your current marketing activities and your goals for Mailchimp integration? I would be glad to delve deeper into this matter with you. Are you available for a discussion call at a convenient time?",Request,Customer Service,medium,en,Customer,Marketing,Guidance,Strategy,Mailchimp,Engagement,Personalization,Segmentation
Recurring Problem with Accessing the Login Page of the Dashboard,"Hello Customer Support, I am contacting you regarding a recent problem I encountered with accessing my dashboard. The issue appeared without any prior warning and might be related to server overloading. I have attempted troubleshooting steps such as restarting my browser and clearing the cache, yet the issue remains unresolved. This abrupt disruption has disrupted my ongoing work and has caused substantial inconvenience. I kindly request that you address this matter promptly and offer a solution. It would also be helpful if you could inform me of any additional measures I can undertake to resolve this issue. I am willing to provide any necessary details to assist in your investigation. Please do not hesitate to call me at <tel_num> for further discussion. I await your swift response and am hopeful for a prompt resolution. Thank you for your assistance.",We will look into the login problem for your dashboard access. Kindly share your account details and we will reach out to you at <tel_num> to discuss further steps for resolution.,Incident,IT Support,medium,en,Login,Disruption,Outage,Resolution,Customer,Notification,Incident,Follow-Up
Report on Service Interruptions,"Customer Support, kindly assist in resolving service interruptions that have affected our digital strategies, hindering brand growth and the operations of various products and services. These outages have led to significant disruptions in our operations, impacting our ability to effectively engage with customers. I would greatly appreciate it if you could look into this matter urgently and provide a solution as soon as possible. Please let me know if there is any additional information you need to facilitate the resolution of this issue. I look forward to hearing from you soon. Thank you.","<name>, we are looking into the service interruptions affecting your digital strategies. To facilitate the resolution, could you please provide details on the outages, the products and services that were impacted, and any error messages received? We will contact you at <tel_num> to discuss this further.",Change,Service Outages and Maintenance,high,en,Outage,Disruption,Recovery,Performance,IT,Tech Support,,
Exploring Digital Strategies for Brand Growth,"Customer Support, we are here to assist with inquiries about our services that can help in achieving effective brand growth through digital strategies. We are keen to learn more about the services you can offer to help our business expand its online presence and increase brand awareness. Could you provide insights on various digital strategies such as social media marketing, email marketing, and search engine optimization? We would greatly appreciate any information on associated costs, case studies, and success stories.","Thank you for reaching out to the customer support team regarding digital strategies for brand growth. We offer a range of services including social media marketing, email marketing, and search engine optimization to assist businesses like yours in expanding your online presence and increasing brand awareness. Our team of experts, with extensive experience in the field of digital marketing, would be happy to provide you with information about our services and their costs. We can also share several case studies and success stories.",Request,Product Support,medium,en,Feedback,Sales,IT,Tech Support,,,,
Network Issues Concern,"Dear Customer Support, we are encountering intermittent connection issues with our SaaS platform. The problem seems to be related to compatibility with certain network devices. Our team has attempted to reconfigure network settings and review firewall configurations, but these efforts have been unsuccessful. We are seeking your assistance in resolving this issue. Could you please provide advice or recommendations to help resolve the network connectivity problem? We look forward to your support in addressing this issue. Thank you for your understanding and assistance. We are eagerly awaiting your feedback.","To address this, please call us at <tel_num> to discuss further steps in resolving the network connectivity issues with the SaaS platform.",Incident,Customer Service,medium,de,Network,Performance,Disruption,Tech Support,,,,
Mehrere Integrationen stellen Probleme dar,"Eine Reihe von Integrationen arbeiten derzeit nicht mehr. Dies könnte auf Kompatibilitätsprobleme mit den neuesten Updates hinweisen. Ich habe die Systeme neu gestartet und die Konfigurationen geprüft, aber das Problem ist fortbestanden. Ich würde Ihre Unterstützung bei der Lösung dieses Problems sehr schätzen.","Ich stehe Ihnen zur Verfügung, um die Integrationsschwerpunkte zu unterstützen, die Sie derzeit benötigen. Bitte geben Sie mir mehr Details zu den recent updates und den betroffenen Systemen. Ich werde die Kompatibilitätsprobleme untersuchen und mit Ihnen zusammenarbeiten, um das Problem zu lösen. Wären Sie für eine Konferenz verfügbar, sobald es Ihnen passt, um die Sache weiter zu besprechen?",Incident,Returns and Exchanges,high,de,Technical,Integration,Outage,Support,Resolution,Communication,Collaboration,
Information on Digital Brand Growth Strategies,Would like to know more about the digital strategies for brand growth services. I am interested in learning how these services can help my business expand its online presence. Could you provide specific tactics used to increase brand awareness and engagement? Looking forward to your response.,We will provide detailed information about our digital brand growth services strategies via email or during a phone call.,Request,Customer Service,high,en,Feedback,Sales,Feature,,,,,
Crash,"Dear Customer Support, We are encountering issues with our data analytics dashboard which has crashed unexpectedly. We suspect it may be related to a recent PostgreSQL update. Despite attempts to restart the servers and check configurations, the problem continues to occur. This tool is essential to our operations and we need it restored as soon as possible. Please help us resolve this issue by investigating and providing any necessary guidance. If further information is needed from us, please let us know as we are eager to assist in any way we can to resolve the problem. Thank you for your assistance and support. Sincerely, [Your Name]","Dear [Your Name], We are sorry to hear about the crash of your data analytics dashboard and understand the critical importance it plays in your business operations. I will help you resolve this issue as quickly as possible. To better understand the cause, could you provide more details about the PostgreSQL update and the specific error messages you are seeing? Additionally, please share your [acc_num] so we can review the specifics of your account. If a call is needed, I can schedule one at [tel_num] to discuss the issue and guide you through troubleshooting steps. Please let me know a convenient time for a call. We appreciate your cooperation and look forward to your response. Thank you for your patience.",Problem,Technical Support,high,en,Crash,Technical,Resolution,Guidance,Documentation,Incident,Feedback,
Concern Regarding Digital Campaigns,"Dear Customer Support, I am contacting you to report an issue with our digital campaigns. They unexpectedly crashed, and we think it might be because of recent incompatible software updates. We have attempted to restart the servers and reviewed the logs, but the problem still occurs. The campaigns were functioning properly until the updates were applied, leading us to believe they might be the cause. Kindly investigate this matter and provide a resolution as soon as possible. Please inform us if you require further details from us to address this issue. Thank you for your time and help. Sincerely, [Your Name]",I will examine the campaign issue and reach out to you at <tel_num> for any additional information needed to resolve the problem promptly.,Incident,Technical Support,high,en,Crash,Outage,Bug,Technical,Resolution,Investigation,Notification,
Support for the SaaS Project Management Platform,Inquiring about support for enhancements in the integration capabilities of the SaaS project management platform. Current limitations are affecting the team's ability to manage projects effectively. A response with an update on the potential timeline for enhanced integration support would be greatly appreciated. This would significantly improve the overall experience with the platform. Thank you for your time and consideration.,"<name>, thank you for your email regarding the integration support for the SaaS project management platform. We appreciate your feedback and are happy to discuss potential enhancements. We will review your request and provide an update on the feasibility and timeline for implementation. If you have further needs, please contact <tel_num> to discuss further.",Change,Product Support,medium,en,Feature,Feedback,IT,Tech Support,,,,
Support Request for Temporary User Authentication Issues During Peak Times,"Temporary user authentication issues occurred during peak times, likely due to server overload and maintenance work. Measures taken to resolve the issue included resetting the authentication service and reviewing system logs. The products were affected, and user experience was impacted. Further investigations are necessary to prevent future occurrences.","We have received a support request regarding temporary user authentication issues during peak times. Our team is investigating the matter to determine the root cause and will take measures to prevent future occurrences. If necessary, please contact us at <tel_num> to discuss further details. Please let us know if you have any additional information that could assist our investigation, such as specific error messages and the sequence of events.",Incident,Service Outages and Maintenance,low,de,Bug,Network,Performance,Maintenance,IT,Tech Support,,
Issue Regarding Login Duration Today,"Dear Customer Support, I would like to inform you about an unexpected login delay I have encountered. This delay occurred recently, possibly as a result of a new deployment. I have already restarted my browser and cleared the cache, but the issue persists. I would be grateful if you could address this issue and offer a solution as soon as possible. Please notify me if you require any additional information from me to resolve the issue. Thank you for your understanding and support. I look forward to your prompt response.","Dear <name>, we apologize for the login delay issue you have reported and appreciate your attention to this matter. We will investigate this problem and discuss whether a new deployment might be the cause. To assist us in resolving the issue, could you please provide us with your <acc_num> and the time of the delay? If necessary, we will contact you at <tel_num> to further discuss the issue. We will address this problem as quickly as possible and thank you for your understanding and cooperation.",Incident,Product Support,low,de,Login,Issue,Delay,Deployment,Browser,Cache,Solution,Information
Support for Data Analytics,"Is it possible to get details on data analytics services that could optimize our investment strategies and help us make informed decisions to maximize returns? We are very interested in leveraging your expertise to benefit our business. Thank you for your assistance, and we look forward to hearing from you soon.","Hello, thank you for your email regarding data analytics services. I would be happy to provide you with more information about our expertise and how we can assist in optimizing your investments and maximizing returns for your business. Our services include data analysis and reporting to help inform decision-making. To discuss further, could you please provide us with details about your specific investment goals? We would be happy to schedule a call at your convenience to explore how our services can benefit you. Please let us know a suitable time.",Request,Customer Service,high,en,Feedback,Sales,IT,Tech Support,,,,
Support for Repeated Crashes in ClickUp-Integration,"Experiencing recurring crashes while using ClickUp integrations with Final Cut Pro X and Google Meet. The issue seems to be related to compatibility problems with ClickUp and external applications. So far, I have uninstalled and reinstalled ClickUp, cleared the cache, and searched for software updates. I would greatly appreciate your help in resolving this issue as it has impacted my productivity. Please inform me of any further steps that could help resolve the known compatibility issues with applications.","Dear [name], I apologize for the issue you're encountering with the ClickUp integrations. I understand you have already taken several steps to address the problem. Could you please provide me with the version of ClickUp you are using and the operating system? Additionally, could you confirm the specific error message you receive when the crashes occur? This information will be helpful in diagnosing the compatibility issues with Final Cut Pro X and Google Meet. If necessary, we can arrange a call at [phone number] to discuss any further questions. Thank you.",Problem,Customer Service,low,de,Bug,Crash,Performance,IT,Tech Support,,,
Login Issues Recently Reported,"Users have recently experienced intermittent login difficulties, which may be due to server overload during peak hours. Efforts have been made to optimize server performance.","We acknowledge the intermittent login issues and thank you for your efforts to improve server performance. Please investigate the issue and provide more details on the errors you received, along with the peak hours when the problems occurred, to help resolve the situation.",Problem,Technical Support,medium,de,Login,Performance,Outage,Tech Support,,,,
IT-Issue,Krankenhaus-IT-Systeme standen vor unautorisierten Zugriffsversuchen auf sichere medizinische Daten.,"Sehr geehrte/r [Name],\n\nich möchte Sie auf ein IT-Problem des Krankenhauses hinweisen. Ich verstehe die Bedeutung der Bedrohlichkeit unautorisierten Zugriffsversuche auf sichere medizinische Daten. Um mehr Informationen zum Vorfall zu sammeln, würde ich Sie bitten, die genaue Zeit und etwaige Fehlermeldungen, die Sie erhalten haben, mitzuteilen. Es ist auch hilfreich, wenn Sie die bestehenden Sicherheitsmaßnahmen kennen zu lernen.\n\nEs wäre hilfreich, wenn wir telefonisch über das Thema besprechen könnten, um die nächsten Schritte zur Sicherstellung der Systeme zu besprechen. Bitte lassen Sie mich wissen, wann wir telefonieren können, um diese Sache zu besprechen.\n\nMit freundlichen Grüßen,\n[Your Name]",Problem,Product Support,medium,de,Bug,Security,IT,Tech Support,,,,
Support needed,"The Campaign-Analytics-Dashboard is not updating properly. There is an issue with the data synchronization, suggesting a potential API integration error. I have tried restarting the service and checking the API keys.",I will investigate the API integration error. Please provide the API key and account number so I can assist you further.,Problem,Product Support,low,de,Technical,Integration,Account,Bug,API,,,
Problem with Investment Reports,"There are data inconsistencies in the investment analytics reports. This might be due to recent software updates or configuration problems. I have tried restarting the affected applications and rechecking the data inputs, but the issue still persists. I would greatly appreciate it if you could look into this matter and provide a solution at your earliest convenience.",Please investigate the data discrepancies in the investment analytics reports. Kindly provide details of the errors and contact us at <tel_num> to discuss potential solutions.,Incident,Technical Support,medium,en,Bug,Performance,Documentation,IT,Tech Support,,,
Strategies for Brand Expansion Using AWS and WordPress,"Hello Customer Support, I am writing to ask about the suggested digital approaches for enhancing brand growth through the use of AWS and WordPress. I would like to know how these platforms can be effectively utilized to amplify my brand's online footprint and attract a broader audience. Could you share some insights and best practices on leveraging AWS and WordPress for brand growth? Furthermore, do you have any specific recommendations for tools or services that could aid in this process? I am eager to receive your advice. Thanks for your support and time.","Hello [name], thank you for contacting our customer support regarding digital strategies for brand growth using AWS and WordPress. We are here to assist you in exploring how these technologies can enhance your online presence. To better tailor our guidance to your needs, could you please provide additional details about your current AWS and WordPress setup and the specific areas of brand growth you are targeting? Based on this information, we can provide you with detailed best practices and recommended tools or services. Examples of popular options include Amazon API Gateway, Amazon Rekognition, and WordPress plugins such as Yoast SEO. If it would be more convenient, we can also arrange a call at a time that suits you or continue our discussion via email. We are looking forward to your response and further supporting your brand growth objectives.",Request,Billing and Payments,high,en,Customer,Strategy,WordPress,AWS,Guidance,,,
Unerwarteter Verschlüsselungsfehler aufgetreten,"Es ist ein unerwarteter Verschlüsselungsfehler aufgetreten. Er könnte auf veraltete Software oder Probleme mit der Konfiguration hinweisen. Die Systeme wurden schon neugestartet und die Logs wurden gründlich durchgelesen. Wir müssten Ihre Hilfe benötigen, um dieses Problem zu lösen.","Sehr geehrter <name>, wir bedauern, dass Sie momentan Probleme mit dem Verschlüsselungsprozess haben. Um das Problem weiter zu untersuchen, könnten Sie uns bitte mehr Details zum Fehlerhinweis und zur verwendeten Softwareversion liefern? Wir werden die Informationen prüfen und entweder eine Lösung anbieten oder eine Aktualisierung empfehlen, falls erforderlich. Falls Sie verfügbar sind, können wir auch eine Besprechung vereinbaren, um den Fall in weiteren Details zu besprechen. Bitte geben Sie uns ein geeignetes Zeitfenster für eine Anrufbeantwortung an <tel_num>.",Incident,Technical Support,medium,de,Technical,Bug,Security,Crash,Documentation,Resolution,,
Support Needed for Unauthorized Access Incident,"An unauthorized access incident has happened in our hospital systems, which might be linked to a phishing attack. Despite updating passwords and conducting security audits, the issue continues. Assistance is required to address this.","We need your help to resolve the unauthorized access incident in the hospital systems. To better understand the issue, we require details about the security audits conducted and the specific issues that persist. Could you please provide us with the details of the incident, the timeframe, and any error messages you encountered? We would be available to discuss this further at your convenience. Please let us know a suitable time for a call.",Incident,Technical Support,high,en,Security,IT,Tech Support,Virus,,,,
Ungenauen Investitionsprognosen melden,"Sehr geehrte Kundensupport, ich schreibe Ihnen, um einen Fall von Ungenauen Investitionsprognosen zu melden. Das Problem könnte auf Mangel an Datenqualität zurückzuführen sein. Ich habe versucht, Keras neu zu starten und die AWS-Verbindungen zu überprüfen, aber das Problem behält sich bestehen. Ich würde es sehr schätzen, wenn Sie sich dieser Angelegenheit annehmen und eine Lösung anbieten könnten. Die ungerechten Prognosen verursachen Schwierigkeiten bei meinen Investitionsentscheidungen. Bitte lassen Sie mich wissen, wenn Sie weitere Informationen von mir benötigen, um das Problem zu lösen. Ich freue mich auf Ihre Rückmeldung. Vielen Dank für Ihre Zeit und Unterstützung.","Sehr geehrtes <name>, ich schreibe Ihnen, um Ihren'email über ungerechte Investitionsprognosen zu bestätigen. Ich verstehe, dass das Problem Ihre Investitionsentscheidungen beeinträchtigt und werde mich dieser Angelegenheit annehmen. Um Ihnen besser zu helfen, würde ich Sie bitten, weitere Details über die vermuteten Datenqualitätsschwierigkeiten und eventuelle Fehlermeldungen zu geben. Zudem möchte ich wissen, welche Version von Keras Sie verwenden und die spezifischen Details Ihrer AWS-Verbindungen sind. Wenn erforderlich, kann ich ein Anruf planen, um weiter zu diskutieren, bitte geben Sie mir eine zustande kommende Zeit an <tel_num>. Ich werde mich dieses Problems annehmen und eine Lösung so schnell wie möglich anbieten.",Problem,Customer Service,medium,de,Customer,Technical,Performance,Feedback,Resolution,,,
Probleme mit der WLAN-Verbindung,"Es treten sporadische Verbindungsausfälle bei dem Netgear Nighthawk Mesh WLAN-6-System auf. Es könnte sich um Datenanalysetools, erhöhten Netzwerkverkehr oder Konfigurationsfehler handeln.","Wir nehmen an, dass Sie Probleme mit Ihrem Netgear Nighthawk Mesh WLAN-6-System haben. Um Ihnen besser zu helfen, bitten wir Sie, mehr Details zu Ihrer Netzwerkkonfiguration sowie zu genauen Fehlermeldungen zu geben. Falls erforderlich, können wir einen Anruf vereinbaren, um die Angelegenheit zu besprechen.",Problem,IT Support,low,de,Network,Performance,Disruption,IT,Tech Support,,,
Request for Customer Support,Please contact us for detailed integration guides on using Firebase for project management in SaaS. Could you provide step-by-step instructions for setting up and configuring the Firebase system to help better understand the process and ensure a smooth integration?,Firebase integration guides will be emailed to you as soon as possible.,Request,Returns and Exchanges,high,de,Feedback,Documentation,IT,Tech Support,,,,
Irregular Data Reporting in Dynamics,"A financial company is facing irregularities in data reporting through Microsoft Dynamics 365 and PostgreSQL 13. The issue might be due to integration errors between the systems. Steps taken to resolve it included restarting applications and checking for update patches, but the problem continues. Assistance is needed to resolve this issue.","To address the irregular data reporting issue with Microsoft Dynamics 365 and PostgreSQL 13, I would like to review the integration settings and discuss any error logs. Let's schedule a call at <tel_num> to gather more information and determine the next steps to resolve the issue. This is for account <acc_num>.",Incident,Product Support,medium,en,Bug,Performance,IT,Tech Support,Documentation,,,
Issue with Monthly Invoice Charges,There are unanticipated charges on the monthly invoice because of an incorrect account setup.,I will examine your account configuration and monthly invoice to look into these unexpected charges and will get back to you to discuss the needed corrections and adjustments to your account.,Problem,Billing and Payments,high,en,Billing,Account,Payment,Resolution,Investigation,,,
Digital Campaign Performance Below Expected Standards,"Hello Customer Service Team, I hope this message finds you well. I am reaching out to inform you that our digital campaign performance has fallen below our expectations. We suspect that the problem may be attributed to incorrect targeting and ad placement. Despite making adjustments to the audience and creative content, we have not seen any improvement. Could you please investigate this issue and offer a resolution at your earliest convenience? If you require any further information from me, please do not hesitate to ask. Thank you for your prompt attention to this matter. I anticipate your swift response. Best regards.","We have noted your concerns regarding the digital campaign performance and would like to delve deeper into the issue. Could you please share your <acc_num> so we can proceed with the investigation? Additionally, I will contact you at <tel_num> to assist you with this matter. Thank you.",Incident,Product Support,medium,en,Customer,Performance,Investigation,Resolution,Feedback,,,
Digital Campaigns Have Come to a Halt Because of Potential Integration Problems,"Hello Support Team, We are contacting you due to a malfunction with our digital campaigns that has suddenly halted. We are unclear about the reasons behind it and believe it might be related to integration difficulties. We have attempted to restart our services and review the configurations, but the issue remains unresolved. We kindly ask for your help in addressing this promptly. Please inform us if you require any further information from us. We are eagerly awaiting your response. Many thanks for your attention and support.","Hello <name>, Thank you for reaching out to us regarding the interruption of your digital campaigns. We regret to hear that they have stopped functioning due to suspected integration issues. We are keen to look into this further. Could you please share more details about the error messages you are encountering and the specific steps you took when trying to restart your services and check the configurations? Additionally, I will reach out to you at <tel_num> to discuss this matter further if that is agreeable to you.",Problem,Technical Support,medium,en,Technical,Outage,Bug,Integration,Resolution,Documentation,,
Transmission of Pricing Framework for Digital Marketing Services,"I am reaching out to inquire about the pricing plans available for digital marketing services. Could you please provide a detailed breakdown of costs and included services for each plan? Additionally, I would appreciate it if you could inform me about any current discounts or promotional offers. I look forward to your response and thank you in advance for your assistance. I forward to hearing from you soon.","Respected Customer, regarding your inquiry about the pricing framework for our digital marketing services, I am pleased to offer you a detailed breakdown of our cost and service allocations. We have different plans with varying service levels and discounts for long-term contracts. I will send this information via email. If you wish to discuss this further, please let me know a convenient time to call.",Request,Billing and Payments,medium,de,Customer,Pricing,Inquiry,DigitalMarketing,Services,Discount,,
Technische Störung,"Die Markenagentur hat während der Serverpflege eine erhebliche Dienstunterbrechung erlitten, bei der mehrere digitale Tools und Plattformen betroffen waren. Die Unterbrechung ist auf unerwartete technische Probleme zurückzuführen. Bislang wurden die betroffenen Systeme neu gestartet, und der Serviceanbieter wurde um Hilfe gebeten. Wir warten auf Rückmeldung, sobald sie möglich ist, und geben Ihnen die neuesten Updates. Das Team arbeitet intensiv daran, das Problem zu lösen und den Downtime zu minimieren.","Sehr geehrte [Name], vielen Dank für die Aktualisierung bezüglich der Dienstunterbrechung. Wir erkennen, dass die digitale Tools der Markenagentur betroffen waren. Das Team hat bereits Maßnahmen ergriffen, indem es die betroffenen Systeme neu gestartet und den Serviceanbieter um Hilfe gebeten hat. Falls wir zusätzliche Unterstützung benötigen, melden Sie uns bitte. Wir bemühen uns, das Problem so schnell wie möglich zu lösen. Falls weitere Schritte erforderlich sind, können Sie uns telefonisch erreichen, um die weitere Vorgehensweise zu besprechen. Bitte geben Sie uns Anweisungen.",Incident,Service Outages and Maintenance,high,de,Outage,Disruption,Maintenance,IT,Tech Support,,,
Request for Data Update,Request to update the integration of data analytics tools across Airtable to enhance investment optimization.,"Dear [Name], thank you for your request to update the integration of data analytics tools across Airtable, which aims to improve investment optimization. We will review your request to provide a solution that enhances investment optimization. Please provide details on the specific analytics tools you are currently using, as this may require a call with [Phone Number] for further discussion. Thank you for choosing our service, and we look forward to staying in touch soon.",Change,Technical Support,low,en,Feature,IT,Tech Support,Feedback,,,,
,"Dear Customer Support, we are encountering occasional performance problems with project load times, which might be related to high user activity during peak hours. We have already tried optimizing database queries and increasing server resources, and this has led to a noticeable improvement. However, users still experience delays during peak hours, causing frustration. We would greatly appreciate your assistance in identifying the root cause and implementing a solution to enhance our performance and user experience.","Hello [Name], we are pleased to assist you with your performance issues. Could you please provide us with the current server configuration and details of your database optimization efforts? We can schedule a call at a convenient time for you to discuss and help identify the root cause and implement a solution. Please contact us at [tel_num].",Problem,Technical Support,high,en,Performance,Network,IT,Tech Support,,,,
Service Outage,"An unexpected service outage has occurred in the SaaS project management tool, likely due to compatibility issues with PHP 8.0 and Cassandra 4.0 updates. We have tried restarting the services and checked the system logs, but the issue still persists. Assistance is needed to resolve this issue and prevent future occurrences.",Please review the outage issue with the SaaS project management tool and provide log files and details on the updates. Contact us at <tel_num> to discuss and receive assistance in resolving the issue.,Incident,Technical Support,medium,en,Outage,Performance,Maintenance,IT,Tech Support,,,
Social Media,"Participation on social networks has decreased due to algorithm changes and ineffective content strategies. We have adjusted our posting schedule and content types, but the results have been inconsistent.",Would like to discuss the challenges faced with social media participation. Could you please provide more details on your current strategies and results so that I can offer more targeted advice and support to improve social media engagement?,Problem,Customer Service,low,de,Feedback,Performance,Feature,,,,,
Request for Enhanced Integration with Salesforce CRM Data Analytics Tools,"Dear Customer Support, I am reaching out to request an enhancement in the integration of our data analytics tools with Salesforce CRM. Currently, the integration is limited and does not provide the level of detail required for optimized investment tracking and reporting. We would like to see advanced features such as automated data syncing, customizable dashboards, and real-time reporting, which would enable our team to make more informed decisions and improve overall performance. We believe this enhancement would be a valuable addition to the platform, and we look forward to your response.",Thank you for your feedback regarding the enhancement of the Salesforce CRM data analytics tools integration. We will review your request and get back to you soon.,Change,IT Support,high,en,Feature,Feedback,Tech Support,,,,,
Inquiry About Digital Strategy Services for Brand Growth,"Hello Customer Support, we are inquiring about your digital strategy services related to brand growth. Could you provide more details on the services you offer, such as social media management, content creation, and SEO optimization? We are particularly interested in learning how these services can help our brand expand its online presence and increase engagement with our target audience. We look forward to hearing back from you at your earliest convenience and would greatly appreciate any information you can provide regarding the benefits of your services for our brand.","We would be happy to provide information about our digital strategy services, including social media management, content creation, and SEO optimization. We can discuss how these services can help your brand grow, and we are available for a call at your convenience to discuss further.",Request,Customer Service,low,en,Feedback,Sales,IT,Tech Support,,,,
Request for Assistance with Potential Data Breach,"There is a potential data breach detected in the healthcare provider's system, which may be due to an unauthorized access vulnerability.","Name is writing an acknowledgment email regarding the potential data breach detected in the healthcare provider's system. We take these incidents seriously and are committed to providing assistance to mitigate any potential damage. To better understand the situation and provide effective support, could you please provide more details about the breach, including the date it was detected, the steps that have been taken so far. Additionally, it would be helpful to know what type of data may have been compromised. If possible, please schedule a meeting to discuss this further.",Incident,Human Resources,low,en,Security,Virus,IT,Tech Support,,,,
Request for Pricing of Zoho Books Integration,"Hello Customer Support, I am reaching out to inquire about the pricing for integrating Zoho Books into our project management SaaS. Could you please provide a detailed breakdown of the costs involved? I would like to know about any additional fees associated with setup, maintenance, and support. Additionally, I am interested in knowing if there are any discounts available for long-term commitments or bulk subscriptions. I am also keen on learning more about the features and benefits of the integration and how it can enhance our overall project management experience. Could you provide any case studies or testimonials from existing customers as well? Thank you for your assistance.","Dear [Name], thank you for your email regarding the pricing for the Zoho Books integration. We will provide a detailed breakdown of the costs involved, including any additional fees for setup, maintenance, and support. Please allow us to contact you at [Phone Number] to discuss any questions you may have and to go over the features and benefits of the integration. Thank you.",Request,Billing and Payments,high,en,Sales,Feedback,IT,Tech Support,Maintenance,,,
Expanding Reach Through Digital Strategies,I would like to seek advice on digital tactics that can enhance our brand's growth. Our goal is to expand our online footprint and attract a broader audience.,I am ready to discuss digital strategies that can boost your brand's growth. Please let me know a suitable time for a call to delve into these possibilities.,Request,Technical Support,medium,en,Customer,Strategy,Guidance,Discussion,Growth,Digital,,
Inquiry about Acceptable Payment Methods,I am interested in your service and would like to know more about the available payment methods. Could you please provide me with a list of accepted payment methods? I would also appreciate any information on potential discounts or promotions currently available. Thank you for your time and support. I look forward to hearing back from you soon.,"Dear <name>, we appreciate your interest in our service and are ready to provide you with information on our payment methods. We accept major credit cards, including Visa, Mastercard, and American Express, as well as online payment methods such as PayPal. We also offer discounts for long-term contracts and promotions for new subscribers. To learn more about our current promotions and discounts, I am willing to call you at your convenience to discuss the details. Would you be available to call me at <tel_num>, or do you have another time that works for you?",Request,Billing and Payments,medium,de,Payment,Customer,Discount,Inquiry,Promotion,,,
Investment Data Analytics Pipeline,Der Kubernetes-Cluster zeigt unerwartete Störungen aufgrund mangelnder Ressourcen.,"Ich werde den Fehler des Kubernetes-Clusters untersuchen und die Ressourcenzuteilung für die Investment Data Analytics Pipeline überprüfen. Bitte geben Sie detaillierte Informationen zur Fehlermeldung an, damit ich Ihnen besser helfen kann.",Incident,Technical Support,high,de,Technical,Outage,Maintenance,Kubernetes,Ressource,Pipeline,,
Unterstützung für Projektmanagement SaaS,"Könnten Sie mehr Details zum Rechnungsstellungsverfahren für das Projektmanagement-SaaS-Abo bereitstellen? Ich möchte mehr über die Zahlungsbedingungen und eventuelle zusätzliche Gebühren erfahren, die mit dem Abo verbunden sind.","Ich freue mich, Ihnen detaillierte Informationen zum Rechnungsstellungsverfahren für das Projektmanagement-SaaS-Abo zu geben. Die Zahlungen werden monatlich akzeptiert, entweder per Kreditkarte oder Banküberweisung. Es gibt keine zusätzlichen Gebühren zum Abo, es sei denn, zusätzliche Funktionen verursachen Kosten. Ich stehe Ihnen gerne zur Verfügung, wenn Sie eine detaillierte Zerlegung unserer Zahlungsbedingungen benötigen. Bitte lassen Sie mich wissen, wenn Sie weitere Fragen haben.",Request,Billing and Payments,medium,de,Billing,Payment,Refund,Feature,Documentation,IT,Tech Support,
Investment-Prognosen funktionieren plötzlich nicht mehr,"Sehr geehrte Kundenservice-Team, ich melde mich, um ein Problem mit unseren Investitionsprognosen zu melden. Die Prognosen funktionieren nicht mehr und wir denken, dass dies durch eine neue Aktualisierung von Scikit-learn verursacht wurde. Wir haben bereits versucht, Redis neu zu starten und Abhängigkeiten zu aktualisieren, aber das Problem blieb bestehen. Könnten Sie uns bitte helfen, um dieses Problem zu lösen? Wir würden jede Ratschläge zur Problemlösung oder zum Beheben des Problems sehr schätzen. Vielen Dank für Ihre Zeit und Unterstützung. Wir freuen uns darauf, bald von Ihnen zu hören.","Sehr geehrte <name>, vielen Dank, dass Sie das Problem mit Ihren Investitionsprognosen gemeldet haben. Ich möchte Ihnen bei der Problembestimmung behilflich sein. Könnten Sie mir bitte mehr Details über die Fehlermeldung geben, die Sie sehen, und die Version von Scikit-learn, die Sie verwenden, damit ich Ihnen besser helfen kann?",Incident,Technical Support,medium,de,Customer,Feedback,Resolution,Guidance,Bug,,,
,"Dear Customer Support Team, I am reaching out to request the integration of user-friendly features in our project management SaaS. The current interface is quite overwhelming, particularly for new users. I believe incorporating drag-and-drop functionality, customizable dashboards, and real-time collaboration tools would significantly enhance the overall user experience. Additionally, optimizing the platform for mobile devices would allow users to access and manage projects more easily.","<name> greatly appreciates the feedback regarding the project management SaaS and thanks the user for taking the time to share their suggestions. The team is constantly working to improve the platform and will certainly consider the request for user-friendly features such as drag-and-drop functionality and customizable dashboards. An update on upcoming features and improvements will be provided in the next newsletter. For any further questions or concerns, please do not hesitate to contact us at <tel_num> or reply by email.",Change,General Inquiry,low,en,Feature,Feedback,IT,Tech Support,,,,
Support Request for Smartsheet Integration,"Hello customer support, I am reaching out to inquire about integrating the Smartsheet SaaS project management platform. Could you provide me with the details and necessary steps required for the integration? I would greatly appreciate your assistance and look forward to hearing back from you soon. Thank you for your time and support.","Hello [name], thank you for reaching out to our support team regarding the integration of the Smartsheet SaaS project management platform. We would be happy to assist with the integration process and would like to gather information about your current setup and requirements. Could you please provide us with the specific details of the features you would like to integrate from Smartsheet? This will help us provide the necessary steps and requirements to complete the integration. We would like to discuss this further and schedule a call at your convenience to go over the details.",Request,Customer Service,low,en,IT,Tech Support,Product,Feature,Documentation,,,
Problem with Data Synchronization,"Hello Customer Support, I am currently facing issues with data synchronization on Salesforce CRM. It might be due to a problem with the Kubernetes setup. I have already attempted to restart the WLAN router and verified the Excel 2021 data sources, but the problem still exists. I would be grateful if you could investigate and offer a solution promptly. Please inform me if you require additional information from me. Thank you for your time and help. I await your response.","Hello <name>, we appreciate you contacting us regarding the data sync challenge with Salesforce CRM. We will explore the Kubernetes configuration to address this. Could you also share any specific error messages you are encountering? We might need to contact you at <tel_num> for a more detailed discussion.",Problem,Product Support,low,en,Technical,Customer,Product,Outage,Bug,Documentation,Resolution,Investigation
Issues with Data Analytics Tool,"Investment optimization with the data analytics tool has been hampered by intermittent outages, possibly due to recent software updates or server overload. Steps taken, such as restarting the application and clearing cache, have not resolved the issue. The outages are impacting the ability to make informed investment decisions. We would appreciate it if you could look into this matter and provide a solution at your earliest convenience.","We have received your email concerning outages with the data analytics tool. We apologize for the inconvenience this is causing. Please provide the exact error message and the time of the last outage. We will also need your account information, including your account number, to investigate the matter. Please let us know a convenient time to discuss this issue and provide a solution.",Incident,Technical Support,medium,en,Outage,Performance,Maintenance,IT,Tech Support,,,
,"Customer Support, <br><br>I am submitting a report on a critical bug that is hindering project syncing on our SaaS platform. The issue might be related to recent backend updates. Despite my efforts to troubleshoot, including rebooting services, clearing caches, and validating API connections, the problem still persists.<br><br>This bug is significantly impacting our operations, and I urgently need your assistance to resolve the matter. I would greatly appreciate it if you could look into the issue as soon as possible and provide a solution.","Dear [Customer], thank you for reporting the critical bug that is preventing project syncing on our SaaS platform. We apologize for the impact on your operations. To assist you further, could you please provide the exact error message and the steps you have taken that led to the issue? We will investigate the matter urgently and work on providing a solution or a workaround as soon as possible. If you need to discuss further, please contact us at [tel_num]. Please let us know a suitable time for a call.",Problem,Product Support,high,en,Bug,Performance,Network,IT,Tech Support,,,
Fehler mit digitalen Kampagnen,"Sehr geehrte Kundensupport,\n\nich wende mich an Sie, um einen Fehler mit unseren digitalen Kampagnen zu melden. Diese starten nicht mehr und wir vermuten, dass es sich um ein Integrationsproblem handelt. Wir haben unsere AWS-Dienste neu gestartet und unsere TYPO3-Einstellungen geprüft, aber das Problem behält sich bestehen.\n\nDie Kampagnen waren korrekt eingerichtet und wir haben die Konfigurationen dreimal geprüft. Als wir versuchten, sie zu starten, konnten sie aber nicht live gehen. Wir sind besorgt, dass dies unsere Marketinganstrengungen beeinträchtigen könnte und würden Ihre Hilfe bei der Lösung dieses Problems sehr schätzen.\n\nKönnten Sie bitte nachsehen und eine Lösung oder Anleitung zur weiteren Fehlerbehebung bereitstellen? Wir würden jede Hilfe schätzen, die Sie bei der Wiederherstellung unserer digitalen Kampagnen bieten können.\n\nVielen Dank für Ihre Unterstützung.\n\nMit freundlichen Grüßen,\n[Dein Name]","Sehr geehrte <name>,\n\nich habe Ihre E-Mail zum Problem mit den nicht startenden digitalen Kampagnen erhalten. Ich werde Ihnen bei der Lösung dieses Problems helfen. Können Sie bitte mehr Details über die Fehlermeldungen geben, die Sie sehen? Ich werde dies weiter untersuchen und Ihnen Anweisungen zur weiteren Fehlerbehebung oder zum Lösen des Problems geben. Falls nötig, werde ich Sie telefonisch kontaktieren, um dieses Problem weiter zu diskutieren, sobald ein passender Termin gefunden wurde.",Problem,Technical Support,high,de,"Technical,Customer,Bug,Outage,Resolution",,,,,,,
Traffic Support Inquiry,Noticed a decline in web traffic and engagement metrics. This could be due to an algorithm change or a technical glitch. Steps taken include clearing the cache and updating the content.,Requesting detailed information.,Incident,Technical Support,medium,en,Bug,Performance,IT,Tech Support,,,,
Issue with website crash during digital campaign launch today,Our website experienced a crash during the launch today. It's possible the server was overloaded. We have already restarted the server and scanned for any malware.,"Dear <name>, we regret to inform you that your website crashed during today's digital campaign launch. We appreciate your prompt response in restarting the server and conducting a malware scan. To help us investigate the issue further, could you provide us with more information regarding the error messages you encountered and the current server load? Additionally, please share the anticipated number of concurrent users during the launch. To discuss potential solutions and preventive measures for future events, we suggest scheduling a call. Would it be convenient for you to speak with us at <tel_num> for this discussion, and to explore any necessary actions to enhance server capacity?",Problem,Technical Support,medium,en,Crash,Outage,Security,Maintenance,Crash,Server,Malware,Investigation
Frage zur Datenverschlüsselung von Patientendaten auf Apple MacBook Air in Krankenhaus,"Ich möchte gern erfahren, welche Verfahren verwendet werden, um Patientendaten auf Apple MacBook Air in Krankenhausumgebungen sicher zu verwahren. Insbesondere interessiert mich, welche Verfahren wir nutzen, um sensible Informationen zu schützen.","Wir setzen auf Full Disk Encryption, um Patientendaten auf Apple MacBook Air in Krankenhausumgebungen zu sichern. Das bevorzugte Verfahren ist FileVault, das Daten im Ruhezustand verschlüsselt. Ich würde es gerne weiter besprechen und Ihnen gern zusätzliche Informationen zu unseren Verschlüsselungsmethoden zur Verfügung stellen, falls Sie an einem gegebenen Termin telefonieren möchten.",Request,Customer Service,medium,de,Technical,Security,Privacy,Hardware,Crash,Incident,Documentation,Breach
Aid regarding technical issues,"I am facing imprecise investment-specific forecasts. This might be due to an outdated Drupal plugin. I have tried updating GIMP and rebooting my system, but the issue still persists.","I am glad to assist you with the technical challenges you are experiencing with your investment-specific forecasts. To better understand the issue, could you provide me with more details about the Drupal plugin you are referring to and the current version you are using? Updating GIMP will not resolve the issue as it is unrelated to your forecast problem. I recommend scheduling a call at <tel_num> to further discuss and resolve the issue related to your <acc_num>.",Problem,Customer Service,high,de,Technical,Plugin,Outdated,Forecast,Issue,,,
Issues with Digital Brand Management,experiencing continuous performance issues,Please investigate the cause of the continuous performance issues in digital brand management. Provide detailed information for a comprehensive review.,Incident,Technical Support,medium,de,Performance,Bug,IT,Tech Support,,,,
Die Data Analytics-Plattform brach über Nacht zusammen,Die Data Analytics-Plattform brach zusammen. Die Server wurden neugestartet und die Logs wurden überprüft.,Ich werde das Problem mit der Data Analytics-Plattform untersuchen. Könnten Sie bitte mehr Details zu den Fehlern in den Logs bereitstellen?,Incident,Technical Support,high,de,Technical,Crash,Outage,Bug,Hardware,Maintenance,,
Digitale Strategien für Geschäftswachstum,"Sehr geehrte Kundenservice, ich möchte mich bei Ihnen erkundigen, welche digitalen Strategien es gibt, die die Marktwachstumschancen für Unternehmen, die mehrere Softwareprodukte nutzen, fördern. Im Zeitalter der Digitalisierung ist es unerlässlich, dass Unternehmen einen starken Online-Präsenz haben, um sich zu beweisen. Ich würde gerne erfahren, welche Strategien bewährt sind, um Wachstum und Markenbewusstsein zu fördern. Gibt es spezielle Softwareprodukte oder Werkzeuge, die Sie für Unternehmen empfehlen würden, die ihren digitalen Fußabdruck ausdehnen möchten? Ich würde mich freuen, jede Ihrer Anweisungen oder Ratschläge zu erhalten. Vielen Dank für Ihre Zeit und Unterstützung. Ich freue mich, von Ihnen bald Nachricht zu erhalten.","Sehr geehrte <name>, vielen Dank für Ihre Anfrage an unseren Dienstleistungsdesk bezüglich digitaler Strategien für Geschäftswachstum. Um das Marktwachstum und das Online-Präsenz zu fördern, empfehlen wir, eine vielfältige Kanalkombination einzusetzen, die soziale Medien, Inhaltsmarketing und E-Mail-Marketing umfasst. Effektive Softwareprodukte sind Marketingautomatisierungstools und Kundenservice-Management-Systeme. Für eine genaue Beratung möchte ich einen Anruf mit Ihnen vereinbaren. Sie können mich unter <tel_num> erreichen. Wären Sie für eine Beratung verfügbar, lassen Sie mich bitte wissen, wann ein passendes Zeitfenster für Sie ist.",Request,Customer Service,medium,de,Customer,Product,Strategy,Marketing,Guidance,Follow-Up,,
Report on Encryption Malfunction,"Greeting Customer Support Team, I am submitting this communication to highlight a sudden encryption malfunction on my medical data. This anomaly could be linked to the use of an outdated Docker version. Despite my efforts to restart the servers and analyze the logs, the problem remains unresolved. I kindly request you to examine this situation and swiftly offer a resolution. Please inform me if there is any supplementary information you require. Thanks for your support.","Hello [Name], thank you for bringing the encryption issue to our attention. We will delve into the matter of your medical data encryption, especially considering the outdated Docker version. Could you kindly share the current Docker version and the precise error message found in the logs to assist us in our analysis? We will be in touch shortly to outline the subsequent steps. ",Incident,Technical Support,low,en,Technical,Security,Bug,Documentation,Resolution,Crash,Feedback,
Medizinische Datenschutzfunktionen,"Sehr geehrte Kundenservice, ich schreibe anlässlich der Sicherheitsfunktionen für die Datensicherung bei medizinischen Daten in den betroffenen Produkten. Da ich Nutzer dieses Produkts bin, bin ich besorgt über die Sicherheit und die Vertraulichkeit meiner medizinischen Daten. Ich möchte wissen, welche Maßnahmen getroffen sind, um unautorisierten Zugriff, Datenspaltungen und andere Sicherheitsbedrohungen zu verhindern. Insbesondere möchte ich erfahren, ob die Produkte Verschlüsselungen, sichere Authentifizierungsprotokolle und Zugriffskontrolle für die Datensicherung nutzen. Ich würde auch gerne Informationen zu den von den Produkten erworbenen Kompliance-Zertifikaten wie HIPAA erhalten. Darüber hinaus möchte ich erfahren, ob die Produkte Funktionen bieten, die es Nutzern ermöglichen, den Zugriff auf ihre medizinischen Daten zu steuern, wie Passwortschutz, Zweifaktorisierung und Audit-Verlaufsberichte. Weiterhin interessiert mich, welche Sicherheitsvorkehrungen getroffen wurden, um in der Eventualität einer Sicherheitsverletzung reagiert zu werden. Zusätzlich möchte ich erfahren, ob die Produkte Funktionen bieten, die es ermöglichen, medizinische Daten sicher zu teilen und zu kooperieren, während die Vertraulichkeit und die Integrität der Daten gewahrt bleiben. Ich halte es für notwendig, robuste Sicherheitsfunktionen zu haben, um medizinische Daten zu schützen, und freue mich auf Ihre Antwort. Vielen Dank für Ihr Verständnis. Ich freue mich auf Ihre Rückmeldung. Mit freundlichen Grüßen, [Ihr Name]","Sehr geehrte [Ihr Name], wir nehmen die Datensicherung bei medizinischen Daten sehr ernst und haben verschiedene Sicherheitsfunktionen eingeführt, um Vertraulichkeit und Integrität zu gewährleisten. Unsere Produkte nutzen Verschlüsselungen, sichere Authentifizierungsprotokolle und Zugriffskontrolle. Wir sind auch mit HIPAA-Regelungen kompatibel und haben Sicherheitsvorkehrungen zur Verhütung und zum Umgang mit Sicherheitsverletzungen getroffen. Ich würde gerne dies weiter mit Ihnen besprechen. Darf ich Sie an einem geeigneten Zeitpunkt anrufen, um Ihnen detailliertere Informationen zukommen zu lassen? +49123456789",Request,Product Support,medium,de,Technical,Security,Compliance,Feedback,Documentation,,,
Services for Brand Growth,"Inquiring about Customer Support for digital strategies that can aid in brand growth services. Would appreciate it if you could provide more details on the services offered to help businesses grow. Particularly interested in the approach to social media marketing, content creation, and search engine optimization. It would be great to receive information, including case studies and testimonials from previous clients. Thank you for your assistance, and I look forward to hearing back soon.","Dear [Name], thank you for your interest in our brand growth services. We offer customized digital strategies, including social media marketing, content creation, and search engine optimization, to help businesses grow. We would be happy to provide more details and share case studies from previous clients. We are available for a call at your convenience to further discuss how we can assist your business. Please let us know a suitable time to call at [tel_num].",Request,Customer Service,medium,en,Feedback,Sales,IT,Tech Support,,,,
Support Security Incident,"An unauthorized access attempt was detected on healthcare systems. Security patches were updated and logs were monitored to resolve the access issues. We need your assistance to prevent future occurrences. Could you please provide details on the unauthorized access attempt, including the date and time it occurred and relevant log entries? For your account number, please refer to <acc_num>. It would be convenient for us to call you at <tel_num> to discuss the next steps for resolving the incident and implementing measures to prevent future occurrences.","<name>, we take this security incident very seriously and are here to assist you. To better understand the issue, could you please provide details on the unauthorized access attempt, including the date and time it occurred and any relevant log entries? Your account number is <acc_num>. It would be convenient for us to call you at <tel_num> to discuss the next steps for resolving the incident and implementing measures to prevent future occurrences.",Incident,Technical Support,high,en,Security,Account,IT,Tech Support,Alert,,,
Optimierung von Investitionen durch Nutzung von Datenanalytik-Tools,"Ich bin auf der Suche nach Datenanalyse-Tools, um meine Investitionen zu optimieren. Kannst du mir einige empfehlenswerte Tools nennen?","Stöber in Tableau oder Power BI, um die Optimierung deiner Investitionen durch Datenanalyse zu erleichtern.",Request,IT Support,low,de,Technical,Product,Feedback,Performance,Guidance,,,
Sicherheitswarnung,"Es wurde eine unautorisierte Zugriffsanforderung auf das medizinische Datenistemaufgegriffen. Möglicherweise liegt der Grund in veralteten Sicherheitsprotokollen. Grundlegende Maßnahmen zur Überprüfung des Zugriffes und der Benutzerrechte wurden ergriffen, jedoch bleibt der Problemfall bestehen.","Bitte kontaktieren Sie uns bezüglich der Sicherheitswarnung. Wir bitten um zusätzliche Details zum Problem und um einen Termin für eine Beratung, um mögliche Lösungen für das medizinische Datenistemauszutreffen.",Incident,Sales and Pre-Sales,medium,de,Security,Alert,IT,Tech Support,,,,
Enquete über Zahlungsmöglichkeiten für Software-Abonnements und Hardware,"Ich richte mich an Sie, um Details über die Zahlungsarten für Software-Abonnements und zugehörige Hardwareprodukte zu erhalten. Könnten Sie mir bitte umfassende Informationen zu diesem Thema bereitstellen?","Sehr geehrte Kundensupport, vielen Dank, dass Sie sich bei uns meldeten. Ich freue mich darauf, Ihnen umfassende Informationen über die Zahlungsarten für Software-Abonnements und Hardwareprodukte zu geben. Unsere Angebote umfassen verschiedene Zahlungsmethoden, darunter Kreditkarte und Banküberweisung. Ich werde Ihnen eine ausführliche E-Mail mit allen verfügbaren Optionen zusenden. Falls Sie dies weiter besprechen möchten, können wir auch telefonisch Kontakt aufnehmen, sobald Ihnen eine passende Zeit für ein Gespräch passt.",Request,Billing and Payments,low,de,Billing,Payment,Hardware,Customer,,,,
"Verbesserung der Leistung und Skalierbarkeit des SaaS-Project-Management-Systems, inklusive Update",Für die Verbesserung der Leistung und Skalierbarkeit unserer SaaS-Project-Management-Plattform ist ein Systemupdate notwendig. Dieses Update wird die allgemeine Benutzererfahrung verbessern und die Projektverwaltung effizienter gestalten.,"Vielen Dank für Ihre Mitteilung. Das Systemupdate wird die Leistung und Skalierbarkeit unseres SaaS-Project-Management-Systems verbessern. Wir freuen uns, dass die verbesserte Benutzererfahrung Benutzern einen Mehrwert bieten wird.",Change,Service Outages and Maintenance,high,de,Performance,Feature,Documentation,Feedback,,,,
Concern Regarding Data Breach,"Dear Customer Support, our healthcare provider recently faced a potential data breach that may have compromised secure access to patient medical records. This could be due to outdated security protocols and unauthorized access attempts. We have already implemented immediate password updates and firewall adjustments, but access issues still persist. The breach may have exposed sensitive patient information, raising concerns about the security of our system. We kindly request your assistance in investigating and resolving this matter as soon as possible.",Please investigate the data breach issue immediately and contact us at <tel_num> to discuss the next steps. We will provide assistance in securing the system.,Problem,Technical Support,high,en,Security,IT,Tech Support,Alert,,,,
Issue with Project Management,SaaS is experiencing performance issues due to recent updates. Attempts to resolve the issue have been unsuccessful.,"Please investigate the performance issue of SaaS related to recent updates. Could you provide more details about the problems experienced, such as error messages or specific functions that are not working? Additionally, please confirm your account number for a good time to call and discuss. The phone number is <tel_num> and your account number is <acc_num>. Specialists will be deployed to help resolve the issue as soon as possible.",Incident,Technical Support,high,de,Performance,Bug,IT,Tech Support,,,,
,"Dear Customer Support, I am writing to request enhancements in our data analytics capabilities to optimize investment strategies for our affected products. The current system is not providing real-time insights or predictive analytics, which hinders our ability to make informed decisions. I would like to request the following enhancements: real-time data visualization, predictive modeling, and automated reporting. These features would greatly improve our investment strategies and overall business performance. I look forward to your response.","Dear [Name], we appreciate your request for enhancements to our data analytics capabilities. We will review your request and provide you with a timeline for implementation. Please allow us to contact you at [Phone Number] to discuss the details further.",Change,Product Support,medium,en,Feature,Feedback,Product,Documentation,,,,
Versagte Integrationsverbindungen und API-Kompatibilität,"Viele Verbindungen scheiterten zur gleichen Zeit. Es könnte sich um ein API-Kompatibilitätsproblem handeln. Zapier-Verbindungen wurden neu gestartet und die Redis-Protokolle wurden überprüft. Eine weitere Unterstützung wird benötigt, um das Problem zu lösen.","Ich habe Ihre Anfrage zur Behebung mehrerer Versagter Integrationsverbindungen und eventuelles API-Kompatibilitätsproblem erhalten. Um Ihnen besser zu helfen, könnten Sie bitte Details zu den Fehlermeldungen und den spezifischen Integrationsverbindungen, die versagt haben, bereitstellen. Es wäre auch sehr hilfreich, wenn Sie mir die genauen Schritte beschreiben, die Sie bei der Neustartung der Zapier-Verbindungen unternommen haben, und was Sie in den Redis-Protokollen gefunden haben. Ich bin bereit, Sie um eine besondere Zeit für eine Telefonbesprechung zu bitten. Geben Sie mir bitte bekannt, wann Sie telefonieren möchten, <tel_num>.",Incident,Technical Support,medium,de,Technical,Integration,API,Bug,Resolution,Documentation,Communication,Follow-Up
Issue with SaaS-Platform,There have been unexpected outages. Recent updates might be causing configuration issues.,"Dear [name],\n\nUnfortunately, we are aware of problems with our SaaS platform. I understand that recent updates might be causing configuration issues, which could lead to outages. I would like to investigate further. Could you please share more details about the error message displayed and the specific issues encountered? If necessary, we can arrange a call at a convenient time for us to discuss the matter ([tel_num]). Please provide a suitable time.\n\nBest regards,\n[Ticket Responder]",Incident,Technical Support,high,de,Outage,Disruption,Maintenance,IT,Tech Support,,,
Sicherung medizinischer Daten bei Gesundheitsversorger,Können wir Einzelheiten zu IT-Lösungen für die Sicherung medizinischer Daten bei Gesundheitsversorger bereitstellen?,"Wir bieten robuste IT-Lösungen für die Sicherung medizinischer Daten an. Diese umfassen Verschlüsselung, Zugriffssteuerung und regelmäßige Sicherheitsprüfungen. Wir bieten auch Schulungen zur Datenschutzprozessierung an. Ein Gespräch planen wir gerne an, um unsere Lösungen den spezifischen Bedürfnissen anzupassen. Bitte vereinbaren Sie einen Anruf, um über die Optionen zu sprechen. Geben Sie uns bitte eine passende Zeit an, um telefonisch Kontakt aufzunehmen.",Request,Customer Service,medium,de,Backup,Security,IT,Tech Support,,,,
Medizinische Datenschutzmaßnahmen Verbesserung,"Schreiben Sie über die Verbesserung der Sicherheitsmaßnahmen für den Datenschutz medizinischer Daten, einhalten der Vorschriften für die IT-Infrastruktur der Klinik. Dies umfasst die Implementierung robuster Firewalls, der Verschlüsselung sowie sicherer Authentifizierungsmethoden, um sensible Patientendaten zu schützen und die Einhaltung gesetzlicher Standards zu gewährleisten.","Sehr geehrter [Name], ich bedanke mich für Ihre E-Mail im Zusammenhang mit der Verbesserung des Datenschutzes in medizinischen Angelegenheiten und der Einhaltung der Vorschriften für die IT-Infrastruktur der Klinik. Verbesserungen der Sicherheitsmaßnahmen stehen in der Top-Priorität. Es ist verpflichtend, robuste Firewalls, die Verschlüsselung und sichere Authentifizierungsmethoden zu implementieren, um sensible Patientendaten zu schützen und die Einhaltung gesetzlicher Standards zu gewährleisten. Wir sind bereit, die verlangten Verbesserungen zu besprechen und mehr Details zu den spezifischen Bereichen der besorgten Sicherheitsmaßnahmen zu erfahren. Es wäre schön, einen Telefonanruf zu vereinbaren, um diese Angelegenheit zu besprechen. Sollten Sie dies möglich sein, teilen Sie uns dies mit.",Change,General Inquiry,medium,de,Security,IT,Performance,Documentation,,,,
Problem,"Medical records not available because of a system failure, attempted to reboot the systems",I regret the difficulty you're experiencing accessing your medical records. Could you share any error messages you're encountering? I intend to look into this and will reach out to you at a convenient time to address it. Would you be available for a call to discuss further at a time that suits you?,Incident,Service Outages and Maintenance,medium,en,Technical,Outage,Resolution,Feedback,,,,
Verbesserung der Investment-Analyse für Microsoft Azure-Lösungen,Möchten detaillierte Anleitungen zur Optimierung der Investment-Analyse für Microsoft Azure ActiveCampaign erhalten? Es geht um die Verständnis der integrierten Tools und die Gewinnung besserer Einblicke für bessere Entscheidungen. Bitte geben Sie Schritt-für-Schritt-Anweisungen und Beispiele an.,Bald werden detaillierte Anleitungen zur Integration von Microsoft Azure ActiveCampaign für optimierte Investment-Analyse bereitgestellt.,Request,Technical Support,high,de,Feedback,Feature,Documentation,,,,,
Optimization of Investment Portfolios Using Data Analytics,"Dear Customer Support, I am interested in learning about data analytics tools that can optimize investment portfolios for individual investors. I am eager to maximize my returns and reduce my risks and have heard that data analytics could be beneficial. However, I would like some guidance on the most effective tools. Could you provide me with detailed information on this matter? I am particularly interested in tools that can monitor my portfolio's performance in real-time, notify me of specific conditions, and offer access to historical data and trends. Additionally, I am interested in tools that can provide personalized recommendations based on my investment goals and risk tolerance. I have conducted some research on my own, but I would appreciate your expert opinion on the subject. Could you recommend some data analytics tools that can help optimize my investment portfolio? Thank you for your consideration. I look forward to your response. Best regards, [Your Name]","Dear [Your Name], we appreciate your inquiry about data analytics tools for optimizing investment portfolios as an individual investor. Our team understands your desire to enhance your returns and mitigate risks. We are here to assist you with information on tools that can track your portfolio performance in real-time, alert you to specific conditions, and offer access to historical data and trends. Some tools also provide personalized recommendations based on your investment goals and risk tolerance. We would be glad to delve into this further and recommend appropriate tools. Could you please share more details about your current investment portfolio and specific goals? Alternatively, we can schedule a call at [tel_num] for a more detailed discussion at your convenience. We are eager to help you find the right data analytics tools to meet your needs.",Request,Returns and Exchanges,low,en,Technical,Product,Feedback,Guidance,Performance,Notification,Documentation,
Optimal Elasticsearch 7.13 Setup for Investment Forecasting,"Greetings, Customer Support. I am contacting you to seek advice on the ideal configuration of Elasticsearch 7.13 for data analytics in investment forecasting. I am particularly interested in the best practices for a setup that can manage extensive financial data and deliver precise predictive outcomes. Could you share your insights on the recommended node configuration, shard distribution, and indexing methods for this application? Moreover, are there any specific plugins or modules you would recommend for investment forecasting? I would be grateful for any recommendations or resources you could offer to help optimize my Elasticsearch setup for data analytics. Thank you for your time and assistance. I anticipate your prompt response and eagerly await your feedback.","Hello, [Name]. We thank you for your inquiry regarding the Elasticsearch configuration for investment forecasting. For the best performance, we advise having a minimum of three nodes in a production cluster, with the number of shards tailored to your data volume and query patterns. For indexing strategies, a time-based approach is advisable. We recommend exploring the X-Pack plugin for features such as alerting and monitoring. Should you wish to provide more specifics about your current setup and data needs, we can schedule a call at [Phone Number] to discuss in greater detail.",Request,IT Support,high,en,Technical,Customer,Guidance,Documentation,Performance,Recommendation,Elasticsearch,DataAnalytics
Request for Detailed Billing Information for Digitalkamera ESET NOD32 Antivirus 14,Could you please provide detailed information regarding the billing options for Digitalkamera ESET NOD32 Antivirus 14? Thank you!,Please provide detailed billing options for Digitalkamera ESET NOD32 Antivirus 14 and allow us to discuss at your convenient time.,Request,Billing and Payments,medium,en,Billing,Payment,Product,Feature,Tech Support,,,
Microsoft Teams Support,"Seeking detailed guidance on integrating the Microsoft Teams SaaS project management solution. Would appreciate step-by-step instructions, documentation, and any help with the process. Could you provide additional resources and support to ensure a successful integration?","<name> is happy to assist with integrating the Microsoft Teams SaaS project management solution. A comprehensive guide outlines the step-by-step process for integration, which you can find on the website. Please provide a direct link to the documentation. Additionally, we offer support resources such as tutorials and FAQs that may be helpful during the integration process. If you have specific questions or need further assistance, please let us know, and we can offer phone support to help you speak with someone directly.",Request,Technical Support,high,en,Documentation,Feature,IT,Tech Support,,,,
Hinweis über plötzlich verschwindende Projektdaten,"Sehr geehrte Kundenservice, ich möchte Ihnen mitteilen, dass ich ein Problem mit plötzlich verschwindenden Projektdaten nach meinem Login feststellen muss. In den letzten Tagen sind meine Projektdaten bei jedem Login spurlos verschwunden. Ich schätze, dass es sich um einen Konflikt mit den neuesten Softwareupdates handelt. Bis zu diesem Zeitpunkt habe ich versucht, das System neu zu starten und die Treiber zu aktualisieren, aber das Problem behält sich bestehen. Es wäre sehr nützlich, wenn Sie dies genauer untersuchen und eine Lösung rechtzeitig bereithalten könnten. Bitte geben Sie mir Nachricht, falls weitere Informationen notwendig sind, um das Problem zu beheben. Ich freue mich auf Ihre Rückmeldung und danke Ihnen für Ihre Zeit und Unterstützung.","Sehr geehrte <name>, ich bedaure, dass Sie mit plötzlich verschwindenden Projektdaten nach Ihrem Login kämpfen. Ich möchte dies ausführlicher untersuchen. Könnten Sie mir bitte Ihre <acc_num> und die genauen Schritte mitteilen, die Sie beim Login ausführen, als Sie das Problem bemerken? Ich benötige auch die genaue Version der Software, die Sie zurzeit verwenden. Wenn erforderlich, werde ich einen Anruf mit Ihnen vereinbaren, dessen Nummer <tel_num> ist, um das Problem so schnell wie möglich zu lösen. Ich danke Ihnen für Ihr Verständnis und Ihre Zusammenarbeit und freue mich darauf, das Problem für Sie zu lösen.",Incident,IT Support,medium,de,Customer,Outage,Bug,Login,Resolution,Feedback,,
Inquiry on Securing Medical Data in SAP ERP Central Component 6.0,"Customer Support, we are reaching out to inquire about the security practices and protocols in place within the SAP ERP Central Component 6.0 to ensure the confidentiality, integrity, and availability of sensitive medical information. We would greatly appreciate guidance on data encryption, access controls, and audit trails. Additionally, we would like to know if specific compliance requirements and regulatory standards are met, such as HIPAA and ICD-10. We look forward to hearing back with the necessary information.","Thank you for your inquiry regarding securing medical data within SAP ERP Central Component 6.0. Our team follows best practices for data encryption, access controls, and audit trails to ensure the confidentiality, integrity, and availability of sensitive information. We comply with regulatory standards such as HIPAA and ICD-10. For specific guidance on our protocols and practices, we would like to schedule a call at a convenient time to discuss further. Please let us know a suitable time to reach you.",Request,Product Support,medium,en,Security,Documentation,IT,Tech Support,,,,
Hilfe bei der Optimierung der Datenanalyse für Anlageentscheidungen,"Sehr geehrte Kundenservice, ich richte mich an Sie, um nachzuhelfen, die my Datenanalyseworkflows für Anlageentscheidungen auf meinem Chromebook zu optimieren. Ich würde gerne TensorFlow und Scikit-learn in meinen Workflow integrieren, um meine Entscheidungsprozesse zu verbessern. Ich möchte wissen, ob es spezielle Tools oder Software gibt, die Sie empfehlen. Aktuell nutze ich einen Chromebook und möchte wissen, ob es limitierende oder einschränkende Faktoren gibt, die ich beachten sollte. Ich habe gehört, dass TensorFlow und Scikit-learn starke Werkzeuge für Datenanalyse sind, aber ich weiß nicht, wie ich sie in meinen Workflow integrieren kann. Könnten Sie mir bitte Ratschläge zur Verwendung dieser Werkzeuge geben? Ich würde mich freuen, wenn Sie mir Empfehlungen oder Ratgeber geben könnten. Ich möchte meine Anlageentscheidungen verbessern und glaube, dass die Optimierung meines Datenanalyseworkflows entscheidend für diesen Zweck ist. Vielen Dank für Ihre Zeit und Unterstützung. Ich freue mich darauf, von Ihnen zu hören. Mit freundlichen Grüßen, [Ihr Name]","Sehr geehrter [Name], vielen Dank für Ihre Anfrage an unser Kundenservice-Team bezüglich der Optimierung Ihres Datenanalyseworkflows für Anlageentscheidungen auf Ihrem Chromebook. Um TensorFlow und Scikit-learn zu integrieren, empfehlen wir Ihnen, einen Cloud-Plattform wie Google Colab zu nutzen, die beide Werkzeuge unterstützt und vom Chromebook aus zugänglich ist. Dies wird Ihnen helfen, limitierende oder einschränkende Faktoren zu umgehen, die mit Ihrem Gerät verbunden sein könnten. Wir können Ihnen auch Ratschläge geben, wie Sie mit diesen Werkzeugen beginnen können, und andere Software empfehlen, die für Ihren Workflow nützlich sein könnten. Wollen Sie, dass wir Sie anrufen, um weiter zu beraten oder E-Mails mit zusätzlichen Informationen zu versenden?",Change,Technical Support,medium,de,Customer,Product,Documentation,Guidance,Performance,,,
Issues with Data Analysis Service,"Experienced a service outage, which has impacted the Data Analysis for Investment Optimization. The problem seems to stem from server maintenance.","Dear <name>, thank you for reporting the issue with the Data Analysis service. Apologies for the service outage and its impact on investment optimization. We will investigate the possible causes related to server maintenance. Could you please provide any additional details or error messages during the outage, as they would be helpful?",Incident,Service Outages and Maintenance,high,de,Outage,Maintenance,Performance,IT,,,,
Support for Project Management Integration,"Request for integrating project management SaaS tools like Zoho CRM, Outlook 2021, and Notion to enhance user productivity. The integration is aimed at allowing teams to access and manage projects seamlessly across various platforms, thereby saving time and increasing efficiency.","<name>, we appreciate your request for integrating project management SaaS tools such as Zoho CRM, Outlook 2021, and Notion to enhance user productivity. Our team will review the requirements to provide a solution that integrates these platforms seamlessly. We would like to schedule a call to discuss the project details and answer any questions. Please let us know a suitable time that is convenient for you, and we will arrange accordingly. We will also provide a detailed proposal outlining the scope of the integration.",Change,Product Support,high,en,Feature,Feedback,IT,Tech Support,,,,
Connectivity Challenges in Project Management SaaS,"Users are encountering connectivity problems with the project management SaaS application, which is affecting their productivity due to compatibility issues.","We are addressing the connectivity challenges with the project management SaaS. Please investigate the compatibility issues and provide us with details and any error messages you are seeing. You can call <tel_num> to discuss further. In the meantime, please send an update with the next steps to resolve the issue. Your account number is <acc_num>.",Problem,IT Support,medium,en,Network,Performance,IT,Tech Support,,,,
Detected Unauthorised Access to Medical Data,"Customer Support, reporting a critical issue concerning unauthorized access to patient medical records in the hospital system. Despite recent software updates and a review of user access logs, the issue remains unresolved. These unauthorized access attempts may be due to outdated security protocols and insufficient firewall rules. I am concerned about the potential for a data breach involving sensitive patient information and would appreciate your assistance in resolving this matter. Could you please provide guidance?","Dear <name>, we take the confidentiality of patient medical data very seriously and are grateful for bringing this matter to our attention. We will assign this issue to a senior security specialist for a thorough review and to provide recommendations for strengthening security measures. To better assist you, could you please provide details on your current security protocols, including firewall rules and software updates? Additionally, could you confirm if any suspicious activities or alerts related to unauthorized access have been noticed?",Incident,IT Support,medium,en,Security,IT,Tech Support,Recovery,,,,
Error During Data-Synchronization Across Various Platforms,There is a data discrepancy in the reports and analytics tools due to an integration issue.,"Dear <name>,\n\nThank you for reporting the error you encountered during data synchronization across various platforms in your <acc_num> account. I understand that a data discrepancy exists in the reports and analytics tools due to an integration problem. I would like to assist you in resolving this issue as quickly as possible. Could you please provide me with more details about the error message you are seeing, as well as the steps you have already taken? This will help me better understand the problem and provide an effective solution. If necessary, I will schedule a call time at <tel_num> to continue working on the issue together. Please inform me of a suitable time for the call. I look forward to hearing from you.\n\nBest regards,\n[Your Name]",Problem,Human Resources,low,de,Technical,Integration,Data,Discrepancy,Resolution,Documentation,Support,
Problem with Software Crashes and Errors,"I am contacting you to report recurring software crashes and errors that started recently. The problem may be due to incompatible updates or a conflict with other software products. I've already attempted to restart and reinstall the software, but the issue remains unresolved. I urgently need your assistance to find a lasting solution. Could you please help me diagnose or provide a fix for these crashes and errors so they do not occur again in the future?","Hello <name>, we have received your email concerning the software crash issue. To provide the best assistance, we need more information about the software and updates involved. Please include any specific error messages you are encountering and the steps you have already taken. If necessary, I can arrange a call at <tel_num> for a detailed discussion. Could you confirm a suitable time for you? I will work to provide a solution or guide you through the troubleshooting process to permanently resolve the issue for your <acc_num> account.",Incident,Technical Support,high,en,Crash,Software,Bug,Technical,Resolution,Support,Customer,
Assistance,"I am writing to report a critical error that occurred during the night, where our systems experienced data loss and crashes. We suspect this might be due to compatibility issues or hardware failures. So far, we have tried restarting the systems and checking for updates, but the problem persists. Could you please support us in resolving this issue as soon as possible? We would greatly appreciate any guidance on how to address or resolve this problem. Please inform us if you need additional information to proceed. We look forward to hearing from you and finding a solution to this problem.","In response to your email regarding a critical error where systems experienced data loss and crashes, I regret to inform you that restarting and updating the systems did not resolve the issue. To better assist you, could you please provide more details about the error messages and the specific steps you have taken so far? Additionally, it would be helpful to know the specifications of your hardware and software configurations. I will review this information and provide you with guidance on how to address the problem or potential solutions. If necessary, I can also arrange a call to discuss further details. Please let me know a convenient time to call you at the number <tel_num>, associated with your account <acc_num>.",Incident,Technical Support,high,de,Crash,Hardware,Incident,Resolution,Guidance,Documentation,Technical,Outage
Enhancing Investments with DataRobot's Advanced Analytics,Seeking to learn how to optimize investments using DataRobot's analytics features. Would greatly appreciate any information and resources that could assist in getting started.,We can provide you with information on DataRobot's analytics capabilities. Please feel free to contact <tel_num> for a detailed discussion.,Request,Customer Service,medium,en,Feature,Documentation,Feedback,,,,,
Enhancing Investment Analytics Support with MATLAB,"I am contacting customer support to seek advice on optimizing investment analytics using MATLAB for better decision-making. Could you provide information on how to leverage MATLAB's capabilities to enhance investment decisions? I would greatly appreciate any guidance on available tools, resources, and best practices. Thank you for your time and assistance. I look forward to hearing from you soon.","Thank you for reaching out to the customer support team regarding the optimization of investment analytics using MATLAB. We can provide guidance on how to leverage MATLAB's capabilities to improve investment decisions. MATLAB offers a wide range of tools and resources for investment analytics, including data analysis and visualization, portfolio optimization, and risk management. We recommend exploring MATLAB's documentation and tutorials on these topics. Additionally, we can offer best practices for implementing an investment analytics workflow using MATLAB.",Request,Technical Support,medium,en,Feedback,Documentation,Tech Support,,,,,
Exploring SaaS Features for Project Management and Scalability,"I'm interested in learning about the SaaS features that support project management and scalability. Specifically, I would like to know if the platform can accommodate large projects and teams. Could you provide details on the tools and features that enable efficient collaboration and task management? I greatly appreciate your assistance and look forward to hearing back soon.",I would be happy to provide information on the SaaS features related to project management and scalability. Please allow me to call at your convenience to discuss the details of the tools and features that support efficient collaboration and task management.,Request,Returns and Exchanges,medium,en,Feature,Product,Feedback,,,,,
Boost User Experience,"Customer Support, exploring ways to enhance integration capabilities among various applications in our project management SaaS to achieve our goal of improving the user experience and enabling seamless interactions across different tools. This would allow users to access multiple applications from a single platform, thus streamlining workflows and increasing productivity. We believe this enhancement would be a significant step forward in providing an intuitive and efficient experience for our users.","<name>, thank you for your feedback on enhancing integration capabilities in our project management SaaS to improve user experience. We will review your request and invite you to contact us at <tel_num> to discuss the details and possible implementation.",Change,Customer Service,low,en,Feature,Feedback,IT,Tech Support,,,,
Billing Issue,"An unexpected billing error has occurred, which may be related to an outdated payment method.","We regret the inconvenience caused by the unexpected billing error. The issue might be due to an outdated payment method. Please update your payment details by logging into your account and following the on-screen instructions to add a new payment method. If you have already updated your payment method, please contact our support team for further assistance. We are here to help resolve the issue and ensure your account is up-to-date. If you have any questions or concerns, please let us know.",Incident,Billing and Payments,low,en,Billing,Payment,Account,Guidance,Documentation,Notification,,
Concerns About Hospital Security Systems,"Suspected data breach, currently examining access logs",Examining issues with hospital security systems due to a suspected data breach. Please provide access log information to better assist with the matter.,Problem,Technical Support,medium,en,Security,IT,Tech Support,,,,,
Problem with Data Analytics Dashboard Efficiency,The Data Analytics Dashboard is stationary. It might be because of excessive load on the Cassandra database. I restarted the server and reviewed the latest GitHub updates.,I will examine the performance issue of the Data Analytics Dashboard. Please share the error log for a deeper analysis and to help in troubleshooting.,Incident,Service Outages and Maintenance,medium,en,Technical,Bug,Performance,Documentation,Crash,Database,Resolution,Feedback
Alert on Security Incident,Noted unauthorized access attempts occurred,"<name>, please address this security incident with prompt attention. Kindly furnish details about the unauthorized access attempts, including the date and time, and the affected systems. This will assist us in investigating the matter and taking the necessary actions. If available, I would like to discuss this further by calling at <tel_num>. Could you please inform me of a convenient time to call regarding <acc_num>?",Incident,Human Resources,low,en,Security,Alert,IT,Tech Support,,,,
Problems with Digital Tools,"I am encountering difficulties with the digital tools due to a sudden loss of connectivity. It seems the issue could be related to outdated software. Despite restarting and trying to update the software, the problem continues to occur.","Dear <name>, thank you for contacting us regarding the problems you are facing with our digital tools. We regret the inconvenience this has caused and are here to support you. We understand that you have already attempted to restart and update your software, but the issue still persists. We would like to further investigate the root cause of the connectivity loss. Could you please provide us with more details about the error messages you are seeing and the steps you have taken so far? If needed, we can arrange a call at a convenient time for you to discuss this further. Please let us know a suitable time to reach you at <tel_num> and we will be happy to help resolve the issue related to your <acc_num>. ",Problem,IT Support,high,en,Technical,Connectivity,Software,Outdated,Resolution,Support,Documentation,Network
Issue with Campaign Analytics Dashboard,"Dear Customer Support, <br><br>I am contacting you to report that the campaign analytics dashboard has not been loading correctly. I think this could be because of a misconfiguration in the GitHub integration or a conflict with my Avast security software. <br><br>Having already restarted my system and run a malware scan with Malwarebytes, the problem still persists. I would really appreciate any help you can offer to resolve this. <br><br>Could you please let me know if there are any further steps I can take or if you need any additional details from me? <br><br>Thank you for your time and support. <br><br>Sincerely, <br>[Your Name]",I apologize for the problem you are experiencing with the campaign analytics dashboard. Could you please share your account number and a screenshot of the error message? I will look into the GitHub integration and Avast security software configuration to assist you further.,Problem,Technical Support,medium,en,Technical,Bug,Documentation,Feedback,Resolution,Security,Crash,Technical
Request for Details on Project Management SaaS Features,"I am keen to learn about the features of a project management SaaS solution. Could you please provide information on scalability options, customization possibilities, integration tools, and pricing plans? Additionally, I would like to know about the security measures in place to protect user data. Your detailed response will help me make an informed decision. Thank you for your assistance, and I look forward to your prompt reply.","I would be happy to provide information on the features, pricing plans, and other details of our project management SaaS. Please allow us to call you for a more convenient discussion, and we can send you the detailed information you requested.",Request,Customer Service,medium,en,Feature,Documentation,Feedback,Security,IT,Tech Support,,
Issue Reported with Investments Optimization Tool Loading,"Dear Customer Support, <br/>I am reporting an issue with the investments optimization tool. It failed to load data, which could be due to insufficient system resources or software incompatibility. <br/>After attempting to restart my system and checking for updates, the issue still persists. <br/>I would appreciate your investigation and a prompt solution. <br/>Thank you for your time and assistance. <br/>Sincerely, <br/>[Your Name]",We have received your email about the issues with the investments optimization tool loading. We will look into this and contact you at <tel_num> if further assistance is needed.,Incident,Service Outages and Maintenance,low,en,Technical,Bug,Software,Performance,Resolution,Follow-Up,,
Login Problem,"Dear Support Team, I am experiencing a login problem that started this morning. Login failed without any clear reason, and I suspect it might be related to server maintenance. I have already tried restarting my browser and clearing the cache, but the issue remains unresolved. Please review the situation and provide a solution at your earliest convenience. If there are any further steps I need to take, please inform me. Thank you for your help. Sincerely, [Your Name]","Dear Customer, we appreciate you bringing this login issue to our attention. We regret the inconvenience caused and are currently investigating the matter. Our team will look into the cause and work on a resolution as quickly as possible. In the meantime, please check our website for any maintenance notifications. If the issue continues, we might need additional information from you to assist with troubleshooting. We value your patience and will provide an update shortly. Thank you for your understanding.",Incident,Customer Service,low,en,Login,Maintenance,Issue,Customer,Resolution,Notification,Disruption,
Support for Alteryx,"Dear Customer Service, I am writing regarding the request for integration of Alteryx with SAP ERP for an advanced asset analysis. Could you provide guidance on the steps involved and potential challenges that might arise? Additionally, I would appreciate recommendations for best practices or resources that could assist in the successful execution of the integration. I look forward to exploring how Alteryx can enhance our asset analysis capabilities. Thank you for your time and support.","Dear [Name], thank you for reaching out to Customer Service regarding the integration of Alteryx with SAP ERP for advanced asset analysis. To assist with the integration, we recommend reviewing general guidelines available in our Knowledge Competency Center articles and tutorials on the website. For more specific instructions tailored to your needs, please provide us with additional details about your current integration status. If you prefer a phone consultation, we can provide you with a convenient time to call at [Phone Number].",Request,Customer Service,low,de,Feedback,IT,Tech Support,Documentation,,,,
Smart Home Systems,Is it possible to get details on integrating Smart-Gartenbewässerung with Slack and Elasticsearch? Thank you!,"<name>, provide details on integrating Smart-Gartenbewässerung with Slack and Elasticsearch. To better assist you, please provide more information about your current setup and what you are trying to achieve. I am happy to discuss and explore possible solutions, and would be available for a call at your convenience.",Request,Product Support,medium,en,Feature,Product,Feedback,Tech Support,,,,
Concern About Data Security,"We faced a data breach in the hospital's system, which led to the compromise of secure medical data. This may have occurred due to a software vulnerability in the current security setup. We have taken immediate action by updating the antivirus software, conducting a security audit, and reinforcing our firewall settings.","Thank you for your email regarding the data security issue at the hospital. We appreciate the swift actions taken, including updating the antivirus software, conducting a security audit, and reinforcing firewall settings. To ensure that all necessary steps have been taken, we would like to discuss this matter further. Could you please provide details on the breach and the actions that have been taken so far? We are available to schedule a call at your earliest convenience to go over these details. Please call <tel_num> at your convenience to discuss the next steps.",Incident,Billing and Payments,medium,en,Security,Virus,IT,Tech Support,,,,
Identified Problems with Airtable Synchronization,Faced synchronization difficulties between Airtable and Cassandra 4.0,I will look into the Airtable synchronization problem with Cassandra 4.0. Please share additional details regarding the error for better support.,Problem,IT Support,high,en,Technical,Product,Bug,Synchronization,Airtable,Cassandra,Resolution,
Neuauflage von Rechnungsunterschieden nach Tarifänderungen,"Die Markenagentur hat seit den letzten Tarifänderungen Rechnungsunterschiede bei mehreren Abonnements festgestellt. Die Überlappungen der Rechnungen scheinen auf die Änderungen im Preiskreis zurückzuführen sein. Der Versuch, Kontakt zum Kundensupport aufzunehmen, um die Abrechnungen zu überprüfen, hat leider nicht zum gewünschten Ergebnis geführt. Bitte helfen Sie dabei, das Problem zu klären.","Ich schreibe Ihnen, dass ich Ihre Sorgen bezüglich der Rechnungsunterschiede mehrerer Abonnements nach den letzten Tarifänderungen annehme. Um Ihnen besser helfen zu können, wäre es hilfreich, wenn Sie mir mehr Details zu den betroffenen Abonnements und den festgestellten Unterschieden mitteilen könnten. Zudem bitten wir um die Angabe der Kontonummer sowie Ihre Handy-Nummer, damit wir uns in angemessener Zeit kontaktieren können, um das Thema zu besprechen und eine Lösung zu finden. Bitte stellen Sie sicher, dass Sie einen passenden Zeitpunkt für die Rückrufanfrage festlegen.",Problem,Billing and Payments,medium,de,Billing,Refund,Account,Payment,Feedback,IT,Tech Support,
Enquiry Regarding Payment Options,"I am keen to join your service and would like to understand the available payment methods. Could you kindly share a list of accepted payment types? Additionally, I would be grateful if you could inform me about any current discounts or promotions. I appreciate your time and look forward to your response. I await your reply eagerly.","Dear <name>, we are grateful for your interest in our service and are pleased to share information about our payment options. We accept major credit cards like Visa, Mastercard, and American Express, as well as online payment services such as PayPal. We also provide discounts for extended commitments and special offers for new subscribers. For more details on current promotions and discounts, I would be happy to call you at your convenience to discuss the specifics. Would you be available for a call at <tel_num> or would you prefer another time?",Request,Billing and Payments,medium,en,Payment,Billing,Feedback,Discount,Customer,,,
Encountering Problems with Data Analytics Tool,"I am facing issues with the data analytics tool as it unexpectedly crashes. There is a possibility that the problem could stem from a compatibility issue with Zoho Books integration. I have already attempted to restart my MacBook and reviewed the settings in the Eclipse IDE, but the problem still persists. I would greatly appreciate your assistance in resolving this issue.","I am ready to assist you with the challenges you are experiencing with the data analytics tool. In order to address the potential Zoho Books integration issue, could you kindly provide more details regarding the error message you encounter when the tool crashes? I will arrange a time that is convenient for you to resolve the issue.",Incident,Product Support,high,en,Technical,Bug,Crash,Integration,Resolution,Guidance,Documentation,
Support for Smartsheet Elasticsearch Integration,I require assistance with integrating Smartsheet Elasticsearch 7.13 into the SaaS platform. Could you provide detailed documentation?,"I am pleased to assist with the integration of Smartsheet Elasticsearch into the SaaS platform. Documentation is available, but I would like to confirm the details before providing it. Could you please confirm your account number and specific integration requirements? Once confirmed, I will provide the necessary documentation and schedule a call to discuss further.",Request,Technical Support,high,en,Documentation,Tech,,,,,,
Exploring Digital Strategies for Brand Growth Online,"Greetings Customer Support, I am reaching out to inquire about digital strategies that can impact brand growth online. Could you provide information on methods to use for increasing brand awareness and customer engagement online? I would greatly appreciate any details you can share regarding social media marketing, content creation, and search engine optimization techniques. Additionally, I am interested in learning about the tools and platforms you utilize to measure the success of these digital strategies. Thank you for your time and assistance. I look forward to hearing back from you.","Dear [Name], thank you for reaching out to our customer support team. We appreciate your interest in digital strategies for brand growth online. Our team employs a combination of social media marketing, content creation, and search engine optimization techniques to increase brand awareness and customer engagement. We also leverage various tools and platforms to measure the success of these digital strategies, including analytics software and performance tracking metrics. For detailed information, we would be happy to schedule a call with you.",Request,Billing and Payments,high,en,Feedback,Sales,IT,Tech Support,,,,
Enhancing Investment Strategies with KNIME,Could you offer insights on optimizing investments through KNIME data analytics? I am keen on learning how to use data analytics for making well-informed investment choices. I would greatly appreciate any guidance and resources you can provide. Thank you for your assistance.,"Hello, KNIME data analytics can indeed help in optimizing investments and making informed decisions. I would be happy to call you at <tel_num> to provide guidance and resources on this topic. We can schedule a call at your convenience to go into more detail.",Request,Product Support,low,en,Feature,Feedback,Documentation,IT,Tech Support,,,
Team Collaboration Issues,"Dear Customer Support, I am inquiring about the use of the Team Collaboration features and their integrations, particularly within a Project Management SaaS platform. Could you provide more information on the available integrations and how they support collaboration, communication, and team member engagement? Specifically, I am interested in learning about the integration possibilities with various tools and services, such as calendars, file exchange, and communication tools. Detailed information on the features and their benefits would be greatly appreciated, as well as how they can enhance our workflow for teams. I look forward to your assistance at a convenient time to discuss these details further.","We can provide information on the Team Collaboration features and their integrations, including calendars, file exchange, and communication tools. Please let us know a convenient time for you to discuss these details further regarding the Project Management SaaS platform.",Request,Product Support,medium,de,Feature,Feedback,IT,Tech Support,,,,
Unangemessene Unterbrechung gemeldet,"Ich melde eine unerwartete Unterbrechung, die während der Nacht aufgetreten ist. Mögliche Ursachen könnten eine Serverbelastung oder Wartungsprobleme sein. Ich habe bereits versucht, Dienste neu zu starten und Systemprotokolle zu überprüfen, dennoch besteht das Problem weiterhin. Es wäre sehr hilfreich, wenn Sie dies in die Hand nehmen könnten und eine Lösung bereithalten. Bitte kontaktieren Sie mich, falls zusätzliche Informationen benötigt werden, um das Problem zu lösen.","Sehr geehrte <name>,\n\nwir bestätigen Ihre Meldung über eine unerwartete Unterbrechung, die während der Nacht aufgetreten ist. Entschuldigen Sie die Unannehmlichkeiten, die dies bei Ihnen verursacht hat, und danke für die Schritte, die Sie bereits unternommen haben, um das Problem zu beheben. Um das Problem weiter zu untersuchen, bitten wir Sie, uns bitte mit Ihrem <acc_num> und der genauen Zeit, in der die Unterbrechung zum ersten Mal bemerkt wurde, in Kontakt zu setzen. Darüber hinaus, falls Sie Server- oder Systemprotokolle vom Zeitpunkt des Vorfalls haben, teilen Sie uns diese bitte mit. Falls erforderlich, können wir eine Anrufzeit am <tel_num> vereinbaren, um dies weiter zu besprechen. Wir arbeiten daran, das Problem so schnell wie möglich zu beheben und Ihnen eine Lösung oder einen Fortschrittsbericht zu geben.\n\nMit freundlichen Grüßen",Incident,Technical Support,high,de,Outage,Incident,Resolution,Hardware,Network,Documentation,Follow-Up,
Issues with Delayed Response Times Noted Lately,"Recently, users have reported experiencing slow response times when accessing project dashboard features during peak hours of increased user traffic. Efforts to identify and address potential bottlenecks in server performance and optimize database queries have been made, but the issues persist. We are still working on resolving the issue.",Received an email regarding the reported issues with delayed response times on the project dashboard. Offering assistance to provide detailed information on server performance during peak hours to help resolve the issue.,Incident,Customer Service,low,en,Performance,Network,IT,Tech Support,,,,
Unexpected System Outage Reported,"Dear Customer Support,\n\nI am contacting you to report an unforeseen system outage that has had significant impacts on our operations. We currently suspect that the outage could be due to an overload or a technical malfunction, but the exact cause is still under investigation.\n\nSteps taken so far include restarting services, reviewing logs, and monitoring system performance. Despite these efforts, the issue remains unresolved, and we need your assistance to identify and rectify the problem.\n\nHere are the details of the incident:\n\n**Incident Overview:** Our system unexpectedly went down, leading to reduced productivity.\n\n**Possible Cause:** We believe the outage might have been due to overload or a technical glitch, but a thorough investigation is required to confirm this.\n\n**Actions Taken:** Our technical team has restarted services, reviewed logs for errors, and monitored system performance to spot any potential issues. Unfortunately, the problem persists.\n\nWe would be grateful if you could organize a call to further discuss this matter. Additionally, could you confirm your account number and the precise time the outage occurred? This information will be invaluable in pinpointing the issue and finding a solution.\n\nThank you for your swift attention to this matter.\n\nBest regards,\n[Your Name]","Dear [Your Name],\n\nThank you for reporting the unexpected system outage. I apologize for the inconvenience this has caused. Could we arrange a call to delve deeper into the issue? Please let me know a convenient time for you. Meanwhile, could you provide your account number and the exact time the outage began? This information will aid in our investigation and prompt resolution. I appreciate your understanding and cooperation.\n\nWe look forward to discussing this further and resolving the issue at your earliest convenience.\n\nBest regards,\n[Support Team Member]",Incident,Service Outages and Maintenance,high,en,Outage,Technical,Incident,Resolution,Customer,,,
JIRA Assistance,Is it possible to furnish details on integrating the JIRA project management software? Thank you!,I would be glad to assist with the JIRA integration. Could you please provide information on your current setup and what you are trying to achieve? I will be able to provide a detailed response and offer assistance.,Request,Customer Service,medium,en,Feedback,IT,Tech Support,Documentation,,,,
Problem with Project Synchronization,Project schedules are failing to sync between teams. There might be integration problems with OneNote and Windows. I have already restarted Repeater and reviewed Ansible configurations.,"I have noted your concern about the project synchronization issue. In order to delve deeper into the integration challenges with OneNote and Windows, could you share any specific error messages you are encountering? Additionally, please provide the versions of the software you are utilizing. I will contact you at <tel_num> to proceed with the next steps.",Incident,Customer Service,medium,en,Technical,Integration,Bug,Software,Synchronization,OneNote,Windows,
Unanticipated Fees in My Bill,"I noticed some unanticipated fees in my monthly bill, which might be because of a mistake in the product bundle setup.","I am investigating the unexpected charges on your bill. For a clearer understanding of the issue, could you provide more information about the suspected incorrect product bundle configuration? I will review your account <acc_num> and contact you at <tel_num> if further discussion is needed to resolve the matter.",Incident,Billing and Payments,medium,en,Billing,Payment,Account,Feedback,,,,
Problem with Docker Update,Data was lost following a Docker update. It is suspected that the Docker version is incompatible. Efforts to resolve included restarting Docker and reviewing ClickUp settings.,Please provide additional details regarding the issue for support.,Incident,Returns and Exchanges,high,en,Technical,Docker,Bug,Update,Incompatible,Support,,
Improve Data Analytics Tools,"Customer Support, submitting request for enhancements to data analytics tools currently utilized by a financial firm for investment optimization strategies. Current tools are lacking in providing the necessary level of insight needed to make informed decisions. We would appreciate additional features such as predictive modeling and real-time data analysis, which would greatly improve our ability to optimize investment strategies and increase returns. We are considering this request and appreciate your attention to it.","Dear [name], thank you for reaching out to us to enhance the data analytics tools. We appreciate your feedback and are interested in learning how we can better meet your needs. Could you please provide more information on the specific features you are looking for, the types of predictive models you would like to see, and the frequency of real-time data analysis required? We would like to schedule a call to discuss this further; please let us know a suitable time that is convenient for you.",Change,IT Support,high,en,Feature,Feedback,IT,Tech Support,,,,
Report on Unapproved Access: Hospital Systems Affected,"Unapproved access has been detected in the hospital's systems, which may pose a risk to the medical data.","Dear [Name], we take the report of the unapproved access to the hospital's systems very seriously. The potential risk to the medical data is a top priority. Please provide more details about the incident, including the date and time it was detected, as well as any relevant system logs. We would like to schedule a call to discuss the next steps. I am available at your convenience and would appreciate it if you could let me know a suitable time to contact you at [Tel Num].",Incident,Technical Support,high,en,Security,Network,IT,Tech Support,,,,
Concerning Security Breach in Hospital IT System,"Dear Customer Support,<br>A data breach has been identified in the IT system of the hospital. It might be due to inadequate cybersecurity measures. Immediate action has been taken, including updating firewalls and changing passwords, but vulnerabilities still persist despite our efforts.<br>We request your assistance in resolving this issue to prevent sensitive patient information from being at risk. It is crucial that we address and fix any errors promptly.<br>Please contact us to discuss the necessary steps to secure the system: <tel_num>.","To assist in verifying and ensuring the security of the hospital's IT system, please provide additional details about the current vulnerabilities. We propose scheduling a telephone conference to discuss further measures: <tel_num>.",Incident,Technical Support,medium,de,Security,IT,Tech Support,Bug,,,,
Request for Information on Integrating Smartsheet Scalable SaaS Project Management,Could you provide detailed information on integrating Smartsheet's scalable SaaS project management solution? I need to know the specific requirements and the benefits of the integration.,"To integrate Smartsheet's scalable SaaS project management solution, you will need an active account and our services. The benefits of integration include streamlined workflows, automated reporting, and enhanced collaboration. Our system supports API-based integration with Smartsheet, enabling seamless data exchange. For specific requirements, I would be happy to schedule a call at your convenience to discuss and provide a tailored solution for your needs. Please let me know a suitable time for the call.",Request,Customer Service,medium,en,Feature,Documentation,Feedback,IT,Tech Support,,,
Strategies for Brand Growth in Digital Marketing,Is it possible to supply us with information on digital marketing strategies that can aid in brand growth? This would be incredibly helpful for bettering our online presence and reaching a broader audience. We really appreciate your prompt assistance in this matter and look forward to hearing back from you soon.,We will review your request and provide a detailed response regarding digital marketing strategies that can aid in brand growth and improving online presence.,Request,Technical Support,medium,en,Feedback,Sales,Feature,Documentation,IT,Tech Support,,
Problems with Data Connection Interruption,"The data connection has been interrupted, and the analytics are frozen. This may be due to software compatibility issues.",I will investigate the issue with your data connection and analytics. Could you please provide more details about the software you are using and when the problem first occurred? I will call you at <tel_num> to further discuss and find a solution.,Incident,IT Support,medium,de,Technical,Network,Disruption,Incident,Resolution,,,
Problem with investment figures not refreshing properly,"Details: Investment figures are not updating accurately. Possible reasons: API connection problems or software that is out of date. Actions taken: Restarted equipment, verified network links, and ensured API credentials are valid.",I will examine the problem and reach out to you shortly at <tel_num> to explore the next steps.,Problem,Technical Support,low,en,Technical,Bug,Performance,Maintenance,Network,API,Resolution,
Security Concern: Unauthorized Access to Medical Data,"We have detected unauthorized access attempts to medical data. This is a serious security issue and we take it very seriously. Could you please provide us with the date and time these attempts occurred along with any relevant details? We will immediately launch an investigation into this matter and take the necessary steps to prevent any future attempts. For your convenience, I am available to discuss this matter over the phone at <tel_num>. Alternatively, please let me know a suitable time to call you regarding this issue related to account <acc_num>.","We take security of medical data very seriously and are concerned about the unauthorized access attempts detected. Please provide us with the date and time these attempts occurred, along with any relevant details. We will immediately launch an investigation into this matter and take the necessary steps to prevent any future attempts. For your convenience, I am available to discuss this matter over the phone at <tel_num>. Alternatively, please let me know a suitable time to call you regarding this issue related to account <acc_num>.",Problem,Technical Support,high,en,Security,IT,Tech Support,Recovery,,,,
Problem with Data Analytics Dashboard,The data analytics dashboard did not load and showed error messages. There might be conflicts due to recent software updates. I have restarted the servers and verified the network connections.,"Thank you for your email regarding the data analytics dashboard issue. For a deeper investigation, could you please share the precise error message you encountered? Additionally, could you provide the details of the software update version and the date it was implemented, so I can check for any potential conflicts?",Incident,Product Support,low,en,Technical,Bug,Dashboard,Software,Network,Server,Error,Update
Probleme mit der Systemleistung,Der Server wurde überlastet und die falschen Einstellungen führten zu einer Beeinträchtigung der Systemleistung.,"Sehr geehrte/r [Name], wir entschuldigen uns für das Leistungsproblem, das Sie momentan erlitten haben. Wir nehmen die Situation ernst und werden uns bemühen, das Problem so schnell wie möglich zu beheben. Wir möchten Ihnen mehr Informationen zur Verfügung stellen, um den Grund für die Überlastung des Servers und die fehlerhaften Einstellungen genauer zu untersuchen. Könnten Sie uns bitte die Fehlermeldungen und den Zeitraum geben, in dem das Problem aufgetreten ist? Dies wird uns helfen, die Situation besser zu verstehen und eine genaue Lösung anzubieten. Falls nötig, müssen wir möglicherweise einen Anruf tätigen.",Incident,Product Support,high,de,Performance,Bug,IT,Tech Support,,,,
Problem with project data integrity,Project information vanished unexpectedly because of a compatibility glitch with the Google Nest Wifi Router.,We will look into the integration problem and work to restore your project data as soon as possible.,Incident,Product Support,high,en,Technical,Bug,Hardware,Outage,Resolution,,,
Medizinische Datensicherheit,"Ich kontaktiere Sie in Bezug auf die besten Praktiken für die Sicherung medizinischer Daten in IT-Systemen von Krankenhäusern. Könnten Sie Details über die effektivsten Methoden liefern, um die sensiblen Patientendaten vor Cyberrisiken zu schützen? Ich freue mich, wenn Sie Ratschläge geben können, mit denen robuste Sicherheitsmaßnahmen implementiert werden können und die IT-Infrastruktur des Krankenhauses geschützt wird. Insbesondere interessieren mich Verschlüsselungsverfahren, Zugriffssteuerungen und Ereignisrecovery-Pläne. Vielen Dank für Ihre Unterstützung. Ich freue mich darauf, von Ihnen zu hören. Bitte lassen Sie mich wissen, falls weitere Informationen erforderlich sind.","Sehr geehrte [Name], ich schätze Ihre Besorgnis bezüglich der Sicherung medizinischer Daten in IT-Systemen von Krankenhäusern. Um die sensiblen Patientendaten vor Cyberrisiken zu schützen, empfehle ich die Implementierung robuster Sicherheitsmaßnahmen, wie z.B. Verschlüsselungsverfahren (HTTPS, TLS), Zugriffssteuerungen (Mehrfaktor-Authentifizierung, Rollenbasierte Zugriff), Ereignisrecovery-Pläne mit regelmäßigen Übungen und Trainings. Es ist ratsam, regelmäßige Sicherheitsaudits und Risikobewertungen durchzuführen, um Schwachstellen zu identifizieren und robuste Feuerwände sowie Eindringungserkennungssysteme zu implementieren. Ich freue mich, ein individuelleres Vorgehen zu empfehlen. Ein Telefonat wäre zur Belustigung.",Request,IT Support,medium,de,Security,Bug,Network,IT,Tech Support,,,
Request from Customer Service,"Could you provide information and resources on optimization, investment assistance, data preparation methods, ActiveCampaign, and Salesforce CRM? I would greatly appreciate any guidance or resources you can offer.","Information and resources on optimization, investment assistance, data preparation methods, ActiveCampaign, and Salesforce CRM will be available upon your call.",Request,Product Support,medium,de,Feedback,IT,Tech Support,Documentation,,,,
Improving Brand Expansion Through Digital Tactics,I am keen to learn about digital strategies that can enhance brand growth for software products. Could you provide specific details on the approaches and techniques used? I would appreciate any shared strategies that have helped software companies achieve their goals.,"I would be happy to provide information on digital strategies that enhance brand growth for software products. The approaches include search engine optimization, pay-per-click advertising, and social media marketing. These strategies have helped numerous software companies achieve their goals by increasing their online presence and driving traffic to their websites. I would like to schedule a call to discuss your specific needs and provide tailored information. Please let me know your availability for a convenient call.",Request,Product Support,medium,en,Feedback,Sales,Product,Feature,,,,
Support Inquiry Regarding Data Analytics Capabilities with DataRobot,"I am seeking to understand how DataRobot can assist in optimizing investment strategies, particularly in terms of analyzing large datasets, identifying trends, and providing predictive models to inform investment decisions. I am also interested in learning about how DataRobot can aid in portfolio optimization, risk management, and performance measurement. I would greatly appreciate a detailed discussion on these topics.",I would be happy to discuss DataRobot's capabilities with you. Please allow me to call you at <tel_num> to provide detailed information on how it can optimize investment strategies and assist with portfolio optimization.,Request,Returns and Exchanges,high,en,Feature,Feedback,IT,Tech Support,,,,
Informationen zu digitalen Strategie-Dienstleistungen bei der Markengründung,"Ich bin interessiert an den digitalen Strategie-Dienstleistungen, insbesondere bei der Markengründung. Die Firma könnte mir helfen, die Online-Präsenz zu erweitern und neue Kunden zu erreichen. Ich freue mich auf Ihre Unterstützung und schätze eine detaillierte Information zu Ihren Dienstleistungen sehr. Vielen Dank und ich freue mich darauf, bald von Ihnen zu hören.","Sehr geehrte [name], danke für Ihr Interesse an unseren digitalen Strategie-Dienstleistungen, insbesondere bei der Markengründung. Unsere Dienstleistungen umfassen die Verwaltung von Sozialmedien, Suchmaschinenoptimierung und Online-Werbung, um Geschäftsgrößen dabei zu unterstützen, ihre Online-Präsenz zu erweitern und neue Kunden zu erreichen. Ich freue mich darauf, die möglichen Vorteile unserer Dienstleistungen mit Ihnen zu besprechen. Für eine detaillierte Information zu Ihren Dienstleistungen wäre es hilfreich, mehr Details über Ihr Unternehmen und Ihre Ziele zu erfahren. Wenn Sie möchten, können wir auch telefonisch Kontakt aufnehmen. Bitte geben Sie mir einen Anruf, sobald es Ihnen passt. Sie erreichen mich unter [tel_num].",Request,Customer Service,high,de,Feedback,Sales,IT,Tech Support,,,,
Update des Zahlungssystems,Baldige Aktualisierung des Zahlungssystems für eingebettete Datenanalysetools und Softwareabonnement ist erforderlich.,"Sehr geehrte/r <name>, wir haben Ihren Antrag zur Aktualisierung des Zahlungssystems für Ihre eingebetteten Datenanalysetools und Softwareabonnements erhalten. Für den Fortgang bitten wir Sie um Ihren <acc_num> und um den neuen Zahlungsart zu bestätigen. Sollten Sie weitere Fragen haben, können wir einen Termin zu Ihrem Ermessen vereinbaren, um über <tel_num> die Aktualisierung abzuschließen.",Change,Billing and Payments,medium,de,Billing,Payment,Software,Account,Confirmation,,,
Detected Unauthorized Access in Medical Records System,"Hello Customer Support, I am contacting you to report a significant problem with our medical records system. We recently found that there was unauthorized access to sensitive patient data. Our preliminary investigation indicates that this might be due to an outdated software vulnerability. Although we have updated our firewall, the issue still persists. We are worried about the potential risks of this breach and would appreciate your help in resolving this quickly. Could you please investigate and suggest the necessary steps to secure our system? We appreciate your swift response and look forward to your assistance.","We value the security of your medical records system and thank you for bringing this to our attention. To better assist you, could you provide more details about the system and the detected vulnerability? We are willing to schedule a call at your convenience to discuss further. Please let us know a suitable time to contact you at <tel_num>. Meanwhile, we recommend closely monitoring the system for any further unauthorized access, and we will work together to address this issue promptly.",Incident,Returns and Exchanges,medium,en,Security,Breach,Incident,Feedback,Resolution,Investigation,Customer,
,"geehrte Kundenservice, wir beobachten häufige Verzugserscheinungen beim Zugriff auf unsere Projekt-Dashboards. Dies wird durch erhöhte Serverbelastung verursacht. Wir versuchen, die Datenbankabfragen zu optimieren, jedoch behält sich das Problem trotzdem bestehen. Wir schätzen Ihre Hilfe bei der Lösung dieser Angelegenheit und würden uns freuen, wenn Sie uns Empfehlungen für eine Verbesserung der Leistung unserer Projekt-Dashboards geben könnten. Sollten Sie zusätzliche Informationen zur Lösung benötigen, stehen wir Ihnen gerne zur Verfügung. Bitte teilen Sie uns mit, wann und wie häufig die Verzugserscheinungen auftreten, sowie eventuelle Fehlermeldungen, die Sie beobachtet haben. Es wäre hilfreich, wenn Sie außerdem die durchschnittliche Anzahl der Benutzer würden, die sich auf die Dashboards einloggen, und die neuesten Änderungen am System informieren könnten. Wir freuen uns auf Ihr Feedback und Ihre Unterstützung.","geehrte <name>, wir entschuldigen uns für die Verzugserscheinungen, die Sie beim Zugriff auf unsere Projekt-Dashboards beobachten. Wir danken für Ihre Bemühungen, das Problem durch die Optimierung der Datenbankabfragen zu beheben. Um eine passende Lösung zu finden, möchten wir mehr Informationen sammeln. Könnten Sie uns bitte Details zur Häufigkeit und Zeiten der Verzugserscheinungen sowie etwaige Fehlernachrichten bereitstellen, die Sie beobachtet haben? Es wäre von Vorteil, wenn Sie uns auch die durchschnittliche Anzahl der Benutzer informieren könnten, die sich auf die Dashboards einloggen, und die neuesten Änderungen am System. Wir werden die Informationen analysieren und zusammenarbeiten, um ein effektives Lösungsansatz zu finden.",Problem,Technical Support,high,de,Performance,Network,IT,Tech Support,Feedback,,,
Request for Information on Digital Strategy Services to Boost Brand Growth,Could you provide more details on the digital strategy services that could help enhance our brand growth? I am exploring ways to improve our online presence.,"We can offer customized digital strategy services to enhance your brand growth and online presence, including social media management and content creation. I would prefer to call and discuss this further for your convenience.",Request,Technical Support,high,en,Feedback,Sales,Feature,Documentation,,,,
Technische Schwierigkeit,"Fehler beim Datenexport in Excel 2021, was Investitionsanalysereports beeinträchtigt. Kompatibilitätsprobleme mit macOS Monterey sind der mögliche Grund. Bereits versucht, Anwendungen neu zu starten und die Software zu aktualisieren, jedoch behält das Problem bestehen. Freue mich, Ihnen dabei zu helfen, das Problem zu lösen.","Betreuer/in <name>, verstehe, dass Sie technische Schwierigkeiten beim Datenexport in Excel 2021 auf Ihrem macOS Monterey haben, was Investitionsanalysereports beeinträchtigt. Ich freue mich, Ihnen bei der Lösung des Problems zu helfen. Um Ihnen besser zu unterstützen, bitten wir Sie, zu bestätigen, welche genauen Fehlermeldung Sie erhalten haben und welche Schritte Sie bisher unternommen haben. Zusätzlich wäre es hilfreich, zu wissen, welche Version von Excel 2021 Sie laufen haben. Falls erforderlich, können wir einen Anruf vereinbaren, um das Problem zu beheben. Bitte geben Sie geeignete Zeit für den Anrufplanung via <tel_num> an.",Incident,Technical Support,low,de,Bug,Performance,IT,Tech Support,,,,
Anfrage zur Unterstützung,"Die digitale Kampagne hat untergrund einer unkompatiblen Software-aktualisierung zusammengebrochen, was zu Verlust der Engagement-Metriken geführt hat.","Sehr geehrte [Name], es tut mir leid, dass Ihre digitale Kampagne infolge einer unkompatiblen Software-aktualisierung zusammengebrochen ist, was zu einem Verlust der Engagement-Metriken führt. Ich verstehe die Notwendigkeit einer schnellen Lösung und stehe Ihnen zur Verfügung, um das Problem zu beheben. Könnten Sie mir bitte mehr Details zur installierten Software-aktualisierung und zu der spezifischen Fehlermeldung geben, die Sie sehen? Das wird mir helfen, ein effektives Lösungsangebot zu erstellen. Wenn es Ihnen paßt, möchte ich Sie gern anrufen und uns gemeinsam mit der Lösung auseinandersetzen. Bitte geben Sie mir einen passenden Zeitpunkt für den Anruf unter [Telefonnummer].",Incident,Technical Support,medium,de,Technical,Bug,Outage,Feedback,Resolution,,,
Digital campaign halted,"Issue: Sudden data loss occurred. Might be due to a coding mistake. Actions taken: Restarted servers, conducted a code review.",I received your message concerning the sudden halt in the digital campaign due to data loss. Could you provide more details on the coding error and the results of your code review so far? We need to discuss this further.,Incident,Technical Support,low,en,Technical,Bug,Crash,Outage,Resolution,Documentation,,
Verbesserung des Anlageportfolios,"Die erhaltenen Ergebnisse scheinen inkonsistent zu sein, was möglicherweise auf Daten- oder Algorithmusprobleme hindeutet.","Ich werde die inkonsistenten Ergebnisse Ihrer Anlageportfoliom.optimierung genauer untersuchen. Um den Ursprung der Probleme besser zu verstehen, könnten Sie mir bitte mehr Details über die beobachteten Abweichungen geben. Ich werde die möglichen Daten- und Algorithmusprobleme prüfen und Sie unter <tel_num> zu einem zusätzlichen Gespräch kontaktieren, falls erforderlich.",Incident,Product Support,medium,de,Product,Bug,Performance,Guidance,Documentation,,,
Integration Options for Ableton Live 11 Suite,"I am looking to learn about the integrations available for Ableton Live 11 Suite, especially in the context of project management and SaaS solutions that can enhance workflow and productivity. Could you provide details on how these integrations work and the features they offer? I am particularly interested in understanding how SaaS can improve workflow within Ableton Live. Any information or resources you can provide would be greatly appreciated. I look forward to hearing back and exploring the possibilities of integrating SaaS with Ableton Live 11 Suite.","Ableton Live 11 Suite offers multiple integrations to enhance workflow and productivity. SaaS solutions provide features such as automated task management, collaboration tools, and customizable workflows. These integrations enable seamless interaction between Ableton Live and project management platforms, streamlining tasks and improving overall efficiency. I would be happy to provide you with information and resources that highlight the benefits of these integrations for workflow. Please let me know if you would like to schedule a call to discuss this further.",Request,Technical Support,low,en,Feature,Documentation,Feedback,,,,,
Billing Concern,"Facing discrepancies in recent billing due to multiple service integrations. Despite reviewing payment history and attempting to reconcile recent charges, the issues continue. Assistance is needed to resolve these discrepancies and ensure accurate billing going forward.",We will review account <acc_num> to investigate the billing discrepancies. Please contact us at <tel_num> for a further discussion.,Problem,Billing and Payments,medium,en,Billing,Payment,Disruption,Refund,Account,,,
Required Assistance with Marketing,"Our marketing agency has observed a notable decrease in brand engagement metrics. This decline might be attributed to recent algorithm modifications on social media platforms. Efforts to enhance engagement, such as increasing ad expenditure and optimizing content, have not yielded satisfactory results. We are reaching out to seek expert guidance on how to improve our online presence and increase engagement. Could you provide us with some recommendations and strategies to help us overcome this challenge?",I would be happy to assist. Please provide details on your current marketing strategies and engagement metrics. A review of this information will help me provide effective recommendations to improve your online presence and increase engagement.,Incident,Customer Service,medium,en,Feedback,Sales,Performance,IT,,,,
,"Dear Customer Support, I am encountering issues with my digital ad campaigns and need assistance. Despite reviewing and adjusting the campaign settings and budgets, the results are still unsatisfactory and the campaigns are underperforming, leading to a decrease in brand visibility. This may be due to recent algorithm changes or adjustments in audience targeting. I would greatly appreciate it if you could look into this matter and provide guidance to improve the performance of my campaigns. Please let me know if you need any additional information to assist me with this issue. Thank you.","Hello, to provide guidance to improve the performance of your digital ad campaigns, could you please provide the campaign IDs associated with the issue? Additionally, it would be helpful to know the specific changes made to the campaign settings and budgets. If needed, we can schedule a call at a time that suits you. Please let me know a convenient time to reach you at the number provided. Once I have this information, I will review it and get back to you with recommendations to enhance your campaigns.",Incident,Technical Support,high,en,Feedback,Performance,Feature,Documentation,,,,
Problem with Server Response Time During Peak Hours,"Noted a sudden rise in server response time during peak usage hours, likely due to a recent code update. Efforts to optimize server settings and revert the update were not successful in resolving the issue. The team is actively investigating the cause and working towards a solution to ensure better user experience.",Understood the issue and are working on a solution to reduce server response time and improve user experience for account <acc_num>.,Incident,IT Support,medium,en,Performance,Bug,IT,Tech Support,,,,
Probleme bei der Verschlüsselung medizinischer Daten,"Sehr geehrte Kundenservice, ich schreibe, um das von unkompatiblen Software-Updates verursachte Problem bei der Verschlüsselung medizinischer Daten zu melden. Obwohl ich Serverneustarts und Prüfungen auf Updates durchgeführt habe, behält das Problem bei. Es wäre sehr hilfreich, wenn Sie sich mit diesem Problem befassen und so schnell wie möglich eine Lösung anbieten könnten. Die Verschlüsselungsfehler haben eine bedeutende Unterbrechung unserer Betriebsprozesse verursacht und wir müssen diesen Fehler schnell beheben, um die Sicherheit und Integrität unserer medizinischen Daten zu gewährleisten. Ich freue mich auf Ihre schnelle Rückmeldung.","Sehr geehrte [Name], vielen Dank, dass Sie uns über die Verschlüsselungsfehler medizinischer Daten informiert haben. Ich verstehe die Notwendigkeit einer schnellen Lösung und den Einfluss, den dieser Fehler auf Ihre Betriebsprozesse hat. Um Ihnen besser zu helfen, würde ich Sie bitten, mehr Details über die installierten Software-Updates und die genauen Fehlermeldungen zu geben. Ich würde gern einen Telefonanschluss planen, um dies weiter zu besprechen, wären Sie am [Telefonnummer] verfügbar oder würden Sie einen anderen Zeitpunkt bevorzugen? Ich werde mein Bestes tun, um eine Lösung zu finden, um die Sicherheit und Integrität Ihrer medizinischen Daten zu gewährleisten.",Problem,Product Support,low,de,Technical,Security,Breach,Crash,Outage,Resolution,Maintenance,Documentation
Inquiry on Payment Methods for RAID-Controller and Hub Services,"Hello Customer Support, I am writing to request information regarding the payment options for RAID-Controller and Hub services. Could you please list the payment methods you accept such as credit cards, PayPal, or bank transfers? Are there any discounts available for extended contracts or large orders? I am also keen to know about the pricing plans and payment terms for these services. If any special offers or promotions are currently being offered, could you share that information as well? I look forward to your response and appreciate your help in understanding the payment options for these services. Best regards, [Your Name]","Greetings [name], we accept different payment methods like credit cards, PayPal, and bank transfers for our RAID-Controller and Hub services. Discounts are available for long-term contracts and bulk purchases, and we currently have a promotion for new clients. For detailed pricing plans and payment terms, I would be glad to discuss this further with you. Would you be available for a call at <tel_num> to discuss your specific requirements and provide more information on our services and available promotions?",Request,Billing and Payments,medium,en,Billing,Payment,Inquiry,Discount,Pricing,Promotion,,
Problem with Integration Utilities,"To Customer Support, I am contacting you to detail an issue with integrating several tools into our system. The integration has stopped functioning properly, and we suspect this may be due to recent adjustments to the API. Despite our efforts to correct this by restarting our services and reviewing our logs, the problem still exists. We would be grateful for your help in addressing this as quickly as possible. Could you please request any further information or actions from us that are needed to solve this issue? Thank you for your understanding and cooperation. Sincerely, [Your Name]","Dear [Your Name], we appreciate you contacting us about the difficulties with the integration tools. We apologize for the inconvenience caused by the recent API updates. To better assist you, could you provide more specifics regarding the error messages you are encountering and the actions you have already taken? If necessary, we can arrange a call at a convenient time, such as [tel_num], to go over the issue in greater detail. Please indicate a time that works for you, and we will work to resolve the issue promptly for your [acc_num].",Incident,Returns and Exchanges,low,en,Technical,Integration,API,Resolution,Documentation,Guidance,Bug,Support
Bestätigung autorisierten Zugriffs auf das Krankenhaus-IT-System,"Ein autorisierter Zugriff auf das Krankenhaus-IT-System wurde aufgrund eines Phishing-Vorfalles festgestellt. Sicherheitsprotokolle wurden aktiviert, und Benutzerzugriffslogs wurden geprüft.","Sehr geehrte/r [Name], wir nehmen die Sicherheit unseres Krankenhaus-IT-Systems sehr ernst und danken Ihnen für Ihre schnelle Mitteilung. Unser Team hat die Benutzerzugriffslogs ausgewertet und den Umfang des Vorfalls bestimmt. Um zukünftige Vorkommnisse zu vermeiden, könnten Sie uns bitte mehr Details zum Phishing-Vorfall bereitstellen, z.B. den Zeitpunkt und das betroffene Benutzerkonto. Sie können uns unter dem Telefonnummer [Tel Nummer] erreichen, um diese Angelegenheit weiter zu diskutieren.",Incident,Product Support,low,de,Security,IT,Tech Support,,,,,
Concerns Regarding the Performance of the Investment Algorithm,"Customer Support,\n\nI am writing to report an issue with our investment optimization algorithm. Recent market fluctuations have led to underperformance, which may be due to outdated data inputs and model assumptions. Steps have been taken to refresh the data sources and recalibrate the model, but the issues persist.\n\nThe underperformance has resulted in suboptimal investment decisions and has caused concern regarding the potential impact on our portfolio. I would greatly appreciate it if you could look into this matter urgently and provide a solution or recommendation.","Hello, thank you for reaching out to us regarding the issue with the investment optimization algorithm. We apologize for the underperformance and its impact on your portfolio. We would like to investigate the matter and resolve the issue as soon as possible. Could you please provide us with the specific data sources and model assumptions used, as well as the steps you have taken to refresh and recalibrate the model? This will help us better understand the issue and provide a suitable solution. If needed, we can schedule a call at <tel_num> to discuss the matter further.",Incident,Product Support,medium,en,Performance,Bug,Documentation,Feedback,Tech Support,,,
Tastatur-Fehler bei einer Präsentation,"Beim Durchführen einer Präsentation gab es Schwierigkeiten mit der Tastatur. Mögliche Ursachen könnten ein Firmware-Problem oder Störungen sein. Ich habe bereits versucht, die Tastatur neu zu starten und die Treiber zu aktualisieren, aber das Problem behält sich bestehen. Ich würde mich sehr freuen, wenn Sie so schnell wie möglich Hilfe anbieten könnten.","Es tut mir leid zu hören, dass Ihre Tastatur während der Präsentation nicht richtig funktioniert hat. Ich werde gerne versuchen, Ihnen bei der Lösung des Problems zu helfen. Könnten Sie mir bitte die Modellnummer der Tastatur sowie das verwendete Betriebssystem mitteilen? Ich werde mich um dieses Problem kümmern und Ihnen entweder einen Vorschlag für eine Lösung machen oder einen Anruf für die Behebung des Problems vereinbaren. Sie können mich unter <tel_num> erreichen oder diese E-Mail beantworten.",Incident,IT Support,high,de,Technical,Hardware,Crash,Outage,Resolution,Bug,,
Assistance with Digital Strategies,Could you share insights on digital strategies that drive brand growth? We are keen to learn about your approach to online marketing and how you measure its success. This will help us better understand your needs and provide effective support. Thank you for your time and consideration.,"Thank you for reaching out to our service desk, <name>. We appreciate your interest in digital strategies. Our approach to online marketing includes a combination of social media engagement and targeted advertising. To measure success, we track key performance indicators such as website traffic and conversion rates. We would like to discuss this further and suggest scheduling a call at your convenience. Please let us know a suitable time, or provide any specific information that would help us better address your needs. You can contact us at <tel_num>. ",Request,Customer Service,medium,en,Feedback,Sales,IT,Tech Support,,,,
Security Features for Medical Data,"Hello Customer Support, I am writing to inquire about the security measures Vagrant provides for the safeguarding of medical information. Since medical data is extremely sensitive and must be protected against unauthorized access, I would like to know the steps Vagrant takes to maintain the privacy, consistency, and accessibility of medical data. Specifically, I am interested in learning about the encryption techniques used, the access control mechanisms in place, and any compliance certifications that Vagrant holds. I would greatly appreciate a detailed explanation of these security measures. I look forward to your response and hope to hear from you soon.","Dear [name], we are grateful for your inquiry regarding Vagrant's security features for medical data. We have comprehensive measures to ensure the privacy, consistency, and accessibility of such data. We apply encryption and enforce strict access controls. For more detailed information, I would like to arrange a call at your convenience to discuss our compliance certifications and security protocols. Please let me know a suitable time to contact you at [tel_num].",Request,Customer Service,high,en,Security,Customer,Documentation,Compliance,Encryption,AccessControl,,
Improved Security for Medical Data,It is important to implement robust security measures for medical data across various software and hardware systems within the hospital setting to ensure the confidentiality and integrity of patient information.,"Dear [Name],\n\nThank you for your concern about the security of medical data in our hospital environment. To comply with enhanced security protocols, we need to assess the current systems and put appropriate measures in place. Could you please provide us with specific information about the software and hardware systems you are referring to? Additionally, it would be helpful to know the type of enhanced security protocols you are looking to implement. We would be happy to discuss and explore possible solutions. It would be convenient for us to call you at your earliest convenience.\n\nBest regards,\n[Your Name]",Change,Technical Support,medium,en,Security,Hardware,Performance,IT,Tech Support,,,
Technische Unterstützung Anfrage,"Hallo Kundenservice, ich möchte die Integration von Redis 6.2 in ein Laravel 8 Projekt, speziell in unsere SaaS-Darstellung, in Betracht ziehen. Da wir uns derzeit auf der Phase des Erhöhens unserer Infrastruktur befinden und die Vorteile von Redis in Bezug auf verbesserte Leistung und Skalierbarkeit nutzen möchten, könnten Sie mehr Informationen zu den Integrationsschritten geben, einschließlich spezifischer Konfigurationsanforderungen und möglicher Hindernisse? Insbesondere interessiert es uns, zu verstehen, wie Redis-Caching häufig abgerufenen Daten die Belastung unserer Datenbank reduzieren kann.","Hallo <name>, vielen Dank, dass Sie sich an Kundenservice wenden und die Integration von Redis 6.2 in Ihr Laravel 8 Projekt, insbesondere in unsere SaaS-Darstellung, in Betracht ziehen. Um Redis in Ihr Laravel-Projekt zu integrieren, müssen Sie das predis/predis-Paket über Composer installieren und die Redis-Verbindung im Laravel-Projekt konfigurieren. Wir empfehlen Ihnen, die offiziellen Laravel-Dokumentationen ausführlich zu studieren, um die Integrationsschritte zu prüfen. Caching häufig abgerufenen Daten mit Redis kann die Belastung Ihrer Datenbank reduzieren, indem Sie diese Daten mit der Cache-Fassade in Laravel abrufen. Wir stellen Ihnen zusätzliche Informationen zu Konfigurationsanforderungen und beachteten Hindernissen zur Verfügung. Looking forward to further discussion.",Request,Technical Support,low,de,Tech Support,Performance,Feature,Documentation,,,,
Kombination von Analytics-Tools mit KNIME zur Steigerung der Investitionsoptimierung,"Guten Tag Kundenservice, ich bin an der Mischung von Analytics-Tools mit KNIME für die Optimierung von Investments interessiert. Könnten Sie mir bitte angeben, welche Analytics-Tools mit KNIME verbindbar sind und welche Funktionen sie bieten? Es wäre mir sehr lieb, wenn Sie mir bei der Verbindung dieser Tools unterstützen könnten, um die Prozesse zu erleichtern.","Sehr geehrte <name>, vielen Dank, dass Sie sich an unseren Kundenservice gewandt haben. Wir können verschiedene Analytics-Tools mit KNIME kombinieren, um Ihre Investitionsoptimierung zu verbessern. Zu den passenden Tools gehören Datamining- und Machine Learning-Software. Ich würde mich freuen, Ihnen eine Liste der entsprechenden Funktionen und Anleitungen zur Integration zur Verfügung zu stellen. Um Ihnen besser zu helfen, könnten Sie mir bitte zusätzliche Informationen zu Ihren spezifischen Anforderungen und Zielen geben. Alternativ könnten wir auch telefonisch Kontakt aufnehmen, Sie erreichen mich unter <tel_num>.",Request,Product Support,low,de,Technical,Customer,Product,Analytics,KNIME,Investment,Optimization,Support
Sicherheitsprotokolle für die Datensicherheit medizinischer Daten in Krankenhäusern,Ich benötige Unterstützung,Ich kann Ihnen bei den Sicherheitsprotokollen für die Datensicherheit medizinischer Daten in Krankenhäusern helfen. Bitte geben Sie mehr Informationen zu Ihren spezifischen Anforderungen und Bedenken bekannt.,Request,Customer Service,medium,de,Security,Hospital,Documentation,Guidance,,,,
Security Protocols for Medical Data Integrity and Confidentiality,"Dear Customer Support, I am writing to request information on the security protocols recommended for the storage and transmission of medical data. Given the sensitive nature of medical data, it is crucial to have stringent protections in place to avoid unauthorized access and data breaches. Could you please inform me about the current security measures that ensure the confidentiality, integrity, and availability of medical data? Specifically, are there any recommended protocols or guidelines for both storing and transmitting medical information? Furthermore, are there any regulatory requirements or compliance standards that must be adhered to? If you require more information from me, please let me know. I appreciate your assistance and look forward to your response. Thank you for your time and consideration.","We prioritize the security of medical data and have established comprehensive protocols to maintain its confidentiality, integrity, and availability. Our security practices incorporate encryption, access controls, and secure data centers. We recommend adhering to industry standards like HIPAA and HITECH for the storage and transmission of medical data, which necessitate the implementation of specific security protocols, including encryption, secure authentication, and access controls. Compliance with regulatory requirements such as GDPR and CCPA is also a priority for us. Our team is available to offer guidance on implementing these protocols and ensuring compliance with regulatory requirements. We can provide more information and support to help you meet the necessary standards. Please feel free to reach out if you have any further questions or concerns, and we will be glad to assist you. We are dedicated to safeguarding medical data and ensuring its secure storage and transmission.",Request,Returns and Exchanges,high,en,Technical,Security,Compliance,Guidance,Documentation,Integrity,Confidentiality,Availability
Performance Concerns,The company encountered performance difficulties with Keras ClickUp during data analytics processing. These issues might be related to system overload or resource allocation errors. Restarting the affected applications did not resolve the problem.,Acknowledged the email about performance concerns with Keras ClickUp. Please provide detailed error messages and system configuration details for further investigation. Ready to assist in resolving the issue.,Incident,IT Support,medium,en,Performance,Bug,IT,Tech Support,,,,
,A billing discrepancy has been identified in the payment process for patient accounts. It may have occurred due to system integration issues. We have reviewed the transaction logs and contacted the payment processor for further clarity. An investigation is needed to resolve the issue.,"To resolve the billing discrepancy, an investigation is required. Please provide the necessary contact information to assist with this process.",Incident,Billing and Payments,medium,en,Billing,Payment,Account,Disruption,IT,Tech Support,,
Kundendienst,"Ich schreibe, um eine Aktualisierung unserer Website zu bitten, um unsere neuen digitalen Marketing-Dienstleistungen und die Wachstumsstrategien unserer Marke dargestellt zu haben. Kürzlich haben wir unsere Dienstleistungen erweitert, um das Management von Sozialen Medien und die Optimierung von Suchmaschinen umzubeziehen, und möchten, dass unsere Website diese Änderungen spiegelt. Zudem haben wir unsere Marke identifiziert und möchten sicherstellen, dass die Ton- und Sprachrichtung unserer Website mit unserem neuen Marke-Imago übereinstimmt. Könnten Sie uns bei dieser Aktualisierung unterstützen?","Ich würde es freuen, Ihnen bei der Aktualisierung Ihrer Website zu helfen. Um zu beginnen, könnten Sie mir mehr Details zu den gewünschten Änderungen geben, einschließlich der aktualisierten Markeidentität und des neuen Marke-Imagos. Bitte geben Sie auch alle relevanten Materialien wie Logos, Farbmodelle und Sprachrichtlinien bei. Ich werde die Informationen durchsehen und Sie anrufen, um die nächsten Schritte und den Zeitplan für die Aktualisierung zu besprechen, falls nötig, und rufe Sie an, um weitere Diskussionen zu führen, an einem von Ihnen ausgewählten Zeitpunkt.",Change,Customer Service,low,de,Customer,Product,Feedback,Documentation,Onboarding,Training,,
Strategies for Expanding with HubSpot,"Hello Customer Support Team, <br>We are contacting you to seek advice on digital strategies to boost our brand growth through HubSpot CRM. We wish to make use of HubSpot's tools to improve our customer relationship management and increase our online visibility. <br>We are particularly interested in inbound marketing tactics, including content production, social media management, and email marketing, and how these can be effectively merged with HubSpot CRM. <br>We would appreciate recommendations on the most effective ways to implement these strategies and any supplementary tools or features we can use to enhance our brand's growth. <br>Could you also offer guidance on how to monitor and assess the success of these strategies, as well as any challenges we should anticipate? <br>Thank you for your support and we hope to hear from you soon. <br>Cordially, <br>[Your Name]","Hello [Your Name], thank you for contacting our support team about growth strategies with HubSpot. We can offer suggestions on inbound marketing techniques and the best methods for implementation. To better understand your requirements, could you provide details about your current HubSpot setup and goals? I will also schedule a call with you at [tel_num] to discuss the specifics, are you available at your convenience?",Request,Technical Support,low,en,Customer,Strategy,Marketing,CRM,InboundMarketing,Guidance,Training,Implementation
Ecommerce Support,"Dear customer support, I am contacting you to explore digital strategies that boost brand growth for e-commerce platforms such as Shopify and Magento. I am keen to understand how these platforms can assist businesses in enhancing their online reach and boosting sales. Could you elaborate on specific strategies like social media marketing, email marketing, and search engine optimization? Additionally, I would be grateful for any advice on leveraging data analytics and customer relationship management tools to make informed marketing decisions and enhance customer engagement. Furthermore, I am interested in learning about the impact of mobile optimization and user experience on brand growth. Could you share some insights or resources on these topics? I am eager to receive your guidance on driving brand growth for e-commerce platforms. Thank you for your support.","Dear [name], thank you for contacting our Service Desk regarding ecommerce support. We are pleased to offer you information on digital strategies that promote brand growth for ecommerce platforms like Shopify and Magento. Our team can provide insights on social media marketing, email marketing, and search engine optimization, as well as data analytics and customer relationship management tools. We can also share best practices for mobile optimization and user experience. To better assist you, could you please specify the ecommerce platform you are using and your goals for expanding your online presence? If you prefer, we can arrange a call at [tel_num] for a more detailed discussion. We look forward to assisting you in driving brand growth for your ecommerce platform.",Request,Technical Support,high,en,Sales,Ecommerce,Strategy,Customer,,,,
Denied Access to Medical Information,Access to medical information has been denied. This may be due to outdated security software. I have restarted the systems and verified the user credentials.,"Dear <name>, we regret the issue with accessing your medical information. We will look into the cause. Please confirm your current security software version and <acc_num> for further support. If necessary, I will contact you at <tel_num> to address the issue quickly.",Incident,Returns and Exchanges,low,en,Security,Breach,Login,Notification,Incident,,,
Router Problem,"Facing connectivity challenges impacting data transfer in medical systems via Google Nest Wifi Router. The issue might have arisen due to recent network configuration changes or interference from multiple connected devices. Steps taken include rebooting the router and checking firewall settings, but the problems still persist.","Noted your email about the connectivity issue with the Google Nest Wifi Router. To assist you better, could you please provide details on the recent network configuration changes? Alternatively, for your convenience, we can call to troubleshoot the issue. Please let us know a suitable time for the call at <tel_num>.",Problem,Technical Support,medium,en,Network,Performance,Disruption,IT,Tech Support,,,
System Specifications for Project Management Tool,Could you please provide the necessary system specifications for the best performance of the project management tool?,"For the detailed system requirements, please visit our website. Alternatively, feel free to reach out to me for any additional support concerning the performance of the project management tool.",Request,Service Outages and Maintenance,high,en,Technical,Product,Documentation,Support,Performance,,,
Salesforce Data Analytics Inquiry,"Customer Support, I am reaching out to inquire about integrating data analytics with Salesforce CRM for investment optimization. Could you provide information on the topic? I would like to know how data analytics can help me make informed decisions and optimize my investments. I am interested in learning about the tools and features that Salesforce offers for data analytics, such as analyzing customer data and tracking sales performance to identify trends. I would appreciate your guidance in getting started with the integration process.",I would be happy to discuss integrating data analytics with Salesforce CRM. Please allow me to call at your convenience to discuss the tools and features that can help optimize your investments. I would be available to call at your preferred time to discuss this further.,Request,Sales and Pre-Sales,medium,en,Feature,Feedback,Sales,Performance,Documentation,IT,,
Reported Malfunction of Data Analytics Software,"A financial organization encountered issues with their data analytics software, leading to delays. Attempts to reinstall and validate configurations were not successful.",We have received an email about a data analytics software malfunction at your financial organization. I am sorry to hear that reinstalling and validating configurations did not work. I would like to investigate further. Could you please provide any error messages you are seeing? We can contact you at <tel_num> to discuss the next steps for resolving the issue.,Incident,Product Support,medium,en,Bug,Performance,IT,Tech Support,,,,
Investment-Models are malfunctioning,The models could not be updated,"Dear <name>,\n\n\nI would like to inform you about the email you sent regarding the issue with the non-updatable investment models. I apologize for the inconvenience caused by this situation.\n\nTo assist you further, could you please provide more details about the error message you received, or any other relevant information? If necessary, I can arrange a call at a convenient time. Please let me know a suitable time for the call <tel_num>. I will do my best to resolve this issue as soon as possible concerning your <acc_num>.\n\nThank you and kind regards,",Incident,Product Support,medium,de,Technical,Bug,Investment,Resolution,Guidance,Documentation,,
Hilfe bei Datenverstoß erforderlich,"Das Krankenhaus-IT-System hat einen Datenverstoß verursacht, was die Sicherheit medizinischer Daten in Gefahr bringt.","Bitte helfen Sie bei der Behandlung des Datenverstoßes. Geben Sie mehr Details über den Vorfall an, um die nächsten Schritte zu bestimmen und die Sicherheit medizinischer Daten zu gewährleisten. Wenn ein Telefonat möglich wäre, können wir die Angelegenheit besprechen.",Problem,IT Support,high,de,Security,Bug,Performance,,,,,
Problem with Dashboard,"The investment dashboard isn't loading. After restarting the Django server and verifying the Redis 6.2 setup, the issue remains unresolved. I believe a corrupted PostgreSQL database connection could be the root cause.","I have noted your concern regarding the investment dashboard. To better understand if the issue stems from a corrupted PostgreSQL database connection, could you share any error messages you are encountering? Additionally, I will arrange a call at a time convenient for you to continue troubleshooting this issue.",Incident,Technical Support,high,en,Technical,Database,Server,Performance,Bug,Resolution,,
Problem with Medical Scanner Operation,The medical scanner started malfunctioning unexpectedly. It might be because of an old scanner driver. Attempted to resolve by restarting the scanner and updating the drivers.,"Hello <name>, we are aware of the issue you are encountering with your medical scanner and the actions you have already implemented. For further diagnosis, could you please provide the specific error message you are seeing and the model of your scanner? If needed, we can set up a call at a convenient time to delve deeper into the issue and explore possible solutions, or arrange for a technician to assist you with <acc_num> if necessary.",Incident,Customer Service,low,en,Technical,Hardware,Medical,Driver,Resolution,Support,Diagnosis,Scanner
Probleme mit IntelliJ IDEA,"Ich möchte einen Fehler in IntelliJ IDEA melden, der aufgrund von Kompatibilitätsproblemen mit alten Plugins aufgetreten ist. Ich habe das Programm neu gestartet, die Plugins aktualisiert und die Cache-Dateien gelöscht, aber der Fehler bleibt bestehen. Ich würde es sehr schätzen, wenn Sie mir eine Lösung oder Anweisungen zur Behebung dieses Problems geben könnten. Bitte teilen Sie mich mit, wenn Sie zusätzliche Informationen benötigen, um das Problem zu lösen. Ich freue mich auf Ihre Rückmeldung baldigen Sieges.","Sehr geehrte [Name], ich bedaure, dass Sie Probleme mit IntelliJ IDEA aufgrund von Kompatibilitätsproblemen mit alten Plugins haben. Ich verstehe, dass Sie bereits versucht haben, das Programm neu zu starten, die Plugins zu aktualisieren und die Cache-Dateien zu löschen. Um Ihnen weiter zu helfen, könnten Sie mir bitte die Version von IntelliJ IDEA und die spezifischen Plugins nennen, die den Fehler verursachen. Zudem wäre eine detaillierte Beschreibung der Fehlermeldung hilfreich, die Sie erhalten haben. Diese Informationen werden mir helfen, das Problem besser zu verstehen und eine genaue Lösung anzubieten. Falls nötig, kann ich auch eine Verbindung auf [Telefonnummer] vereinbaren, um das Problem weiter zu besprechen und eine personalisierte Lösung anzubieten. Bitte teilen Sie mir eine geeignete Zeit für die Verbindung mit. Ich freue mich auf Ihre Rückmeldung baldigen Sieges.",Problem,IT Support,low,de,Technical,Bug,Product,Resolution,Guidance,Documentation,,
Encryption for Medical Data Storage,"Hello Customer Support, I am contacting you to request more details on the encryption methods used for storing and transmitting medical data across all our hospital's IT systems and devices. Ensuring the confidentiality and integrity of sensitive patient data is crucial for us. Could you please inform me about the current security measures in place and the specific encryption protocols being used? Furthermore, I am also interested to know if there are plans to enhance or update the existing encryption techniques to keep them effective against new cyber threats. Please share more information on this topic. I look forward to your response.","Hello <name>, we appreciate your interest in the security of medical data storage and transmission on our hospital's IT systems and devices. We understand how vital the confidentiality and integrity of sensitive patient information are. At present, we adhere to industry-standard encryption protocols to secure medical data both during transmission and at rest. Our systems incorporate a mix of symmetric and asymmetric encryption methods, such as SSL/TLS and AES, to ensure the secure handling of patient data. We also maintain a continuous review and update process to keep our encryption methods effective against emerging cyber threats. If you require more detailed information about our encryption protocols and security measures, please let us know. Would you prefer to discuss this further via phone or would you like a detailed report sent to you via email? You can reach me at <tel_num> if you prefer to discuss over the phone.",Change,Product Support,low,en,Technical,Security,Encryption,Medical,PatientData,Hospital,CyberThreats,Communication
KNIME Investment Analytics Solutions,Which analytics tools are compatible with KNIME for optimizing investments? Assistance is needed on this matter.,"KNIME supports integration with several analytics tools for investment optimization, such as R and Python. Please give more details about your needs, and I will assist you with the available options.",Request,Technical Support,high,en,Technical,Product,Analytics,Investment,Integration,Guidance,Documentation,
Störungen beim Projekt-Deskriptor,"Sehr geehrte Kundenservice, ich treffe Probleme mit meinem Projekt-Deskriptor. Er wird nicht mehr hochgeladen, wenn ich ihn auf meinem MacBook Air öffne. Ich denke, dass dies mit einem Kubernetes-Deployment-Problem zusammenhängt. Ich habe VS Code neu gestartet und meine HDMI-Verbindung überprüft, aber das Problem behält sich trotzdem bestehen. Ich würde mich freuen, wenn Sie mir bei der Lösung dieses Problems helfen könnten. Bitte lassen Sie uns wissen, falls Sie weitere Informationen benötigen.","Sehr geehrte <name>, vielen Dank, dass Sie sich bei uns über die Probleme mit Ihrem Projekt-Deskriptor gemeldet haben. Wir bedauern die Unannehmlichkeiten, die Sie durchlaufen. Um Ihnen besser zu helfen, könnten Sie uns bitte genau beschreiben, welche Art von Fehler Sie auf dem Bildschirm sehen, wenn der Deskriptor nicht geladen wird. Zudem wäre es nützlich zu erfahren, welche Version Ihres Betriebssystems und welches Projekt-Deskriptor-Software Sie verwenden. Falls erforderlich, können wir telefonisch an <tel_num> Kontakt aufnehmen, um das Problem weiter zu untersuchen. Geben Sie uns bitte eine gezielt Zeit, die Ihnen bequem ist. Wir werden unser Bestes tun, um das Problem so schnell wie möglich zu lösen.",Incident,IT Support,medium,de,Technical,Bug,Crash,Disruption,Incident,Resolution,Documentation,
Optimierungsmethoden für Anlageanalyse,"Sehr geehrte Kundensupport, ich wende mich an Sie, um Informationen über die von Smart-Tracker zur Anlageanalyse vorgestellten Optimierungsmethoden zu erhalten. Könnten Sie mir bitte aufzeigen, welche Herangehensweisen und Techniken zur Optimierung von Anlagenvorträgen genutzt werden? Es wäre mir sehr wertvoll, wenn Sie auch erklären könnten, wie diese Methoden dazu beitragen können, meine Anlageentscheidungen besser zu stützen. Darüber hinaus würde ich gerne erfahren, ob es bestimmte Werkzeuge oder Funktionen in Smart-Tracker gibt, die zur Anlageanalyse und Optimierung beitragen. Vielen Dank für Ihre Zeit und Unterstützung. Ich freue mich darauf, von Ihnen zu hören. Mit freundlichen Grüßen, [Ihr Name]","Sehr geehrte <name>, vielen Dank, dass Sie sich an uns wenden und nach Optimierungsmethoden zur Anlageanalyse mit Smart-Tracker erkundigen. Wir bieten verschiedene Ansätze und Techniken zur Optimierung von Anlagenvorträgen an, einschließlich Portfolio-Rebalancings und Vermögensverteilung. Diese Methoden können Ihnen dabei helfen, Ihre Anlageentscheidungen besser zu stützen, indem sie das Risiko minimieren und die Erträge maximieren. Smart-Tracker bietet Werkzeuge wie Portfolio-Analyse und Risikobewertung zur Anlageanalyse und Optimierung an. Ich würde es gerne besprechen. Wären Sie für eine Telefonkonferenz verfügbar, um zu sehen, wie unsere Methoden Ihren Bedürfnissen entsprechen könnten?",Request,Returns and Exchanges,low,de,Customer,Product,Optimization,Analysis,Guidance,Documentation,,
Problem mit dem Starten des Software,"Startfehler des Software-Systems bei Anlage-Daten auf Ubuntu 20.04 LTS, möglicherweise aufgrund von Kompatibilitätsproblemen zwischen Microsoft Office 2021 und Bitbucket. Das System wurde neu gestartet, die betroffenen Anwendungen wurden neu installiert und Aktualisierungen wurden überprüft. Das Problem behält sich jedoch bestehen. Bitte helfen Sie bei der Lösung des Problems.","Lieber Kundendienst, wir haben einen Startfehler des Software-Systems in Ihrem Ubuntu-System festgestellt. Um das Problem besser zu verstehen, würden wir gerne mehr Fehlermeldungen sehen und die Schritte, die zu den Fehlern geführt haben. Könnten Sie uns bitte detaillierte Informationen über das Problem liefern? Wir könnten auch gerne einen Telefonanruf vereinbaren, um das System fernzuhacken und das Problem zu beheben. Wenn Sie bereit sind, einen Anruf entgegenzunehmen, melden Sie sich bitte an.",Problem,Product Support,high,de,Bug,Performance,Feature,IT,Tech Support,,,
Request for Security Measures for MongoDB 4.4 in a Hospital Setting,"Dear Customer Support, we require detailed information on securing medical data using MongoDB 4.4 in a hospital environment. It is essential to ensure the confidentiality and integrity of patient data. Please provide us with information on data encryption, access control, and auditing. Additionally, we need to ensure compliance with regulatory requirements, such as HIPAA.","Hello, we would like to provide you with information on securing medical data using MongoDB 4.4 in a hospital setting. MongoDB offers several security features, including data encryption, access control, and auditing, which can help ensure the confidentiality and integrity of patient data. To comply with regulatory requirements such as HIPAA, please refer to our detailed guide on security features and compliance. We would also like to discuss this further by calling you at <tel_num>. Alternatively, you can email us for more detailed information regarding <acc_num> specific needs.",Request,Sales and Pre-Sales,low,en,Security,Documentation,IT,,,,,
Update sales collateral with latest features,Please update the sales collateral with the latest information,"I have noted your request to update the sales collateral with the latest features. In order to proceed, could you kindly provide the new information that needs to be included? Once I receive it, I will update the materials and inform you upon completion. Should you have any questions, feel free to reach out and I will be glad to assist you.",Change,Sales and Pre-Sales,low,en,Sales,Documentation,Guidance,Follow-Up,,,,
Unexpected Stalling of Digital Campaigns Due to Potential Configuration Issues,"Dear Customer Support, We are currently encountering a significant issue with our digital campaigns that has led to their unexpected stalling. We believe this could be due to a configuration mismatch and have already attempted to resolve it by restarting our systems and reviewing our logs, but unfortunately, the problem has not been addressed. Additionally, we have reached out to our vendors for assistance, but we are still experiencing difficulties. We would greatly appreciate your support in investigating this matter and providing a solution at your earliest convenience. Please let us know if you need any further details. Thank you for your understanding and assistance. Sincerely, [Your Name]","Hello <name>, I am investigating the issue with your digital campaigns. To better assist you, could you please provide more details regarding the configuration mismatch you suspect? Additionally, it would be helpful if you could review the logs you have examined so far. Should further discussion be necessary, I can arrange a call at <tel_num> at your convenience to delve deeper into the situation. I will work diligently to resolve this as quickly as possible to ensure your campaigns resume successfully. Thank you for your patience and cooperation.",Incident,Technical Support,high,en,Technical,Bug,Configuration,Resolution,Investigation,Documentation,Support,
Optimization of Investment Portfolios Using Data Analytics Tools,"We use different data analytics tools to optimize investment portfolios for individual clients. These tools include portfolio management software and risk analysis platforms. They assist us in evaluating client risk tolerance and investment objectives, and in crafting tailored portfolios. For detailed information on our specific tools and to explore how we can assist you, let's schedule a call at your convenience. Please provide a convenient time to contact you at <tel_num>.","We employ various data analytics tools to optimize investment portfolios for individual clients. Some of these tools include portfolio management software and risk analysis platforms. They aid us in assessing client risk tolerance and investment objectives, and in developing personalized portfolios. For more details on our specific tools and to discuss how we can assist you, we can arrange a call at your convenience. Please provide a suitable time to contact you at <tel_num>.",Request,Customer Service,low,en,Technical,Product,Feedback,Guidance,Documentation,,,
Problem with Excel Analysis Tool,"Hello Customer Support, recently the investment analysis tool in Excel 2021 has been unresponsive when processing large datasets. This may be due to memory overload or software compatibility issues. I have already tried restarting my PC, clearing the cache, and updating the software, but the issue still persists. I would greatly appreciate any assistance you can provide to resolve this matter, as it is impacting my work. Please let us know if there are any additional steps you need me to take and what information you require from me.","Thank you, [name], for reaching out to our support team regarding the issue with the investment analysis tool in Excel 2021. We appreciate the troubleshooting steps you have already taken, such as restarting your PC, clearing the cache, and updating the software. To assist you better, could you please provide us with details about the large datasets you are working with, including their approximate size and any specific features or add-ins you are using? This information will help us better understand the issue and provide a more tailored solution. Please let us know if you need any further assistance.",Problem,Technical Support,medium,en,Bug,Performance,IT,Tech Support,,,,
Problem with Data Breach,Health-related information was compromised because of a flaw.,"We are responding to your message concerning a data breach that occurred as a result of a flaw, leading to the disclosure of health-related data. We regret any worry this may have caused you. In order to provide you with better assistance, we need further information on the flaw you mentioned. Could you give us more specifics about the flaw? Additionally, we need to discuss this further with you; are you available for a conversation at a time that suits you?",Incident,Customer Service,high,en,Security,Breach,Feedback,,,,,
Problem während der Kampagnenstart am heutigen Tag,"Sehr geehrte Kundensupport, ich möchte Sie über ein Ausfall der Website während des Kampagnenstarts am heutigen Tag informieren. Wir glauben, dass das Ausfall auf den erhöhten Besuchernzahlen zurückzuführen ist, was unseren Server überlasten könnte. Wir haben versucht, den Server neu zu starten und die Netzwerkverbindungen zu überprüfen, aber das Problem behält sich bei. Wir würden es sehr schätzen, wenn Sie sich dies genauer ansehen und so schnell wie möglich eine Lösung anbieten könnten. Der Kampagnenstart war kritisch, und das Ausfall der Website hat Unannehmlichkeiten für unsere Kunden und Schäden an unserer Rufschädigung verursacht. Bitte teilen Sie uns mit, falls Sie weitere Informationen benötigen, um das Problem zu lösen. Wir würden uns freuen, wenn Sie uns zurückmelden. Wir danken Ihnen für Ihre Unterstützung und Zusammenarbeit.","Sehr geehrter <name>, vielen Dank, dass Sie sich bei uns über das Ausfall der Website während des Kampagnenstarts heute gemeldet haben. Leider behält sich das Problem trotz Neustart des Servers und der Netzwerküberprüfung bestehen. Wir verstehen die Dringlichkeit und den Einfluss auf Ihre Kunden und die Rufschädigung. Um das weitere zu untersuchen, könnten Sie uns bitte mehr über Ihre Serverkonfiguration, Netzwerkkonfiguration und die genauen Fehlermeldungen berichten, die Sie erhalten haben. Darüber hinaus wäre es hilfreich, zu wissen, welche Anzahl an Benutzern simultan während des Kampagnenstarts online waren. Wenn nötig, können wir eine Verabredung für eine Besprechung vereinbaren, um das Problem weiter zu besprechen, bitte melden Sie uns ein passendes Zeitfenster für einen Anruf unter <tel_num>. Wir werden unser Bestes tun, um dieses Problem so schnell wie möglich zu lösen und danken Ihnen für Ihre Geduld und Zusammenarbeit in dieser Angelegenheit.",Incident,Technical Support,high,de,Outage,Customer,Technical,Network,Server,Resolution,Incident,Feedback
Probleme mit dem NAS-System,"Geschätzte Kundensupport, ich schreibe Ihnen um ein Problem mit dem NAS-System zu melden. Das System brach die Datenanalyseprozesse ab, und die Optimierung von Investitionen wurde gestört. Ich vermute, dass die hohe Datendichte und die Softwarekompatibilität die Ursache sind. Durch Neustart des NAS-Systems und Aktualisierung der Software konnte das Problem leider nicht behoben werden. Ich schätze es, wenn Sie sich in Kürze um diese Angelegenheit kümmern und eine mögliche Lösung anbieten können. Wenn weitere Informationen erforderlich sind, informieren Sie bitte mich. Vielen Dank für Ihre Unterstützung.","Geschätzte [Benutzername], danke für Ihre Meldung zum Problem mit dem NAS-System. Leider konnte das Problem durch Neustart und Aktualisierung der Software nicht behoben werden. Ich möchte die Angelegenheit genauer untersuchen und in Kürze eine mögliche Lösung anbieten. Um eine bessere Verständnis zu erlangen, bitten Sie um weitere Details und Fehlermeldungen sowie die Schritte, die Sie befolgt haben, bevor das System ausgefallen ist. Falls nötig, können wir telefonisch diskutieren (Tel.: [Telefonnummer]). Bitte geben Sie mir eine geeignete Zeit, um mich zu kontaktieren. Ihre Kontonummer ist [Kontonummer].",Incident,Technical Support,high,de,Bug,Performance,IT,Tech Support,,,,
Optimizing Data Analytics Tools,I require assistance in enhancing data analytics tools for investment forecasting and portfolio management. Could you offer advice on the most suitable tools and methodologies?,"I would be glad to assist in optimizing data analytics tools for investment forecasting and portfolio management. To offer tailored recommendations on the best tools and methodologies, could you kindly share details about your current setup and specific needs. I will review the information provided and offer recommendations, or we can schedule a call at <tel_num> for a more detailed discussion.",Change,IT Support,high,en,Technical,Product,Performance,Guidance,Documentation,,,
Sicherheitsanomalie,"Es gab einen Versuch unberechtigten Zugriffs auf den Server für medizinische Daten. Es wird vermutet, dass dies auf veraltete Software zurückzuführen ist. Die Software wurde aktualisiert, ein Systemscan durchgeführt und die Passwortsicherheitsrichtlinien verstärkt worden.","Bestätigen Sie den Bericht über das Sicherheitsproblem. Überprüfen Sie den Vorgang, um sicherzustellen, dass die notwendigen Maßnahmen getroffen wurden und zukünftige Vorfälle vermieden werden.",Problem,Technical Support,high,de,Security,Bug,Performance,IT,Tech Support,,,
Hospital Systems Security Incident,"Customer Support, a security breach has exposed medical data due to outdated security protocols and unpatched software in hospital systems. Efforts to address the issue included updating security settings and running virus scans. We need your assistance in resolving this issue and providing guidance on how to enhance security measures to prevent future breaches.","We acknowledge the security breach in hospital systems and are ready to assist. For further guidance, please provide details on the breach and the steps taken so far. We are happy to guide you in enhancing security measures and resolving the issue. Let's schedule a call at your convenience to discuss this matter.",Incident,Technical Support,high,en,Security,Virus,IT,Tech Support,Performance,,,
"Kann ich Anleitungen zur Sicherung medizinischer Daten in einem PostgreSQL-Umfeld für Krankenhäuser erhalten? Es ist wichtig, dass Patientenakten geschützt sind.","Um medizinische Daten in einem PostgreSQL-Umfeld für Krankenhäuser sicher zu halten und sicherzustellen, dass Patientenakten geschützt sind, empfehlen wir, stillstehende Daten durch Verschlüsselung von Daten und Transaktionen zu schützen. SSL/TLS-Zertifikate sollten verwendet werden. Darüber hinaus sollten Sie Rollenbasierte Zugriffskontrolle einrichten, um den Zugriff auf autorisierte Personale zu beschränken. Regelmäßige Aktualisierungen und Patches des PostgreSQL-Systems sind notwendig, um Exploits zu vermeiden. Wir empfehlen auch die Verwendung von Web Application Firewalls, um SQL-Injection-Angriffe zu verhindern. Falls Sie weitere Hilfe benötigen, teilen Sie bitte Ihren aktuellen Standort mit, damit wir Ihnen besser helfen können.","Um medizinische Daten in einem PostgreSQL-Umfeld für Krankenhäuser sicher zu halten und sicherzustellen, dass Patientenakten geschützt sind, empfehlen wir, stillstehende Daten durch Verschlüsselung von Daten und Transaktionen zu schützen. SSL/TLS-Zertifikate sollten verwendet werden. Darüber hinaus sollten Sie Rollenbasierte Zugriffskontrolle einrichten, um den Zugriff auf autorisierte Personale zu beschränken. Regelmäßige Aktualisierungen und Patches des PostgreSQL-Systems sind notwendig, um Exploits zu vermeiden. Wir empfehlen auch die Verwendung von Web Application Firewalls, um SQL-Injection-Angriffe zu verhindern. Falls Sie weitere Hilfe benötigen, teilen Sie bitte Ihren aktuellen Standort mit, damit wir Ihnen besser helfen können.",Request,Technical Support,high,de,Backup,Security,IT,Tech Support,Performance,Documentation,,
,"Customer Support, seeking details on digital strategy services that can aid in brand growth. Would appreciate information on the services offered, including specific packages and pricing. Looking forward to your details as they will help in understanding how your services can assist in business growth. Thank you for your time and assistance. I look forward to hearing back soon.",I will send digital strategy services information and pricing details shortly.,Request,IT Support,low,en,Feedback,Sales,Tech Support,,,,,
Unexpected Denial of Medical Data Access Post-Update,"Access to medical data was suddenly restricted after a recent software update. I attempted to restart the servers and review the firewall settings, but the problem persists.",Could you please share the specific error message you are encountering along with your account information so that we can address the medical data access issue following the recent software update?,Incident,Product Support,medium,en,Technical,Security,Access,Update,Bug,Crash,Documentation,
Inquiry about Digital Strategies for Brand Growth,Could you provide details on digital strategies for brand growth? I would greatly appreciate any assistance in learning how to help my business grow.,I will provide details on digital strategies for brand growth to assist your business in expanding.,Request,Customer Service,medium,en,Feedback,Sales,Lead,,,,,
Erlangung von medizinischen Informationen,"Unvorhergesehen wurde der Zugriff auf Ihre medizinischen Informationen abgelehnt, da während einer Sicherheitsaktualisierung ein möglicher Fehler auftrat.","Ich werde den vorgefallenen Fehler im Zusammenhang mit Ihrem unerwarteten Zugriffsausfall auf medizinische Daten untersuchen, der möglicherweise auf einen Fehler bei einer Sicherheitsaktualisierung zurückzuführen sein könnte. Um Ihnen besser behilflich zu sein, bitte ich Sie, mir zusätzliche Details zum Fehlernachrichten, die Sie erhalten haben, zu geben. Zudem muss ich Ihre Kontoinformationen überprüfen. Könnten Sie mir einen Anruf zukommen lassen, um diese Angelegenheit für Sie zu klären?",Incident,Technical Support,high,de,Security,Breach,Feedback,Resolution,Incident,Login,,
Können weitere Details zu digitalen Marketingstrategien bereitstellen?,Bitte mehr Informationen zu den Dienstleistungen geben.,"Bereit, über digitalen Marketingstrategien zu sprechen. Könnten Sie mehr Details zu den spezifischen Dienstleistungen geben? Freuen uns, einen Anruf zu vereinbaren, der es bequem macht, die Informationen durchzugehen.",Request,Customer Service,low,de,Feedback,Documentation,IT,Tech Support,,,,
Inquiry on Digital Strategies for Brand Growth with Pro Tools and Docker,"Hello customer support, I am writing to seek information on digital strategies that can enhance brand growth through the use of Pro Tools and Docker integration. I am eager to understand how these tools can be leveraged to boost my business. Could you please share more details on this matter? It would be greatly appreciated if you could also suggest any available resources or guides. Thank you for your attention and assistance. I am looking forward to your response and hope to benefit from your advice.","Hello <name>, we are grateful for your interest in utilizing Pro Tools and Docker integration for brand growth. We are ready to provide you with guidance on digital strategies and can offer relevant resources. Kindly allow us to contact you at <tel_num> to discuss your needs in more detail and find the most suitable solution for you.",Request,Customer Service,high,en,Customer,Guidance,Strategy,Brand,Growth,Digital,Integration,Documentation
Welche Analyse-Tools sind mit Xero und Shopify vereinbar zur Verbesserung der Investitionen?,"Verschiedene Analyse-Tools, wie Google Analytics und Mixpanel, sind mit Xero und Shopify vereinbar, um die Effizienz der Investitionen zu verbessern. Es werden auch Optionen wie Hubspot und Salesforce in Betracht gezogen. Für eine genaue Empfehlung benötigen wir mehr Information.","Verschiedene Analyse-Tools, einschließlich Google Analytics und Mixpanel, sind mit Xero und Shopify vertraglich vereinbart, um die Effizienz der Investitionen zu verbessern. Es werden auch Optionen wie Hubspot und Salesforce in Betracht gezogen. Bitte geben Sie mehr Kontext für eine detaillierte Empfehlung.",Request,Technical Support,high,de,Technical,Product,Feedback,Analytics,Integration,Guidance,,
Project Management Services,Is it possible to provide more information on the billing options for your project management SaaS?,"'name', thank you for your interest in our project management SaaS. We would be happy to provide you with details on the billing options. We offer both monthly and annual subscription plans, with a discount for the annual plan. The cost is based on the number of users and the features required. We also provide a free trial period so you can test our services. Please provide us with information on your project requirements, the number of users, and the features needed, so we can provide you with an accurate quote. Alternatively, feel free to call us for a more convenient discussion.",Request,Billing and Payments,high,en,Billing,Payment,Product,Feature,,,,
Cassandra Crash Issue,The Cassandra 4.0 database has encountered a crash leading to data loss because of inadequate storage and poor setup.,"Dear <name>, We are sorry to learn that your Cassandra 4.0 database has crashed, which has caused data loss. To help you better, we require additional details regarding your current configuration and storage arrangement. Could you provide us with specifics about your disk space and configuration settings? Once we have this information, we can offer guidance on preventing future crashes and assist in recovering from the current data loss.",Incident,IT Support,high,en,Crash,Database,Bug,Hardware,Recovery,Guidance,Documentation,
Sicherheitsmaßnahmen für medizinische Daten,"Um die Sicherstellung der Medizindaten in unserem IT-System und an verbundenen Geräten, insbesondere in der Klinik, zu gewährleisten, werden erweiterte Sicherheitsprotokolle und Maßnahmen umgesetzt, um den unerlaubten Zugriff auf Patientendaten zu verhindern. Diese Maßnahmen umfassen die Anwendung von Verschlüsselungsmethoden, Firewalls und sicheren Authentifizierungsprotokollen. Zudem werden regelmäßig Sicherheitsprüfungen durchgeführt und Updates angebracht, um die Vertraulichkeit, Integrität und Verfügbarkeit der medizinischen Daten zu gewährleisten.","Sehr geehrte/r [Name], wir bedanken uns für Ihre Besorgnis hinsichtlich der Sicherheit medizinischer Daten. Wir nehmen die Sicherheitsfragen bezüglich der Patientendaten sehr ernst und haben verschiedene Maßnahmen eingeführt, um die Sicherstellung der medizinischen Daten in unseren Klinik-IT-Systemen und an verbundenen Geräten zu gewährleisten. Diese Maßnahmen umfassen die Anwendung von Verschlüsselungsmethoden, Firewalls und sicheren Authentifizierungsprotokollen. Zudem führen wir regelmäßig Sicherheitsprüfungen durch und stellen sicher, dass die Vertraulichkeit, Integrität und Verfügbarkeit der medizinischen Daten gewährleistet sind. Falls Sie spezielle Fragen oder Besorgnisse bezüglich unserer Sicherheitsprotokolle haben, freuen wir uns, Ihnen zu antworten.",Change,Technical Support,high,de,Security,IT,Tech Support,Maintenance,,,,
Data Security,Boost data encryption for Smart-Thermometer and hospital systems to safeguard patient medical information and shield it from unauthorized access.,We will reassess and introduce advanced data encryption for Smart-Thermometer and hospital systems to protect patient medical information and prevent unauthorized access.,Change,Customer Service,low,en,Security,Data,Encryption,Hospital,Patient,Information,Unauthorized,Access
Needs Attention for Inaccurate Investment Projections,"Respected Customer Care, I am contacting you to report an error with the investment forecasting service. The forecasts have been imprecise, which I believe could be due to obsolete models or data problems. After attempting to reboot the servers and examining the data sources, the issue still remains unresolved. I kindly ask you to investigate this problem and offer a prompt solution. These inaccurate predictions are affecting my ability to make educated investment choices. Although the data sources seem current, I am unsure if the models are incorporating the most recent data. Could you please inform me about the current status of this issue and when it is anticipated to be fixed? If you require any further details from me to address this matter, please let me know. I am looking forward to your response. Thank you for your support in resolving this. I am confident that with your assistance, we can restore the investment forecasting feature to its accurate state.","Esteemed <name>, I thank you for notifying us about the inaccurate investment forecasts. We will look into this matter and verify if our models are utilizing the most recent data. Could you please specify the exact dates and details of the forecasts that were incorrect? I may need to reach out to you for more information; would you be available for a call at your convenience, or can I schedule a call at <tel_num> if that works for you? I will update you on the status of this issue and the estimated timeline for resolution as soon as possible.",Problem,IT Support,medium,en,Technical,Customer,Billing,Product,Feedback,Resolution,Outage,Performance
Guidance on Integrating Subversion SaaS Solution,"Dear Support, I am reaching out to inquire about integrating the Subversion SaaS project management solution. Could you provide detailed information on the integration process, its benefits, necessary requirements, and any potential limitations? I would greatly appreciate any guidance on how to start the integration process. Additionally, could you specify the tools or plugins required for the integration? I am looking forward to hearing back and learning how Subversion can enhance our project management capabilities. Thank you for your assistance. I am excited about the potential impact on our team's productivity.","Hello, thank you for reaching out to our customer support team. We are happy to provide information on integrating the Subversion SaaS project management solution. The integration offers benefits such as version control and collaborative development. To get started, please provide us with details about your current setup and requirements. We will discuss the necessary tools and plugins. If needed, we can schedule a call at <tel_num> to discuss the integration process and answer any questions you may have. We look forward to assisting you in exploring the integration options. <acc_num>",Request,Customer Service,medium,en,Feature,Documentation,Feedback,Tech Support,,,,
Error,"Integration error with Adobe Sign due to conflicting Cassandra 4.0 updates. Services were restarted and API logs were checked, however, the issue persists.","Dear <name>, we apologize for the inconvenience caused by the integration error with Adobe Sign due to conflicting Cassandra 4.0 updates. We appreciate the steps you have taken so far, including restarting the services and reviewing the API logs. To further assist you, we kindly request additional details from the API logs if available. Additionally, we would like to know the exact versions of Cassandra and Adobe Sign you are currently using. These details will help us better understand the issue and provide an exact solution. If necessary, we can also arrange a call at <tel_num> to discuss the problem further and find a solution. Please provide us with a suitable time for the call. We will do our best to resolve the issue as soon as possible.",Problem,Technical Support,high,de,Technical,Integration,Bug,AdobeSign,Cassandra,Maintenance,Resolution,Documentation
Problem with Data Retrieval,"Hello Customer Support, We are contacting you to address an issue we are experiencing with our data retrieval. The process has become significantly slower and we are unable to identify the reason. We have already attempted to restart the servers and reviewed the logs, but the problem still continues. We suspect that the cause might be outdated software patches. We would be very grateful if you could look into this and provide a solution at your earliest convenience. Please inform us if additional details are needed from our side. Thank you for your understanding and assistance. Best regards, [Your Name]","Hello <name>, Thank you for your email regarding the data retrieval issue. We have noticed a slowdown in the process and are uncertain of the root cause. It has been addressed that you have already taken steps such as restarting the servers and reviewing the logs. To further investigate, could you please provide information on your current software versions and the timing of the last updates? This information will assist us in determining if outdated patches are the cause of the issue. If necessary, we may also need to schedule a call to discuss this further; please let us know a convenient time for you. Your patience is greatly appreciated as we work to resolve this matter as swiftly as possible. Best regards, <tel_num>",Problem,Technical Support,low,en,Technical,Bug,Performance,Resolution,Documentation,Follow-Up,,
,"Customer Support, please draw attention to the critical importance of implementing enhanced security protocols for the protection of medical data in our hospital's infrastructure. Security of medical data is of utmost importance, as a breach could have severe consequences. I would like to request that you take immediate action to implement robust security measures to protect sensitive medical information. This includes encrypting patient data, implementing firewalls, and conducting regular security audits. Additionally, providing staff with security training is essential.","Dear [name], thank you for your email regarding the importance of enhanced security protocols for the protection of medical data. We take the security of medical data very seriously and are committed to protecting sensitive information. We will review our current security measures and implement any additional protocols that are necessary, including data encryption and regular security audits. We will provide an update on our actions soon and appreciate your feedback. Please let us know a convenient time for a call to discuss this further.",Change,Technical Support,high,en,Security,Alert,IT,Tech Support,,,,
Problem with data analytics platform causing a crash,"The data analytics platform experienced a crash, which might be related to server overload.","I have noted your concern about the crash of the data analytics platform, which could be due to server overload. I will look into this matter and get back to you shortly.",Incident,Customer Service,high,en,Crash,Platform,Outage,Technical,Network,Bug,,
Concern About Data Breach in Medical Records Docker Storage,"Detected a data breach involving medical records stored in Docker. Despite implementing secure settings, issues continue to persist.",Received your email about the data breach concerning medical records stored in Docker. Assistance is needed as there are ongoing issues with securing the settings. It would be possible to call at your earliest convenience to discuss this matter further.,Incident,Technical Support,medium,en,Security,IT,Tech Support,,,,,
Incident Report,"There has been unauthorized access to sensitive medical data because of weak passwords and an outdated version of Express.js. Despite restarting the server and updating Ubuntu, the problem continues.","I have noted your incident report concerning the unauthorized access to sensitive medical data, which is a result of weak passwords and an outdated version of Express.js. Even though you have restarted the server and updated Ubuntu, the issue still remains unresolved. In order to delve deeper into this, could you kindly provide additional details about the current setup and any error messages you are encountering? Additionally, I would appreciate it if we could schedule a call to further discuss this matter at your convenience. Please inform me of a suitable time, and I will contact you at <tel_num>.",Incident,Technical Support,high,en,Incident,Security,Breach,Login,Technical,Documentation,,
Degradierter Schutz patientenbezogener Daten in den letzten Monaten,"Betreff: Kundensupport, in den letzten Monaten sind Patientendaten im Krankenhaus-IT-System kriminell ausgenutzt worden. Schwache Zugriffssteuerungen und veraltete Software sind die Hauptursachen. Trotz bisheriger Sicherheitsprotokolle und ersten Audits sind keine signifikanten Verbesserungen zu beobachten. Ich schreibe Ihnen, um Unterstützung bei der Identifizierung der Ursache des Problems und der Implementierung eines robusteren Sicherheitskonzepts zu erhalten, um sensible Patientendaten zu schützen. Ihre Ratschläge und Lösungsansätze in Kürze schätzen wir sehr.","Um Ihren Fall zu prüfen, kontaktieren Sie uns bitte unter <tel_num>, um die nächsten Schritte für die Lösung des Problems zu besprechen.",Problem,IT Support,high,de,Security,Feedback,IT,Tech Support,,,,
Support for Multilingual WordPress Setup Required,I am contacting you to seek assistance in adding Google Translate functionality to my WordPress site for multilingual support. My goal is to make my website accessible to a wider audience by offering content in several languages. Could you please give me detailed instructions or suggest plugins that can help me integrate this feature? I would greatly appreciate any support or materials you can provide to make my website more inclusive.,"Certainly, I can help you set up multilingual support for your WordPress site. I suggest using plugins like WPML or Polylang, which integrate well with Google Translate, allowing you to translate your site content into multiple languages and providing an easy way for visitors to switch between languages. For a detailed guide, I can share one with you or offer a callback at a convenient time to walk you through the process. If a phone call is preferred, please provide a suitable time and your phone number <tel_num> so I can reach you. Additionally, I can provide resources and guidance to ensure your website is inclusive and accessible to more users.",Request,IT Support,medium,en,Technical,Product,Guidance,Documentation,Multilingual,WordPress,Plugin,Support
Probleme bei der Zugriffsverwaltung auf medizinische Daten,"Sehr geehrte Kundenservice-Abteilung, wir haben ein Problem mit dem Zugriff auf unsere medizinischen Daten, das sich plötzlich während der Nacht eingestellt hat. Wir vermuten, dass es entweder eine Software-Inkonsistenz oder eine Fehlkonfiguration der Firewall ist. Wir haben bereits versucht, die Systeme neu zu starten, die Netzwerkverbindungen zu überprüfen und die Systemprotokolle zu durchsuchen, aber das Problem bleibt bestehen. Wir würden es sehr schätzen, wenn Sie sich mit dieser Angelegenheit beschäftigen und uns so schnell wie möglich mit einem Lösungsansatz versorgen könnten. Bitte geben Sie uns Bescheid, falls Sie zusätzliche Informationen benötigen. Wir freuen uns, von Ihnen bald zu hören. Vielen Dank für Ihre Unterstützung.","Wir bestätigen das Problem mit Ihrem Zugriff auf medizinische Daten und werden dringend ermitteln. Bitte geben Sie uns Ihre Kontoinformationen und ein geeignetes Zeitfenster für einen Rückruf an, um dies weiter zu besprechen.",Incident,IT Support,low,de,Technical,Security,Outage,Bug,Network,Resolution,Follow-Up,
Problem with Billing Discrepancy on Invoice,"A billing discrepancy has been noted on the latest invoice, possibly due to a miscalculation. After reviewing previous invoices, the issue seems to persist and requires your assistance to resolve.","Dear customer, we are here to help with the billing discrepancy on your latest invoice. To assist you further, could you please provide your account number, a copy of the invoice, or any other relevant information? We will review the matter and contact you to discuss the next steps in resolving the issue. We are available to discuss this further over a call if that is more convenient for you.",Problem,Billing and Payments,medium,en,Billing,Payment,Refund,Account,Feedback,,,
Security Support,Request for Improvement of Security Protocols for Medical Data Collection in Hospital IT Systems.,"Dear <name>, thank you for your request to improve security protocols for medical data collection in hospital IT systems. To better assist you, could you please provide more information on your current security setup and specific concerns? I look forward to discussing this further; a phone call would be convenient for moving forward with the next steps.",Change,Technical Support,high,de,Security,Feedback,IT,Tech Support,,,,
Forschung zur Wachstumsförderung durch digitale Strategien,"Sehr geehrte Kundenservice, ich würde gerne mehr über effektive digitale Strategien erfahren, die es Marketingagenturen bei der Förderung des Wachstums ihrer Klienten ermöglichen. Methoden wie soziale Medienmarketing, Inhalts Erstellung und Suchmaschinenoptimierung sind besonders hilfreich. Ich wäre sehr dankbar, wenn Sie zusätzliche Informationen oder Anleitungen zu diesem Thema bereitstellen könnten.","Sehr geehrter <name>, danke, dass Sie sich an unseren Kundenservice wenden und sich für digitale Strategien zur Wachstumsförderung interessieren. Soziale Medienmarketing, Inhalts Erstellung und Suchmaschinenoptimierung sind in der Tat wichtige und wirksame Werkzeuge, um das Wachstum von Klienten von Marketingagenturen zu fördern. Für eine individuelle Anleitung könnten wir mehr Informationen über Ihre spezifischen Ziele und Zielgruppe benötigen. Wenn Ihnen ein passendes Zeitfenster zur Verfügung steht, wären wir bereit, einen Termin für eine Beratung auszumachen. Bitte geben Sie uns eine geeignete Zeit für einen Anruf unter <tel_num> an.",Request,Customer Service,medium,de,Customer,Marketing,Guidance,Documentation,Feedback,,,
Investment Projections Mismatch Inquiry,"I have noticed an unexpected mismatch in the investment projections. This might be caused by an obsolete data analysis model. Despite performing manual calculations and verifying data sources, the discrepancy remains unresolved. I would greatly appreciate your help in addressing this concern.","I am investigating the investment projections mismatch issue you've brought to my attention. To provide better assistance, could you please share more details about the mismatch and the data sources involved? I will arrange a suitable time to discuss this further with you and work towards a resolution.",Incident,Customer Service,medium,en,Technical,Billing,Performance,Feedback,,,,
Support for Data Breach,A data breach has impacted medical data security.,"Dear [name], acknowledge receipt of your email regarding the data breach affecting medical data security. Recognize the severity of the issue and stand ready to assist further. Please provide details on the breach, the nature of the incident, and the steps taken so far. I need [acc_num] to address this matter. If necessary, let's schedule a call at a convenient time to discuss further. Please inform me of a suitable time to contact you at [tel_num].",Incident,General Inquiry,high,en,Security,IT,Tech Support,,,,,
SSD Data Synchronization Problem,"Facing data synchronization challenges with the Crucial MX500 1TB SSD in Evernote. These issues might stem from recent system updates or software conflicts. We have attempted to restart the devices and reinstall Evernote, but the problem remains unresolved. We need your help to resolve this issue and ensure smooth data synchronization.","Replied to the email regarding the SSD data synchronization problem with the Crucial MX500 1TB SSD and Evernote. I'm sorry to hear about the data synchronization issues, especially after trying to restart the devices and reinstalling Evernote. To better assist you, could you please provide details on the recent system updates and software changes you have made? Additionally, it would be helpful to know any exact error messages you are encountering. Let's schedule a call to discuss further.",Incident,Technical Support,low,en,Bug,Hardware,Performance,IT,Tech Support,,,
Unterstützung für Integration von Notion und DataRobot,"Welche Möglichkeiten bieten sich für die Integration von Notion und DataRobot innerhalb Ihres SaaS-Projektverwaltungstools? Ich interessiere mich für eine Lösung, die Notion und DataRobot miteinander verbindet, um die Projektleitung zu verbessern.","Sehr geehrter <name>,\n\nvielen Dank für Ihr Interesse an unseren Integrationsmöglichkeiten für Notion und DataRobot in unserem SaaS-Projektverwaltungstool. Wir bieten mehrere Möglichkeiten für eine effektive Integration. Unser Tool unterstützt die Verbindung zu Notion durch ein REST-Interface und verfügt über eine vordefinierte Integration mit DataRobot, die den Datenaustausch vereinfacht. Diese Integration ermöglicht es Ihnen, das maschinelles Lernmodell von DataRobot direkt in Notion einzubinden, um Ihre Projektleitung zu optimieren. Für detaillierte Informationen zum Einrichten dieser Integration, würde ich mich gerne mit Ihnen in Kontakt setzen, um den Prozess zu beleuchten. Wenn Sie Zeit für ein Gespräch am <tel_num> haben, teilen Sie mir bitte Ihre Verfügbarkeit mit, und ich werde mich umsetzen. Wir freuen uns, die Integration für Ihre <acc_num> zu besprechen.",Request,Technical Support,high,de,Customer,Integration,Feedback,Feature,Documentation,,,
Boost Digital Strategy Tools for Enhanced Brand Growth,"Request for enhancement of digital strategy tools for better integration. This will improve the efficiency of brand growth across the affected products, enabling better data analysis and decision-making. We believe an upgrade is necessary to stay competitive in the market. We appreciate your time and consideration on this matter.","<name>, thank you for reaching out with your request to enhance the digital strategy tools for improved integration. We appreciate your input and understand the importance of staying competitive in the market. Our team will review your request to assess the feasibility of an upgrade. We believe it would be beneficial to gather more specific information about the tools and products that would benefit from the enhancement. Could you please provide us with more details on your current digital strategy and the specific areas that could benefit from this enhancement?",Change,Product Support,high,en,Feature,Feedback,Product,Performance,Sales,,,
Unexpected Failure in Data Encryption Process Today,"I am contacting you to report an issue with our data encryption service. The encryption process failed unexpectedly. Despite restarting the servers and reviewing the settings, the problem continues. I suspect a software glitch or a configuration error might be causing this. Could you please look into this issue and provide a solution at your earliest convenience? Please inform me if you require additional details.","I have received your message about the data encryption issue and am investigating. To aid in the diagnosis, could you please provide the exact error message you are encountering and the current software version? If needed, a call might be scheduled for further discussion on your availability. Please let me know a suitable time.",Problem,Technical Support,high,en,Technical,Bug,Security,Crash,Resolution,Documentation,Feedback,
Enhancing Investment Portfolio Management Through Data Analytics,"I hope this message finds you well. I am writing to seek information on data analytics tools that can enhance the optimization of investment portfolios for financial organizations. Could you furnish me with details about the available tools and their capabilities? Additionally, I would value your insights on how to select the most suitable tool for our organization's requirements. I appreciate your assistance and look forward to your response. Kind regards.","Dear valued customer, thank you for your interest in our data analytics tools designed to optimize investment portfolios. We offer a diverse range of tools equipped with features like predictive modeling, risk assessment, and performance monitoring. To assist you in choosing the optimal tool for your organization, could you please share more information about your current portfolio management procedures and specific needs? I am more than willing to discuss this in greater detail and would be available for a call at a mutually convenient time to explore our offerings further. Please let me know a suitable time that works for you, and I will reach out at <tel_num> to proceed with the discussion.",Request,Technical Support,medium,en,Technical,Product,Feedback,Guidance,Documentation,,,
Enhancing Digital Strategies Today,"Customer Support, seeking advice to optimize digital strategies for a Seagate Expansion Desktop 6TB and Google Nest Wifi Router. Would appreciate insights and recommendations to better utilize these devices and enhance the digital experience. Specifically, interested in learning how to optimize storage and network performance. Thank you for your assistance, and I look forward to hearing from you soon.",Would be happy to help optimize your digital strategies. Please provide details on your current setup so I can offer the best guidance and recommendations to enhance your digital experience.,Request,Billing and Payments,high,en,Feedback,Performance,Network,IT,Tech Support,,,
Request for ClickUp Subscription Details,"Hello Customer Support, I am writing to request detailed information about billing cycles, payment options, and the various plans available with ClickUp subscriptions. I would greatly appreciate it if you could provide a breakdown of the different plans and their corresponding prices, as well as any discounts or promotions that might be available. Additionally, could you inform me about any additional fees associated with certain features or services? I look forward to your prompt response and appreciate your assistance. Thank you, [Your Name]","Hello [Your Name], thank you for your email. We would be happy to provide the requested information about ClickUp subscriptions. Please allow us to call at <tel_num> to discuss the available plans, prices, and any potential discounts or promotions. We will also be able to clarify any additional fees associated with specific features or services. Thank you for your time and we look forward to assisting you. Best regards, [Support Team Name]",Request,Billing and Payments,low,en,Billing,Payment,Refund,Subscription,Sales,Feedback,,
Report on Data Encryption Malfunction,"To customer support, I am contacting you to inform about an occurrence of encryption failure that has made personal health records visible. The problem might have been triggered by the deployment of legacy software. Despite my efforts to rectify the situation through server restarts and configuration checks, the issue still exists. I kindly request you to address this as soon as possible and offer a resolution to avoid similar issues in the future. Please contact me if more details are needed. Thank you for your help.","Hello <name>, we appreciate you bringing to our attention the data encryption malfunction issue. We are aware of the critical nature of this problem, particularly concerning health records. For a more comprehensive understanding, could you please share the specifics of the outdated software in use and the precise error messages encountered? Also, it would be beneficial to know the encryption software version and its last update date. We will swiftly pass this information to our technical team and endeavor to provide a timely solution to protect your data. Should you prefer, we can schedule a call at <tel_num>. Please advise your availability.",Incident,Product Support,medium,en,Technical,Security,Breach,Documentation,Incident,Resolution,Feedback,
Login Problem Inquiry to Support Team,"Respected Support Team, I am reaching out to inform you about a sudden login issue I have been experiencing. It might be due to an overload on the server. Despite my efforts to restart the server and verify the configuration, the problem continues. It would be greatly appreciated if you could look into this promptly and offer a resolution. Please inform me if you need any further details from me to resolve this issue. I look forward to your response and assistance. Thanks for your attention and help.","Respected <name>, we regret the inconvenience you have encountered with the login problem. We acknowledge your attempts to diagnose the problem by restarting the server and verifying the configuration. We will examine if server overload is a potential cause. To assist us in resolving the issue, please provide us with your <acc_num> and the precise error message you receive during login attempts. This information will aid us in understanding the problem and offering a precise solution. If necessary, we may need to contact you by phone at <tel_num> for further discussion. We appreciate your patience and cooperation and will work to resolve this as quickly as possible. We will contact you soon to update you on our investigation.",Incident,Technical Support,high,en,Login,Issue,Server,Configuration,Outage,Resolution,Feedback,
Customer Support Smart Products Inquiry,Could you share insights on digital strategies to promote Smart-Roboter-Rasenmäher? I am keen on learning a plan to reach our target audience and create engaging content around the product. Your assistance at this time would be greatly appreciated. Looking forward to your response soon.,We can provide information on digital strategies for Smart-Roboter-Rasenmäher. Please allow us to call you for a convenient time to discuss the details.,Request,Product Support,medium,en,Feedback,Product,Feature,Tech Support,,,,
Unterstützung für Mini-Beamer-Integration,"Sehr geehrte Customer Support-Team, ich möchte mich an Sie wenden, um mehr über die Möglichkeiten der Integration des Mini-Beamers mit Ihrem Projektmanagement SaaS zu erfahren. Könnten Sie mir bitte Details und Anleitungen zu verschiedenen Integrationsmöglichkeiten geben? Zudem wäre ich sehr dankbar für jegliche Ressourcen, die mir helfen, damit anzufangen. Ob es für die Integration bestimmte Anforderungen oder Einschränkungen gibt, möchten wir auch gerne wissen. Ich freue mich auf eine schnelle Rückmeldung. Vielen Dank für Ihre Mühe und Ihre Unterstützung. Ich freue mich darauf, von Ihnen zu hören.","Ich kann Ihnen die zur Mini-Beamer-Integration relevanten Informationen liefern, lassen Sie mich einen passenden Zeitpunkt zum Telefonat mit Ihnen vereinbaren, um die Details und Anforderungen zu besprechen. Wären Sie heute noch verfügbar, oder soll ich einen Termin für ein späteres Datum absagen?",Request,Service Outages and Maintenance,high,de,Customer,Integration,Documentation,Guidance,Training,,,
Guidance on Securing Medical Data in Oracle Database 19c,"Seeking advice on securing medical data in an Oracle Database 19c environment for a hospital setting. Could provide guidance on best practices and configurations to ensure the confidentiality, integrity, and availability of sensitive patient information?",Offering guidance on securing medical data in Oracle Database 19c. Please let us know a suitable time to call and discuss best practices and configurations.,Request,Returns and Exchanges,medium,en,Security,Documentation,IT,Tech Support,,,,
Revise Digital Marketing Techniques,"Customer Support, we are seeking to update our digital marketing strategies using advanced tools to enhance brand growth and improve marketing effectiveness across various platforms. While our current strategies are meeting our goals, we recognize the need to adapt to the changing market landscape. We would appreciate the opportunity to schedule a meeting with the team to discuss potential solutions and the implementation of new tools to improve our online presence. This will help us better engage with our target audience, increase brand awareness, and drive results.","We appreciate your email regarding the revision of digital marketing strategies to enhance brand growth and marketing effectiveness. We understand that while our current strategies are meeting our goals, there is a need to adapt to the changing market landscape. We would be happy to schedule a meeting with the team to discuss potential solutions and the implementation of new tools to enhance our online presence. Please provide us with the specific information about your current digital marketing strategies and the areas where you would like to see improvements.",Change,IT Support,medium,en,Feedback,Sales,IT,Tech Support,,,,
Issues with Synchronization between Smartsheet and JIRA,"Facing synchronization problems between Smartsheet and JIRA. It seems the issue might be due to differences in API versions. The team has attempted to reconnect the accounts and refresh authentication tokens, but the problem continues. I would greatly appreciate your assistance in resolving this matter as it is impacting our workflow. Could you please provide guidance on how to troubleshoot and resolve the issue? Additionally, I am willing to supply any further information or context necessary to resolve the problem.","Acknowledged the email regarding synchronization issues between Smartsheet and JIRA. It is noted that the team has tried reconnecting the accounts and refreshing the authentication tokens, but the issue still persists. To better assist you, I would like to request information on the API versions currently in use and any error messages received. Could you please provide specific error messages and details on the steps taken so far to troubleshoot the issue? This information will help me provide accurate guidance to resolve the problem.",Problem,Product Support,medium,en,Bug,Performance,IT,Tech Support,,,,
Optimization of Data Analytics with SAP ERP and MATLAB,"Hello customer support, I am contacting you to seek assistance with improving the integration of data analytics between SAP ERP and MATLAB for more precise investment forecasting. Our firm utilizes SAP ERP for our enterprise resource planning and MATLAB for data analysis. Despite this, we are encountering difficulties in seamlessly merging these systems to ensure accurate forecasting. Could you please inform me about any tools or services available for enhancing this integration? Additionally, I would appreciate any detailed information on this topic. I am looking forward to your response.","Hello <name>, we thank you for your inquiry regarding the optimization of data analytics integration with SAP ERP and MATLAB. We are here to assist you with overcoming this challenge. Could you please furnish us with more information about your current setup and the specific difficulties you are experiencing? I am willing to discuss potential solutions further with you. Could you arrange a call at a time that is convenient for you to address these issues, perhaps for account number <acc_num>?",Change,Technical Support,high,en,Technical,Product,Integration,Performance,Feedback,Guidance,Documentation,
Problem with Investment Analytics Dashboard,The dashboard is not updating correctly because the database schema is outdated.,Thank you for your email about the investment analytics dashboard problem. I will forward this to our technical team to update the database schema. We will be in touch soon to address the issue.,Incident,Customer Service,low,en,Technical,Product,Bug,Database,Dashboard,,,
Incident of Data Leakage in Medical Records System,We have encountered a data leakage event affecting the medical records within our hospital systems. The breach might have happened due to insufficient security measures. We have initiated preliminary evaluations and enhanced surveillance of the affected systems to prevent further harm.,"<name> will be drafting an acknowledgment email about the data leakage in the medical records system of <organization>. We take the protection of sensitive information very seriously and recognize the gravity of the situation. Our initial response is to assure our commitment to supporting this matter. We would like to request information on the breach, including its nature, timeline, and the events leading up to it, as well as the measures taken so far to contain and mitigate the damage. This will help us better understand the situation and provide effective assistance.",Incident,Customer Service,high,en,Security,Outage,Incident,Virus,,,,
Support for Data Analytics Tools,"Request for assistance in integrating data analytics tools with existing systems to enhance investment decision-making and improve reporting efficiency. Integration will enable us to make informed decisions and streamline reporting processes. I would greatly appreciate it if you could provide information on the available tools and the process for integrating systems. Additionally, I would like to know the estimated timeframe and cost of the integration. Please let me know the specific requirements and the steps needed to initiate the integration.","Received your request for data analytics support. We will proceed with the integration but need details on your existing systems. Could you please provide information on your current setup and requirements? We are able to provide details on the available tools, and we can discuss the estimated timeframe and cost of the integration. Once we have this information, we will be able to discuss the next steps. I would be available for a call at your convenience to discuss this further.",Change,IT Support,high,en,Feedback,IT,Tech Support,Performance,Documentation,,,
Anfrage zum Fehler im Medien-Daten-Verschlüsselungsprozess,"Sehr geehrte Kundenservice, ich schreibe Ihnen, um einen Fehler im Medien-Daten-Verschlüsselungsprozess zu melden. Die Verschlüsselung hat unerwartet fehlschlagen, und ich glaube, dass dies auf eine Software-Konfigurationsübereinstimmungsproblematik zurückzuführen sein könnte. Bislang habe ich versucht, die Server neu zu starten und nach Aktualisierungen zu suchen, aber das Problem behält sich bestanden. Ich würde mich sehr freuen, wenn Sie mir bei der Lösung dieses Problems helfen könnten. Bitte lassen Sie mich wissen, wenn Sie weitere Schritte benötigen, die ich unternehmen kann, oder ob Sie von mir weitere Informationen benötigen. Ich stehe Ihnen gerne zur Verfügung, um erforderliche Details zu geben oder dieses Thema weiter zu diskutieren. Vielen Dank für Ihre Zeit und Unterstützung. Ihr ehrlich, [Ihr Name]","Sehr geehrtes [name],<br><br>vielen Dank, dass Sie sich bei uns über das Problem mit dem Medien-Daten-Verschlüsselungsprozess gemeldet haben. Tut uns leid, dass die Verschlüsselung unerwartet fehlschlug. Wir sind hier, um Ihnen bei der Lösung dieses Problems zu helfen. Um Ihnen besser zu helfen, könnten Sie uns bitte mehr Informationen über die Software-Konfiguration und den genauen Fehlerhinweis geben, den Sie erhalten haben, zur Verfügung stellen. Diese Informationen werden uns helfen, die Ursache des Problems zu identifizieren. Falls nötig, können wir an einem gegebenen Tag telefonieren, um dies zu besprechen. Bitte geben Sie uns eine geeignete Zeit an [tel_num]. Wir werden uns bestreben, das Problem so schnell wie möglich zu lösen. Vielen Dank für Ihre Geduld und Zusammenarbeit.",Problem,IT Support,medium,de,Technical,Bug,Software,Encryption,Resolution,Feedback,,
Enhancement of Data Analytics with SAP ERP and MATLAB,"Hello customer support, I am reaching out to seek assistance in improving the integration of data analytics with SAP ERP and MATLAB to enhance investment forecasting precision. Our organization currently utilizes SAP ERP for managing enterprise resources and MATLAB for data analysis. Nonetheless, we are encountering difficulties in seamlessly merging these systems to ensure precise investment predictions. Could you furnish us with details on any tools or services that can aid in this integration? I am eager to receive more information regarding this. I look forward to your response.","Hello <name>, we thank you for your inquiry concerning the enhancement of data analytics integration with SAP ERP and MATLAB. We are equipped to assist with this challenge. Could you please elaborate on your current setup and the specific issues you are experiencing? I would be delighted to discuss this further with you. Would you be available for a call at your convenience to explore potential solutions for your <acc_num>? ",Change,Technical Support,high,en,Technical,Product,Integration,Analytics,SAP,MATLAB,Performance,Guidance
Problem with Project Management Platform,The project management platform has encountered a crash. There might be an incompatibility issue with the integrations of WeChat and Microsoft Teams. Steps already taken include restarting the server and reviewing Azure logs.,"Dear <name>,\n\nThank you for reaching out regarding the crash on your project management platform. We're sorry to learn that you're facing this issue and we appreciate the steps you've already taken, such as restarting the server and reviewing Azure logs.\n\nGiven the potential incompatibility with the WeChat and Microsoft Teams integrations, I would like to conduct a deeper investigation. Could you kindly furnish more details about the integrations, including their versions and any recent configuration changes?\n\nFor your convenience, I would like to arrange a call to discuss the issue further. When would be a convenient time for you? Please let me know and I can reach you at <tel_num> or any other preferred number. \n\nBest regards,\nService Desk Agent",Problem,Technical Support,high,en,Crash,Bug,Integration,Technical,Resolution,Follow-Up,Communication,
Request for Network Support,"I am facing difficulties in accessing medical data because of a network outage. I have already tried restarting the router, running a virus scan, and verifying the firewall settings, but the issue still persists. I believe it could be due to a router configuration mistake or a malware attack. Could you please provide assistance to resolve this problem?","I would be glad to help you with your network issue. Please provide your account number and a suitable time for me to call you back at your phone number. Additionally, if you could have the router model and any error messages you are encountering, it will be helpful when I contact you. Together, we will work to identify the cause and find a solution to get you back online as quickly as possible.",Incident,Service Outages and Maintenance,high,en,Network,Outage,Security,Virus,Router,Assistance,Problem,
Request for Documentation on Integrating Adobe Sign,Looking for detailed instructions on integrating the Adobe Sign project management SaaS solution. Could you outline the steps and requirements needed for a successful integration?,I can provide the necessary documentation for integrating Adobe Sign. Please allow me to send it via email. I would prefer a callback to discuss the steps and requirements in more detail.,Request,Product Support,low,en,Documentation,Feature,IT,Tech Support,,,,
Integrate AWS Monday,Can you provide insights on integrating AWS with Monday.com for advanced digital strategies? Thank you!,We can provide information on integrating AWS with Monday.com. Please give more details on your specific requirements for an tailored solution.,Request,Service Outages and Maintenance,high,de,Feature,IT,Tech Support,,,,,
Challenge with Campaign Engagement,"The recent digital campaign did not achieve the expected engagement. The issue might be due to ineffective targeting or content misalignment. Although we have adjusted the audience segments and improved the ad copy, we have not yet seen the desired improvement. We are seeking guidance on better aligning our content and targeting strategies to boost engagement. Could you provide us with some recommendations and insights to move forward?","I would be happy to help. Please provide more details about the campaign, and we can discuss the recommendations at your convenience.",Problem,Customer Service,medium,en,Feedback,Performance,Documentation,Sales,,,,